{
"type": "FeatureCollection",
"name": "cemaden_municipios",
"crs": { "type": "name", "properties": { "name": "urn:ogc:def:crs:EPSG::4674" } },
"features": [
{ "type": "Feature", "properties": { "codibge": "4211751", "municipio": "Otacílio Costa", "uf": "SC", "total_alertas": 1, "nivel_max": "alto", "nivel_max_label": "Alto", "tem_hidro": true, "tem_geo": false, "qtd_hidro": 1, "qtd_geo": 0, "tipos": "hidro", "cor": "#ef8b1e", "severity_group": "alto", "alertas": [ { "id": "2863", "municipio": "OTACÍLIO COSTA", "codibge": "4211751", "uf": "SC", "bacia": "", "tipo": "hidro", "tipo_raw": "Risco Hidrológico - Alto", "nivel_raw": "Alto", "severity_group": "alto", "severity_rank": 2, "latitude": -27.517305738999, "longitude": -49.971574035564, "created_at": "2026-09-29 11:45:04.406", "updated_at": "2026-10-01 06:31:16.158" } ], "updated_at": "2026-10-10T02:38:32.277319+00:00" }, "geometry": { "type": "Polygon", "coordinates": [ [ [ -50.071477462, -27.303616779 ], [ -50.073501015, -27.307117921 ], [ -50.070620329, -27.308278471 ], [ -50.070609271, -27.31065632 ], [ -50.067186272, -27.310048033 ], [ -50.066976719, -27.311661625 ], [ -50.064404742, -27.310274758 ], [ -50.063503371, -27.311922664 ], [ -50.06208772, -27.311690409 ], [ -50.062231497, -27.313581629 ], [ -50.058581774, -27.312508831 ], [ -50.063374678, -27.317991378 ], [ -50.060831162, -27.322351553 ], [ -50.057882244, -27.318320739 ], [ -50.055305319, -27.319946524 ], [ -50.050936711, -27.319316118 ], [ -50.053015947, -27.315998188 ], [ -50.04527411, -27.317977886 ], [ -50.041204116, -27.321638669 ], [ -50.035204193, -27.321450653 ], [ -50.032610678, -27.323811913 ], [ -50.026427522, -27.324968625 ], [ -50.024719534, -27.32347459 ], [ -50.023215406, -27.324967658 ], [ -50.018326989, -27.325266272 ], [ -50.016640375, -27.323529889 ], [ -50.018210861, -27.321859864 ], [ -50.008378729, -27.319050683 ], [ -50.014782334, -27.323441411 ], [ -50.015401681, -27.326128934 ], [ -50.017127005, -27.326593444 ], [ -50.018632914, -27.332479462 ], [ -50.022314035, -27.328628441 ], [ -50.025200634, -27.329059772 ], [ -50.023220936, -27.336326039 ], [ -50.021296537, -27.337255059 ], [ -50.024006179, -27.336945385 ], [ -50.02679324, -27.341590487 ], [ -50.026682643, -27.343448528 ], [ -50.024039359, -27.344167413 ], [ -50.033722184, -27.343083556 ], [ -50.033849372, -27.341253165 ], [ -50.037427206, -27.33958867 ], [ -50.04144743, -27.334910388 ], [ -50.044173664, -27.33532513 ], [ -50.041237296, -27.342287253 ], [ -50.044199094, -27.348627448 ], [ -50.041566324, -27.34903371 ], [ -50.037836416, -27.354455761 ], [ -50.03344569, -27.355854821 ], [ -50.031908383, -27.353797705 ], [ -50.03015541, -27.356258503 ], [ -50.031477052, -27.357574615 ], [ -50.030315776, -27.359836337 ], [ -50.030936419, -27.362393214 ], [ -50.028496445, -27.362999431 ], [ -50.030954091, -27.365872225 ], [ -50.028194186, -27.366874894 ], [ -50.032656191, -27.371989179 ], [ -50.026312141, -27.374999277 ], [ -50.026184953, -27.37392648 ], [ -50.024885431, -27.375541206 ], [ -50.023259644, -27.373218655 ], [ -50.019322368, -27.373616806 ], [ -50.019941715, -27.376425987 ], [ -50.014124277, -27.379390005 ], [ -50.012529435, -27.378708911 ], [ -50.014285925, -27.380267611 ], [ -50.013847784, -27.384178883 ], [ -50.009647836, -27.387626766 ], [ -50.013198022, -27.391779708 ], [ -50.015542693, -27.391923485 ], [ -50.016532540999989, -27.394754785 ], [ -50.014641321, -27.395927121 ], [ -50.017725447, -27.398018142 ], [ -50.014884637, -27.397967647 ], [ -50.012396189, -27.40070494 ], [ -50.011295743, -27.398161193 ], [ -50.006298378, -27.398263997 ], [ -50.006729227, -27.4018747 ], [ -50.00195577, -27.405145436 ], [ -49.996121743, -27.41347344 ], [ -49.994551179, -27.413936719 ], [ -49.992787785, -27.412695604 ], [ -49.990464294, -27.413701462 ], [ -49.986903427, -27.418627291 ], [ -49.980223328, -27.418140662 ], [ -49.979150018, -27.416927026 ], [ -49.984295518, -27.415093826 ], [ -49.989320665, -27.406632424 ], [ -49.987933768, -27.404000004 ], [ -49.986088098, -27.405597647 ], [ -49.983006222, -27.405381777 ], [ -49.977532805, -27.407785522 ], [ -49.97080554, -27.412388548 ], [ -49.969703807, -27.407386115 ], [ -49.965957124, -27.411320912 ], [ -49.964501301, -27.411055307 ], [ -49.961668137, -27.405404262 ], [ -49.956328482, -27.406869875 ], [ -49.955906441, -27.405500233 ], [ -49.958301841, -27.401991746 ], [ -49.956695057, -27.401721249 ], [ -49.956055159, -27.40425712 ], [ -49.954578904, -27.404191298 ], [ -49.954829588, -27.405749288 ], [ -49.951532517, -27.40773715 ], [ -49.950319512, -27.410638935 ], [ -49.948804609, -27.410404793 ], [ -49.946066972, -27.406478637 ], [ -49.947815192, -27.411765474999989 ], [ -49.951414041, -27.416109966 ], [ -49.948015549, -27.417728898999989 ], [ -49.941103724, -27.41695424 ], [ -49.942122968, -27.420341572 ], [ -49.946236075, -27.422971659 ], [ -49.945217755, -27.424536506 ], [ -49.937840741, -27.424316582 ], [ -49.935448906, -27.423123564 ], [ -49.935487533, -27.420522201 ], [ -49.929143737, -27.420412171 ], [ -49.9286886, -27.418082247 ], [ -49.93073408, -27.415423642 ], [ -49.927122561, -27.419308182 ], [ -49.925346874, -27.418853867 ], [ -49.92573408, -27.416847253 ], [ -49.924310469, -27.417437531 ], [ -49.922956246, -27.420493193 ], [ -49.925641487, -27.42382642 ], [ -49.923511858, -27.424583996 ], [ -49.919692408, -27.423331837 ], [ -49.919460763, -27.425239262 ], [ -49.917073202, -27.426643993 ], [ -49.918974821, -27.43132642 ], [ -49.918303524, -27.432715309 ], [ -49.915178524, -27.432645864 ], [ -49.912777923, -27.434829874 ], [ -49.907215562, -27.432159754 ], [ -49.906761473, -27.434409304 ], [ -49.908761166, -27.434875249 ], [ -49.910758821, -27.43759565 ], [ -49.910986707, -27.441371853 ], [ -49.906957667, -27.441350847 ], [ -49.906025768, -27.443566123 ], [ -49.904352986, -27.443302716 ], [ -49.905046131, -27.446372143 ], [ -49.900801913, -27.451407998 ], [ -49.90260828, -27.455287051 ], [ -49.898336037, -27.457310662 ], [ -49.897244128, -27.46016464 ], [ -49.892678525, -27.458048642 ], [ -49.892011858, -27.459659753 ], [ -49.89374334, -27.460770865 ], [ -49.891122969, -27.461881976 ], [ -49.891876056, -27.463548642 ], [ -49.888178525, -27.465770865 ], [ -49.892192765, -27.468404143 ], [ -49.893115975, -27.479308722 ], [ -49.894836204, -27.482185149 ], [ -49.893379152, -27.483544229 ], [ -49.888122858, -27.482970813 ], [ -49.893680083, -27.490193221 ], [ -49.893536821, -27.495444876 ], [ -49.892233218, -27.497140194 ], [ -49.889028834, -27.497905705 ], [ -49.885178525, -27.495916994 ], [ -49.879949897, -27.495228011 ], [ -49.865260775, -27.498643767 ], [ -49.860873789, -27.496778254 ], [ -49.860026726, -27.495194212 ], [ -49.855714352, -27.495537323 ], [ -49.849660614, -27.493674627 ], [ -49.850248816, -27.496526007 ], [ -49.848461169, -27.497856452 ], [ -49.850718397, -27.500724837 ], [ -49.851050154, -27.505217438 ], [ -49.847992687, -27.506628533 ], [ -49.848635331, -27.510790683 ], [ -49.844950569, -27.512896133 ], [ -49.845987566, -27.515850878 ], [ -49.843592723, -27.515605773 ], [ -49.843166048, -27.517885417 ], [ -49.83867311, -27.521257713 ], [ -49.840771662, -27.522635427 ], [ -49.841026941, -27.525640618 ], [ -49.839745453, -27.524502443 ], [ -49.832253133, -27.529191949 ], [ -49.831883954, -27.530465208 ], [ -49.834135218, -27.532492911 ], [ -49.831333053, -27.535763692 ], [ -49.834708823, -27.539107277 ], [ -49.829113642, -27.540005528 ], [ -49.830601755, -27.541529739 ], [ -49.824912053, -27.546786153 ], [ -49.825758957, -27.549993482 ], [ -49.821482335, -27.551268888 ], [ -49.814943344, -27.557982251 ], [ -49.812977621, -27.556503561 ], [ -49.81118135, -27.556799409 ], [ -49.807271142, -27.562677684 ], [ -49.801705261, -27.563598025 ], [ -49.790852702, -27.570366175 ], [ -49.785165394, -27.581229249 ], [ -49.778777948, -27.586052085 ], [ -49.775213263, -27.586283785 ], [ -49.771824071, -27.583629736 ], [ -49.763412924, -27.580863068 ], [ -49.765165675, -27.583529087 ], [ -49.763016393, -27.589450496 ], [ -49.757841417, -27.589736821 ], [ -49.755686834, -27.5914773 ], [ -49.757594552, -27.596679344 ], [ -49.754597166, -27.598606989 ], [ -49.753858844, -27.596011156 ], [ -49.750558365, -27.595660231 ], [ -49.746539322, -27.603655759 ], [ -49.7440459, -27.603910312 ], [ -49.738174058, -27.61400961 ], [ -49.734798251, -27.616589046 ], [ -49.735942767, -27.618185654 ], [ -49.732132364, -27.619261213 ], [ -49.736881891, -27.628773604 ], [ -49.738961774, -27.630696678 ], [ -49.742134432, -27.631149444 ], [ -49.740124578, -27.636076057 ], [ -49.740451388, -27.642792483 ], [ -49.737032866, -27.644117103 ], [ -49.739178031, -27.645304782 ], [ -49.739017246, -27.647606762 ], [ -49.73422304, -27.649275659 ], [ -49.733703407, -27.651496054 ], [ -49.730581434, -27.651258554 ], [ -49.730259583, -27.655285117 ], [ -49.73133634, -27.658010321 ], [ -49.733293219, -27.658936713 ], [ -49.734515752, -27.663967561 ], [ -49.735421621, -27.662004741 ], [ -49.738677885, -27.662743507 ], [ -49.739513252, -27.664470861 ], [ -49.737610486, -27.664444251 ], [ -49.740674543, -27.665277627 ], [ -49.742445042, -27.669044861 ], [ -49.744163488, -27.665789603 ], [ -49.745728408, -27.665502107 ], [ -49.746912437, -27.666238951 ], [ -49.745260657, -27.667746374 ], [ -49.746316724, -27.669150143 ], [ -49.748075174, -27.66681681 ], [ -49.751327514, -27.667933173 ], [ -49.756573383, -27.667463687 ], [ -49.759511623, -27.669734303 ], [ -49.760647002, -27.664903545 ], [ -49.764116217, -27.663749341 ], [ -49.762304032, -27.659604999 ], [ -49.765737644, -27.657873777 ], [ -49.770395403, -27.658942927 ], [ -49.770181657, -27.660062684 ], [ -49.774998551, -27.660332863 ], [ -49.774650889, -27.665026167 ], [ -49.777409572, -27.663088046 ], [ -49.779295496, -27.663948774 ], [ -49.779617426, -27.666592021 ], [ -49.78214462, -27.666067291 ], [ -49.782750196, -27.669312839 ], [ -49.786892617, -27.667567208 ], [ -49.787378315, -27.672230425999988 ], [ -49.789083454, -27.670590091 ], [ -49.792021034, -27.670245118 ], [ -49.792110383, -27.667404574 ], [ -49.795498738, -27.664600758 ], [ -49.796128737, -27.668134672 ], [ -49.799415204, -27.668244706 ], [ -49.798097462, -27.669852093 ], [ -49.800413674, -27.671235158 ], [ -49.800469544, -27.675366122 ], [ -49.804354015, -27.674562908 ], [ -49.801518928, -27.677546695 ], [ -49.805692203, -27.677381111 ], [ -49.805570611, -27.680169141 ], [ -49.807897003, -27.680531945 ], [ -49.808926375, -27.679302619 ], [ -49.809278082, -27.684616273 ], [ -49.811180488, -27.682330178 ], [ -49.812996971, -27.682153285 ], [ -49.812721829, -27.686933274 ], [ -49.815426131, -27.686200854 ], [ -49.81468812, -27.688176013 ], [ -49.818212144, -27.688821897 ], [ -49.81911124, -27.686688299 ], [ -49.821531608, -27.690907738 ], [ -49.822383766, -27.689145628 ], [ -49.820265584, -27.685841642 ], [ -49.823649137, -27.683426501 ], [ -49.826929667, -27.685915868 ], [ -49.825663668, -27.68789803 ], [ -49.827509583, -27.688069415 ], [ -49.829772258, -27.686127617 ], [ -49.834668634, -27.687235491 ], [ -49.833303436, -27.684443322 ], [ -49.839253051, -27.678584173 ], [ -49.834301118, -27.677175313999989 ], [ -49.834712574, -27.672035669 ], [ -49.84357256, -27.668085319 ], [ -49.850491337, -27.668570846 ], [ -49.856622236, -27.670904085 ], [ -49.86227722, -27.676053393 ], [ -49.862146827, -27.679756796 ], [ -49.864690494, -27.685153381 ], [ -49.863323461, -27.691510609 ], [ -49.864427635, -27.692181092 ], [ -49.872505885, -27.687449213 ], [ -49.87419177, -27.685225088 ], [ -49.870441676, -27.680057998 ], [ -49.871482324, -27.677192186 ], [ -49.875791688, -27.674625533 ], [ -49.877011065, -27.672370338 ], [ -49.882180509, -27.669982641 ], [ -49.885260849, -27.665297042 ], [ -49.885754626, -27.649639557 ], [ -49.888577791, -27.648251268 ], [ -49.890557426, -27.649496365 ], [ -49.890257022, -27.657176032 ], [ -49.892977544, -27.663225496 ], [ -49.900409742, -27.65811613 ], [ -49.902145774, -27.652723913 ], [ -49.909658182, -27.654803898 ], [ -49.916829924, -27.650851347 ], [ -49.918516135, -27.65123932 ], [ -49.919955651, -27.656858703 ], [ -49.910548397, -27.660087775 ], [ -49.907892513, -27.663066002 ], [ -49.905828921, -27.66897589 ], [ -49.909061936, -27.671801585 ], [ -49.919002413, -27.668343223 ], [ -49.925320054, -27.662766562 ], [ -49.929591068, -27.657638066 ], [ -49.930218796, -27.654594019 ], [ -49.937034791, -27.647756720999986 ], [ -49.945224239, -27.648843148 ], [ -49.94874847, -27.647286607 ], [ -49.948886342, -27.645564269 ], [ -49.944486577, -27.639879822 ], [ -49.944777134, -27.637912473 ], [ -49.946816478, -27.636973711 ], [ -49.955831177, -27.641027576 ], [ -49.955457985, -27.648508933 ], [ -49.952443182, -27.654752219 ], [ -49.953415425, -27.657388331 ], [ -49.958166813, -27.66016456 ], [ -49.963895414, -27.660954989 ], [ -49.970465481, -27.657951647 ], [ -49.976431227, -27.644697817 ], [ -49.979485338, -27.64348803 ], [ -49.987955311, -27.643678099 ], [ -49.991216569, -27.641827165 ], [ -49.99027902, -27.637588339 ], [ -49.985142497, -27.633143583 ], [ -49.981531278, -27.632548542 ], [ -49.976335261, -27.636387381 ], [ -49.97252662, -27.634480592 ], [ -49.973695938, -27.631265897 ], [ -49.983796059, -27.623462151 ], [ -49.985721121, -27.619206707 ], [ -49.989043312, -27.620513187 ], [ -49.993579823, -27.625244533 ], [ -49.997389407, -27.625617369 ], [ -50.000657062, -27.624354187 ], [ -50.005168395, -27.618494874 ], [ -50.009605174, -27.618654848 ], [ -50.007775962, -27.625001535 ], [ -50.003290059, -27.629997111 ], [ -49.996174648, -27.634992719 ], [ -49.995716563, -27.637947676 ], [ -49.998972924, -27.640913442 ], [ -50.00207632, -27.639038103 ], [ -50.005661611, -27.633350377 ], [ -50.007979453, -27.631937692 ], [ -50.016308305, -27.634042499 ], [ -50.021942707, -27.63397582 ], [ -50.023440355, -27.632531432 ], [ -50.023749337, -27.630643734 ], [ -50.020909812, -27.625003134 ], [ -50.014331478, -27.625632111 ], [ -50.012446367, -27.624032096 ], [ -50.01438308, -27.619404862 ], [ -50.021515311, -27.613971677 ], [ -50.020198618, -27.611834039 ], [ -50.015457555, -27.611391068 ], [ -50.013382047, -27.609850629 ], [ -50.013040331, -27.606535249 ], [ -50.014577001, -27.603499413 ], [ -50.027510777, -27.596926583 ], [ -50.029606642, -27.593315794 ], [ -50.02300905, -27.58720946 ], [ -50.017485577, -27.586175273 ], [ -50.013324423, -27.580976469 ], [ -50.012678563, -27.577575336 ], [ -50.018539446, -27.570324739 ], [ -50.021789978, -27.569081015 ], [ -50.027417068, -27.570706142 ], [ -50.03250711, -27.583266119 ], [ -50.041713501, -27.5850814 ], [ -50.047207122, -27.577428751 ], [ -50.048125852, -27.572831814 ], [ -50.053733399, -27.565609332 ], [ -50.05221061, -27.562429115 ], [ -50.046831589, -27.56276378 ], [ -50.044337233, -27.561350333 ], [ -50.04446424, -27.558612506 ], [ -50.046403023, -27.556549438 ], [ -50.049020991, -27.555616109 ], [ -50.052446883, -27.556998280999988 ], [ -50.05728254, -27.560564126 ], [ -50.061936509, -27.566941782 ], [ -50.064751111, -27.568253992 ], [ -50.071735841, -27.565355938 ], [ -50.075092035, -27.557920425 ], [ -50.077347822, -27.556813965 ], [ -50.080565759, -27.559198771 ], [ -50.080373352, -27.562609834 ], [ -50.077242203, -27.565734964 ], [ -50.077847876, -27.567202252 ], [ -50.081286613, -27.567879352 ], [ -50.088756048, -27.566521354 ], [ -50.100416467, -27.561025625 ], [ -50.101446358, -27.552642211 ], [ -50.098629826, -27.547367675 ], [ -50.093582177, -27.542320903 ], [ -50.099211571, -27.535693305 ], [ -50.104905425, -27.532432656 ], [ -50.114216674, -27.530180586 ], [ -50.113287593, -27.531685603 ], [ -50.115293436, -27.534591479 ], [ -50.124859937, -27.537751131 ], [ -50.139133738, -27.527883342999989 ], [ -50.132541383, -27.515339394 ], [ -50.139343273, -27.511937764 ], [ -50.139800464, -27.505884915 ], [ -50.1375817, -27.502694679 ], [ -50.128413768, -27.499190711 ], [ -50.126601895, -27.496425987 ], [ -50.12724947, -27.49304616 ], [ -50.130830107, -27.492511397 ], [ -50.135801909, -27.498172015 ], [ -50.143885936, -27.500857465 ], [ -50.150756147, -27.502767332 ], [ -50.153979294, -27.500971684 ], [ -50.154543857, -27.497384597 ], [ -50.152391034, -27.493429227 ], [ -50.144097513, -27.492589063 ], [ -50.143617176, -27.487690849 ], [ -50.154007291, -27.478083861 ], [ -50.159879253, -27.475034835 ], [ -50.160396877, -27.470595955 ], [ -50.156317918, -27.465542662 ], [ -50.156947707, -27.46395103 ], [ -50.165684327, -27.460158285 ], [ -50.178718679, -27.460481961 ], [ -50.181267805, -27.455337337 ], [ -50.180197927, -27.449073908 ], [ -50.182012914, -27.445574151 ], [ -50.174833979, -27.451740082 ], [ -50.173166427, -27.449134314 ], [ -50.177189883, -27.44863711 ], [ -50.175975074, -27.445761268 ], [ -50.17315074, -27.445380579 ], [ -50.175599458, -27.444685113 ], [ -50.174904865, -27.442955324 ], [ -50.171148942, -27.440615813 ], [ -50.168972071, -27.443960138 ], [ -50.167913953, -27.443681414 ], [ -50.168092941, -27.437566167 ], [ -50.167140502, -27.439920551 ], [ -50.16368, -27.440656561 ], [ -50.165152992, -27.43902311 ], [ -50.163797668, -27.437924117 ], [ -50.16500782, -27.435163994 ], [ -50.16805272, -27.43432589 ], [ -50.16505424, -27.432411838 ], [ -50.167352796, -27.431833479 ], [ -50.165829137, -27.430827143 ], [ -50.163033245, -27.432386923 ], [ -50.161630722, -27.43161833 ], [ -50.16156463, -27.426647506 ], [ -50.158243737, -27.429295761 ], [ -50.156478304, -27.425787424 ], [ -50.15934919, -27.425448889 ], [ -50.159968537, -27.423753182 ], [ -50.157728019, -27.423691434 ], [ -50.15821926, -27.422199797 ], [ -50.154660469, -27.422124678 ], [ -50.15787641, -27.418846098 ], [ -50.15685264, -27.417367558 ], [ -50.154113134, -27.418592876 ], [ -50.15338305, -27.417429857 ], [ -50.156959583, -27.415255279 ], [ -50.155268786, -27.415074975 ], [ -50.154376875, -27.41246313 ], [ -50.152660118, -27.41437596 ], [ -50.150334973, -27.414373231 ], [ -50.150779536, -27.411927546 ], [ -50.153757352, -27.411868224 ], [ -50.153166779, -27.410566466 ], [ -50.156752394, -27.411636765 ], [ -50.157279484999989, -27.407713317 ], [ -50.156235223, -27.408588213 ], [ -50.154173299, -27.406504144 ], [ -50.150588506, -27.407253444 ], [ -50.153782117, -27.405218801 ], [ -50.15225894, -27.401996375 ], [ -50.149257461, -27.40384497 ], [ -50.150531995, -27.400496913 ], [ -50.148086078, -27.402640994 ], [ -50.144897147, -27.402412904 ], [ -50.148219919, -27.398429728 ], [ -50.145845385, -27.398701489 ], [ -50.146132234, -27.395616537 ], [ -50.143623841, -27.394551397 ], [ -50.146361525, -27.393694985 ], [ -50.144577204, -27.39222339 ], [ -50.146734815, -27.389592818 ], [ -50.146404696, -27.383863414 ], [ -50.144300293, -27.382923059 ], [ -50.145905815, -27.382663168 ], [ -50.144587102, -27.382310033 ], [ -50.145600649, -27.378243818 ], [ -50.14491744, -27.377247627 ], [ -50.138647686, -27.379067629 ], [ -50.140808117, -27.376608786 ], [ -50.140254285, -27.373324758 ], [ -50.142616416, -27.373404722 ], [ -50.142975964, -27.372183514 ], [ -50.138455201, -27.371834053 ], [ -50.140710435, -27.369667032 ], [ -50.136760699, -27.369791581 ], [ -50.136385838, -27.367404793 ], [ -50.138471404, -27.364762574 ], [ -50.136964119, -27.363846117 ], [ -50.138701872, -27.363627787 ], [ -50.136954086, -27.362268429 ], [ -50.134348667, -27.363916896 ], [ -50.130130439, -27.359942442 ], [ -50.125761478, -27.36073072 ], [ -50.125496758, -27.358781464 ], [ -50.127590274, -27.358155091 ], [ -50.126436152, -27.357869214 ], [ -50.127010801, -27.350891033 ], [ -50.124768404, -27.351135361 ], [ -50.123154255, -27.348272287 ], [ -50.118694343, -27.348912081 ], [ -50.119315311, -27.347967466 ], [ -50.118107526, -27.347176409 ], [ -50.115900572, -27.347139377 ], [ -50.113923483, -27.350160949 ], [ -50.113918103, -27.346608747 ], [ -50.112042421, -27.348246818 ], [ -50.112672755, -27.345459699 ], [ -50.110467736, -27.345309216 ], [ -50.113444191, -27.341843071 ], [ -50.113450547, -27.341137909 ], [ -50.112531136, -27.342252448 ], [ -50.110648008, -27.341912736 ], [ -50.110622311, -27.339618931 ], [ -50.107933124, -27.338143685 ], [ -50.106575944, -27.340061807 ], [ -50.105040738, -27.339683506 ], [ -50.106343271, -27.338898367 ], [ -50.104859247, -27.339038303 ], [ -50.102868915, -27.340954511 ], [ -50.103285133, -27.339382874 ], [ -50.101790064, -27.338801409 ], [ -50.103573572, -27.338453288 ], [ -50.103263368, -27.336533132 ], [ -50.098214587, -27.333731452 ], [ -50.100996583, -27.332892572 ], [ -50.099032572, -27.3311877 ], [ -50.100468695, -27.331077575 ], [ -50.09957853, -27.329798764 ], [ -50.101760684, -27.32694287 ], [ -50.098381008, -27.327046126 ], [ -50.098218995, -27.324821354 ], [ -50.096849172, -27.324668519 ], [ -50.095174959, -27.328982925 ], [ -50.094013897, -27.329207435 ], [ -50.094053915, -27.327555315 ], [ -50.092222343, -27.32915895 ], [ -50.092119368, -27.327904939 ], [ -50.090373191, -27.329969799 ], [ -50.088850713, -27.320950997 ], [ -50.090260711, -27.317774252 ], [ -50.088298536, -27.315445724 ], [ -50.088993027, -27.30967588 ], [ -50.087934762, -27.307913281 ], [ -50.073407392, -27.303273926 ], [ -50.071477462, -27.303616779 ] ] ] } },
{ "type": "Feature", "properties": { "codibge": "4316907", "municipio": "Santa Maria", "uf": "RS", "total_alertas": 1, "nivel_max": "moderado", "nivel_max_label": "Moderado", "tem_hidro": false, "tem_geo": true, "qtd_hidro": 0, "qtd_geo": 1, "tipos": "geo", "cor": "#d6b52b", "severity_group": "moderado", "alertas": [ { "id": "2921", "municipio": "SANTA MARIA", "codibge": "4316907", "uf": "RS", "bacia": "", "tipo": "geo", "tipo_raw": "Movimentos de Massa - Moderado", "nivel_raw": "Moderado", "severity_group": "moderado", "severity_rank": 1, "latitude": -29.784754615488, "longitude": -53.823991695882, "created_at": "2026-10-08 10:37:17.226", "updated_at": "2026-10-08 10:37:17.226" } ], "updated_at": "2026-10-10T02:38:32.278196+00:00" }, "geometry": { "type": "Polygon", "coordinates": [ [ [ -53.701443726, -29.549493026 ], [ -53.695368948, -29.556237273 ], [ -53.687154608, -29.575897722 ], [ -53.672313586, -29.580691137 ], [ -53.655521817, -29.594176338 ], [ -53.630394572, -29.601334934999986 ], [ -53.627227319, -29.604728964 ], [ -53.636166687, -29.61042194 ], [ -53.644658593, -29.613570877 ], [ -53.648941398, -29.618868836 ], [ -53.650036645, -29.622821309 ], [ -53.642122204, -29.628089452 ], [ -53.641769346, -29.630926636 ], [ -53.638906128, -29.633175126 ], [ -53.638038483, -29.638147161 ], [ -53.630322123, -29.638163767 ], [ -53.621239729, -29.645293902 ], [ -53.618730215, -29.648826698 ], [ -53.623009057, -29.656050614 ], [ -53.627616757, -29.658567065 ], [ -53.627691507, -29.661269172 ], [ -53.632638957, -29.67073104 ], [ -53.614583328, -29.67055437 ], [ -53.604754134, -29.67767212 ], [ -53.592640626, -29.68033642 ], [ -53.586084423, -29.694702372 ], [ -53.556625715, -29.687686526 ], [ -53.551769055, -29.69978236 ], [ -53.544754599, -29.704071513 ], [ -53.544307109, -29.707033879 ], [ -53.547142574, -29.710328935 ], [ -53.547943999, -29.714038229 ], [ -53.545797456, -29.723252227 ], [ -53.534320029, -29.728404706 ], [ -53.533428338, -29.732277399 ], [ -53.534511247, -29.733540732 ], [ -53.532708549, -29.735520649 ], [ -53.535414589, -29.741226138 ], [ -53.534231143, -29.744495613 ], [ -53.529786346, -29.747280641 ], [ -53.534711849, -29.754697089 ], [ -53.531226732, -29.758090306 ], [ -53.525476529, -29.758792451 ], [ -53.520999145, -29.762305197 ], [ -53.520644153, -29.764464981 ], [ -53.518489112, -29.764826638 ], [ -53.518349513, -29.769600864 ], [ -53.517274747, -29.769638611 ], [ -53.517541153, -29.772215826 ], [ -53.519178122, -29.771773194 ], [ -53.519916177, -29.774566898 ], [ -53.519918652, -29.772641908 ], [ -53.521385564, -29.772285319 ], [ -53.521987966, -29.773716171 ], [ -53.523639619, -29.771185339 ], [ -53.525062489, -29.773088742 ], [ -53.527382606, -29.771975285 ], [ -53.526302375, -29.773592694 ], [ -53.52967867, -29.774697516 ], [ -53.525343115, -29.774812595 ], [ -53.525983845, -29.77704546 ], [ -53.527846156, -29.775318543 ], [ -53.528101636, -29.776810998 ], [ -53.52945837, -29.776594970000012 ], [ -53.529148958, -29.778093289 ], [ -53.534619, -29.778125014 ], [ -53.536656178, -29.78104586 ], [ -53.539366508, -29.780419097 ], [ -53.539713015, -29.781719194 ], [ -53.538166543, -29.782545604 ], [ -53.539390428, -29.784798152 ], [ -53.536489711, -29.787536414 ], [ -53.537270434, -29.789989381 ], [ -53.539651799, -29.788591887 ], [ -53.542937893, -29.79039365 ], [ -53.545113152, -29.790309153 ], [ -53.545638029, -29.788912939 ], [ -53.556443495, -29.790847925 ], [ -53.55705863, -29.793291991 ], [ -53.558871375, -29.793794751 ], [ -53.558011988, -29.797136741 ], [ -53.559917283, -29.807248237 ], [ -53.565180866, -29.81342746 ], [ -53.563188148, -29.815627183 ], [ -53.561406947, -29.824634058 ], [ -53.559767168, -29.824769995 ], [ -53.558315868, -29.829687303 ], [ -53.559904896, -29.829877205 ], [ -53.561055902, -29.832908348 ], [ -53.551001467, -29.827650517 ], [ -53.548751774, -29.831727948 ], [ -53.550815942, -29.840501861 ], [ -53.54975956, -29.842432203999987 ], [ -53.551064427, -29.844407867 ], [ -53.550078975, -29.850107817 ], [ -53.547299705, -29.854054309 ], [ -53.548255247, -29.859001362 ], [ -53.546404952, -29.860868151 ], [ -53.547655245, -29.865518156 ], [ -53.550151778, -29.865341275 ], [ -53.549348232, -29.867479035 ], [ -53.55817997, -29.861675127 ], [ -53.559644758, -29.863026863 ], [ -53.566880329999989, -29.862102686 ], [ -53.571320877, -29.863215944 ], [ -53.573789562, -29.866823336 ], [ -53.579699692, -29.870767345 ], [ -53.594663469, -29.871643177 ], [ -53.595055834999989, -29.872908231 ], [ -53.592804332999989, -29.874728068 ], [ -53.593682991, -29.875534551 ], [ -53.600440148, -29.871427144 ], [ -53.609091455, -29.871952815 ], [ -53.610447479, -29.875936014 ], [ -53.607793697, -29.878502764 ], [ -53.615352938, -29.880805534 ], [ -53.619079479, -29.879750956 ], [ -53.626350608, -29.880847053 ], [ -53.63432334, -29.886313595 ], [ -53.645417683, -29.889047484 ], [ -53.652763073, -29.892973097 ], [ -53.661518153, -29.893035751 ], [ -53.664656224, -29.897425378 ], [ -53.664562957, -29.90075283 ], [ -53.673432368, -29.904456769 ], [ -53.672459955, -29.906024116 ], [ -53.66872115200001, -29.906930303 ], [ -53.669324228, -29.909477169 ], [ -53.675752358, -29.914977272 ], [ -53.681568049, -29.916720591 ], [ -53.68339331, -29.919759378 ], [ -53.686039638, -29.921015915 ], [ -53.687052304, -29.924894666 ], [ -53.693633795, -29.925331198 ], [ -53.696966021, -29.922399438 ], [ -53.697465277, -29.920208126 ], [ -53.701397827, -29.91839476 ], [ -53.708203372, -29.92082539 ], [ -53.703068588, -29.928655508 ], [ -53.70308557, -29.930781481 ], [ -53.706841228, -29.931617488 ], [ -53.70785907, -29.935502602 ], [ -53.712035596, -29.937450486 ], [ -53.709158958, -29.943647323 ], [ -53.711763139, -29.951733871 ], [ -53.715937674, -29.951673574 ], [ -53.71972922, -29.954596273 ], [ -53.724610249, -29.954974936 ], [ -53.725938843, -29.958504763 ], [ -53.725422844, -29.965052623 ], [ -53.729744339, -29.965633752 ], [ -53.736240571, -29.961087304 ], [ -53.739335305, -29.961383169 ], [ -53.746657168, -29.973188643 ], [ -53.744478998, -29.975350769 ], [ -53.74583755, -29.97814634600001 ], [ -53.749358917, -29.979730791 ], [ -53.751472163, -29.982691234 ], [ -53.757654711, -29.98402095 ], [ -53.755553962, -29.985338115 ], [ -53.756672004, -29.986503519 ], [ -53.763659272, -29.986198225 ], [ -53.768532107, -29.984236821 ], [ -53.771174452, -29.988120561999988 ], [ -53.776057059, -29.989059694 ], [ -53.780797354, -29.993523182 ], [ -53.780112951, -29.995919392 ], [ -53.784242366, -30.002571704 ], [ -53.785677276, -30.001029157 ], [ -53.788647898, -30.002201486 ], [ -53.789488287, -29.999674379 ], [ -53.792279903, -30.000679753 ], [ -53.794327814, -30.004344006 ], [ -53.800422878, -30.005136702 ], [ -53.804376292, -30.00210864 ], [ -53.803453978, -29.997486137 ], [ -53.810184438, -29.995846166 ], [ -53.811782497, -29.996623417 ], [ -53.811703137, -29.999376975 ], [ -53.814014162, -30.000270021 ], [ -53.818638413, -29.996554514 ], [ -53.820544124, -29.998092751 ], [ -53.823709492, -29.997594726 ], [ -53.824491816, -30.000518905 ], [ -53.826720011, -30.001246279 ], [ -53.83006382, -29.997786683 ], [ -53.829543856, -29.994172853 ], [ -53.831346409, -29.992111263 ], [ -53.830522858, -29.990028586 ], [ -53.834257151, -29.987645924 ], [ -53.833844245, -29.985178097 ], [ -53.837980422, -29.986598817 ], [ -53.83986413, -29.985551989 ], [ -53.847075184, -29.988770906 ], [ -53.848139519, -29.986739556 ], [ -53.854784157, -29.986819648 ], [ -53.854124913, -29.988429895 ], [ -53.855909522, -29.989232553000011 ], [ -53.852961769, -29.992829005 ], [ -53.856773604, -29.993836450999989 ], [ -53.858781986, -29.991880006 ], [ -53.862127646, -29.99145876 ], [ -53.860294488, -29.993786755 ], [ -53.863904673, -29.995178412 ], [ -53.865507547999989, -29.994743109 ], [ -53.865385797, -29.992412609 ], [ -53.870474724, -29.994315191 ], [ -53.875892179, -29.992628629 ], [ -53.877216826, -29.98825198 ], [ -53.87952033, -29.988400248 ], [ -53.881011398, -29.98679767 ], [ -53.883298582, -29.987585446 ], [ -53.884840777, -29.985616616 ], [ -53.887204489, -29.985628585 ], [ -53.890683572, -29.983431296 ], [ -53.899109622, -29.988212839 ], [ -53.904983612, -29.983569585 ], [ -53.907840146, -29.982875193 ], [ -53.930173211, -29.988720108 ], [ -53.937571919, -29.987809094 ], [ -53.938694342, -29.985925131999984 ], [ -53.941105731, -29.985943372 ], [ -53.951482559, -29.990990348 ], [ -53.958818753, -29.988314509 ], [ -53.961334849, -29.988385636 ], [ -53.96278291, -29.990209199 ], [ -53.966622294, -29.987590527 ], [ -53.969243675, -29.98897318400001 ], [ -53.973585695, -29.985369331 ], [ -53.98732741, -29.986808417 ], [ -53.989202142, -29.985855966 ], [ -53.993179245, -29.987280649 ], [ -54.000492293, -29.985906925 ], [ -54.000623885, -29.983547929 ], [ -54.005025878, -29.984031361 ], [ -54.008209011, -29.981268965 ], [ -54.006718572, -29.976027835 ], [ -54.010470318, -29.973975307 ], [ -54.008465169, -29.971537968 ], [ -54.012777361, -29.970436152 ], [ -54.017579876, -29.965397349 ], [ -54.024829151, -29.965342056000011 ], [ -54.025209934, -29.963417796 ], [ -54.028216267, -29.962553872 ], [ -54.027395016, -29.95993704 ], [ -54.030687699, -29.957459134 ], [ -54.033483833, -29.95757302 ], [ -54.033615995, -29.953177929 ], [ -54.029112879, -29.94986917400001 ], [ -54.028882881, -29.939014170999986 ], [ -54.031370358, -29.930896433 ], [ -54.033920672, -29.929087975 ], [ -54.037012127, -29.920552284 ], [ -54.040129825, -29.917447955 ], [ -54.040252715, -29.913358146 ], [ -54.043402836, -29.912045439 ], [ -54.046655992, -29.907634991 ], [ -54.053359308, -29.906032013 ], [ -54.059864915, -29.89990173 ], [ -54.063899991, -29.899251545 ], [ -54.06683079, -29.89366258 ], [ -54.0677199, -29.885769013 ], [ -54.077206553, -29.875705169 ], [ -54.062476635, -29.873283843 ], [ -54.056739308, -29.874094132 ], [ -54.053594904, -29.870301498 ], [ -54.04234240000001, -29.868728351 ], [ -54.037595104, -29.864282612 ], [ -54.029648611, -29.870234974 ], [ -54.022611744, -29.865560098 ], [ -54.021379679, -29.86143536 ], [ -54.017071918, -29.858286006 ], [ -54.014929197, -29.854732661 ], [ -54.00210927, -29.849079707 ], [ -54.003195216, -29.844223462 ], [ -54.005184587, -29.841930779 ], [ -54.00539869, -29.834040202 ], [ -54.00073192, -29.831065625 ], [ -53.998423625, -29.826237163 ], [ -53.993416745, -29.823354582 ], [ -53.984863788, -29.821982987 ], [ -53.975223591, -29.81176014 ], [ -53.970618153, -29.812919863 ], [ -53.967395461, -29.819947896 ], [ -53.96285693, -29.819011197 ], [ -53.961126221, -29.808871471 ], [ -53.961874152999989, -29.804619106 ], [ -53.956664542, -29.802304332999988 ], [ -53.952070255, -29.802195051 ], [ -53.950513899, -29.798430454 ], [ -53.954562054, -29.796745209 ], [ -53.956077883, -29.799839284 ], [ -53.9577275, -29.800112015 ], [ -53.961075661, -29.798633308 ], [ -53.962850073, -29.794861568 ], [ -53.968414058, -29.796520064 ], [ -53.970959759, -29.792130847 ], [ -53.977031993, -29.793218677 ], [ -53.992248243, -29.789540562 ], [ -53.993665989, -29.788142878 ], [ -53.994067238, -29.784157139 ], [ -53.997928144, -29.783087142 ], [ -54.000518429, -29.784241847 ], [ -54.004504168, -29.77943577700001 ], [ -54.010719066999989, -29.778653342 ], [ -54.013536726, -29.773847272 ], [ -54.016193886, -29.773606522 ], [ -54.019033836, -29.769426846 ], [ -54.024811821, -29.767376019 ], [ -54.030857304, -29.770195907 ], [ -54.034731585, -29.774879373 ], [ -54.03773344, -29.774378359 ], [ -54.039234489, -29.77223113 ], [ -54.04257823, -29.770768801 ], [ -54.045509699, -29.7712569 ], [ -54.049054053, -29.768047726 ], [ -54.051279081, -29.77015865 ], [ -54.05919861, -29.773483711 ], [ -54.061840831, -29.772069891 ], [ -54.064251277, -29.772740252 ], [ -54.067139534, -29.768106561 ], [ -54.073729039, -29.763956029 ], [ -54.07994414, -29.764196717 ], [ -54.083732749, -29.765685417 ], [ -54.088599997, -29.76422346 ], [ -54.091648713, -29.759420841 ], [ -54.092047463, -29.753990337 ], [ -54.088299407, -29.753109407 ], [ -54.08882518, -29.74498344 ], [ -54.090546328, -29.742921123 ], [ -54.089320914, -29.741430322 ], [ -54.089862376, -29.735078831 ], [ -54.087347428, -29.730861128 ], [ -54.086402384, -29.724191977 ], [ -54.093934027, -29.718133211 ], [ -54.095822019, -29.713781923 ], [ -54.099897233, -29.710775385 ], [ -54.109753977, -29.70652384 ], [ -54.112536093, -29.702806633 ], [ -54.115250527, -29.702721139 ], [ -54.120072276, -29.700222749 ], [ -54.122989746, -29.697338622 ], [ -54.126752307, -29.697484493 ], [ -54.12963835, -29.692963475 ], [ -54.128634108999989, -29.689188822 ], [ -54.130051884, -29.686591942 ], [ -54.13202537, -29.686456577 ], [ -54.128267319, -29.68528849 ], [ -54.126724907, -29.682908321 ], [ -54.126270148, -29.681116199 ], [ -54.127903822, -29.678901678 ], [ -54.122260335, -29.676650746 ], [ -54.120623116, -29.672505998 ], [ -54.117201779, -29.671698041 ], [ -54.115405846, -29.673051027 ], [ -54.113330703, -29.669587685 ], [ -54.108197873, -29.667849032 ], [ -54.103903915, -29.662009278 ], [ -54.103879044, -29.657909048000011 ], [ -54.099978482, -29.656499287 ], [ -54.099042349, -29.65298162 ], [ -54.094537845, -29.648260367 ], [ -54.087870361, -29.648526576 ], [ -54.082038013, -29.647072443 ], [ -54.079775511, -29.644860856 ], [ -54.080570789, -29.64103617 ], [ -54.075579917, -29.638623156 ], [ -54.057405176, -29.639845657 ], [ -54.048511918, -29.638565451 ], [ -54.047172961, -29.637311045 ], [ -54.038116737, -29.638358645 ], [ -54.035024987, -29.635749581 ], [ -54.030871505, -29.63542223 ], [ -54.029594517, -29.636840700000011 ], [ -54.029042581, -29.635147488 ], [ -54.026997024, -29.635675677 ], [ -54.025889501, -29.63369568 ], [ -54.022693776, -29.635082869 ], [ -54.016662687, -29.632888834 ], [ -54.013426641, -29.634674555 ], [ -54.012871287, -29.636354412 ], [ -54.010447554, -29.635854835 ], [ -54.009165087, -29.637015995 ], [ -54.006467748, -29.637290408 ], [ -54.00443846, -29.635708121 ], [ -53.99761357, -29.63593100500001 ], [ -53.993847497, -29.634860935 ], [ -53.99472429, -29.633562779999988 ], [ -53.992987501, -29.631874777 ], [ -53.993970648, -29.630407028 ], [ -53.99109988, -29.631651833 ], [ -53.99177124, -29.629742927 ], [ -53.987653726, -29.625547609000012 ], [ -53.984881384, -29.62497175 ], [ -53.985702614, -29.622499947 ], [ -53.98362496, -29.623755501 ], [ -53.981922582, -29.622154865 ], [ -53.979325702, -29.622519856000011 ], [ -53.978859942, -29.603150573 ], [ -53.9799784, -29.600915209 ], [ -53.981806695, -29.600510405 ], [ -53.981487116, -29.598125066 ], [ -53.983646749, -29.597511884 ], [ -53.983441553, -29.59612615 ], [ -53.986076162, -29.594104723 ], [ -53.988813219, -29.588800309 ], [ -53.988771373, -29.584520478 ], [ -53.992003046, -29.584127372 ], [ -53.994675381, -29.581742204 ], [ -53.992637197, -29.578386084000012 ], [ -53.993098691, -29.576130716 ], [ -53.999872101, -29.567425973 ], [ -53.968260859, -29.567234532 ], [ -53.966701286, -29.571203646 ], [ -53.964918669, -29.572182931 ], [ -53.952312001, -29.575580136 ], [ -53.950151529, -29.578465343 ], [ -53.949633867, -29.583808621 ], [ -53.946578556, -29.586124162999987 ], [ -53.946842188, -29.591207915 ], [ -53.94251114, -29.596471987 ], [ -53.943842444, -29.602636072 ], [ -53.945739527, -29.605193564 ], [ -53.949301675, -29.606206286 ], [ -53.952142779, -29.603942936 ], [ -53.955748877, -29.606011021 ], [ -53.955829598, -29.607929025 ], [ -53.951764896, -29.610545657 ], [ -53.949485754, -29.609710318 ], [ -53.946208041, -29.611358164 ], [ -53.945532625, -29.60983686 ], [ -53.939721341, -29.607926295 ], [ -53.938933211, -29.60520053 ], [ -53.936984039, -29.605340355 ], [ -53.936000742, -29.601217044 ], [ -53.932229575, -29.602947307 ], [ -53.926554786, -29.598760099 ], [ -53.924640428, -29.602202547 ], [ -53.921838977, -29.600504878 ], [ -53.92308182, -29.599215524 ], [ -53.921777601, -29.598438008 ], [ -53.919141431, -29.60196024 ], [ -53.917716573, -29.599730143 ], [ -53.912497024, -29.602407102 ], [ -53.907968578, -29.60086406400001 ], [ -53.90659776, -29.604127096 ], [ -53.85917729, -29.610636679 ], [ -53.860006753, -29.60434144 ], [ -53.858023538, -29.601448837 ], [ -53.858336438, -29.594722719 ], [ -53.856064849, -29.592266418 ], [ -53.849844422, -29.594525737 ], [ -53.839431797, -29.593446304 ], [ -53.83552129, -29.600691214 ], [ -53.832443029, -29.601263839 ], [ -53.828128064, -29.618849357 ], [ -53.822921662, -29.621534524 ], [ -53.819893377, -29.621477221 ], [ -53.81590553, -29.625022604 ], [ -53.808166788, -29.63904544 ], [ -53.806131452, -29.641680355 ], [ -53.802082137, -29.643787198 ], [ -53.801158797, -29.645921195 ], [ -53.783448413, -29.642741362 ], [ -53.77470486, -29.650799182 ], [ -53.776279832, -29.654104595999989 ], [ -53.779345312, -29.655540532 ], [ -53.777966803, -29.657253205 ], [ -53.768903775, -29.657913421 ], [ -53.763701844, -29.655379155 ], [ -53.757590281, -29.655413228 ], [ -53.747463847, -29.646800516 ], [ -53.743417956, -29.649029162 ], [ -53.7385984, -29.648420725 ], [ -53.733765434, -29.644295535 ], [ -53.723921643, -29.641863979 ], [ -53.718410409, -29.644670685 ], [ -53.715223383, -29.644645837 ], [ -53.71116186, -29.639829535 ], [ -53.712211226, -29.637967087 ], [ -53.711814507, -29.632584038 ], [ -53.710534654, -29.631236239 ], [ -53.715892827, -29.621604271 ], [ -53.715849441, -29.617664074 ], [ -53.712309381, -29.615051925 ], [ -53.707017997, -29.613993857 ], [ -53.701732892, -29.607332362 ], [ -53.713587264, -29.602373207 ], [ -53.714649265, -29.599533728 ], [ -53.710597806, -29.591466061 ], [ -53.706694104, -29.593200446 ], [ -53.699239645, -29.586122646 ], [ -53.700304484, -29.584844903 ], [ -53.704912847, -29.584200264 ], [ -53.701921317999989, -29.581166868 ], [ -53.703340491, -29.577278169 ], [ -53.7072641, -29.575605266 ], [ -53.705959352, -29.570697385 ], [ -53.707416403, -29.566808718 ], [ -53.705122215, -29.567562355 ], [ -53.700692938, -29.565476595 ], [ -53.696872959, -29.561569732 ], [ -53.69742863, -29.559323735 ], [ -53.701455145, -29.557893911 ], [ -53.700676192, -29.556104992 ], [ -53.704247721, -29.556367398 ], [ -53.702588924, -29.554809283 ], [ -53.704217039, -29.553793484 ], [ -53.703161303, -29.551026929 ], [ -53.701443726, -29.549493026 ] ] ] } },
{ "type": "Feature", "properties": { "codibge": "4316808", "municipio": "Santa Cruz do Sul", "uf": "RS", "total_alertas": 2, "nivel_max": "moderado", "nivel_max_label": "Moderado", "tem_hidro": true, "tem_geo": true, "qtd_hidro": 1, "qtd_geo": 1, "tipos": "geo, hidro", "cor": "#d6b52b", "severity_group": "moderado", "alertas": [ { "id": "2922", "municipio": "SANTA CRUZ DO SUL", "codibge": "4316808", "uf": "RS", "bacia": "", "tipo": "hidro", "tipo_raw": "Risco Hidrológico - Moderado", "nivel_raw": "Moderado", "severity_group": "moderado", "severity_rank": 1, "latitude": -29.646641937602, "longitude": -52.407239344293, "created_at": "2026-10-08 12:57:42.414", "updated_at": "2026-10-08 12:57:42.414" }, { "id": "2923", "municipio": "SANTA CRUZ DO SUL", "codibge": "4316808", "uf": "RS", "bacia": "", "tipo": "geo", "tipo_raw": "Movimentos de Massa - Moderado", "nivel_raw": "Moderado", "severity_group": "moderado", "severity_rank": 1, "latitude": -29.646641937602, "longitude": -52.407239344293, "created_at": "2026-10-08 13:35:04.408", "updated_at": "2026-10-08 13:35:04.408" } ], "updated_at": "2026-10-10T02:38:32.278972+00:00" }, "geometry": { "type": "Polygon", "coordinates": [ [ [ -52.388973891, -29.376492701 ], [ -52.385923541, -29.375964564 ], [ -52.385756629, -29.377686053 ], [ -52.382872308, -29.378827339 ], [ -52.384343463, -29.380031338 ], [ -52.383626664, -29.380878268 ], [ -52.38090381, -29.38327568 ], [ -52.379558589, -29.382483968 ], [ -52.37714646, -29.384112934 ], [ -52.37876284, -29.384334169 ], [ -52.377678582, -29.385627245 ], [ -52.37892539700001, -29.385881717 ], [ -52.377916106, -29.386849616 ], [ -52.379337056, -29.388260592 ], [ -52.377665246, -29.388957278 ], [ -52.379166903, -29.390275368999987 ], [ -52.376791977, -29.392119803 ], [ -52.378167721, -29.392891233000011 ], [ -52.377232219, -29.395772444 ], [ -52.372913598, -29.397368948 ], [ -52.372210853, -29.400463152 ], [ -52.369960052, -29.400144404 ], [ -52.368895576, -29.402425168 ], [ -52.370499705, -29.403612055 ], [ -52.369564328, -29.407614605 ], [ -52.359165692, -29.416729209 ], [ -52.36023943, -29.418887009 ], [ -52.358533536, -29.420328486999988 ], [ -52.358998877, -29.422811969 ], [ -52.357083011, -29.423120817 ], [ -52.35714777, -29.425603181 ], [ -52.354928696, -29.425752868 ], [ -52.353010585, -29.428915833 ], [ -52.355525826, -29.430072902 ], [ -52.354630041, -29.432504757 ], [ -52.356433994, -29.432347288 ], [ -52.356846098, -29.43473877 ], [ -52.360405598, -29.435875408 ], [ -52.357362581, -29.440685588 ], [ -52.359061523, -29.444257204 ], [ -52.355741169, -29.44423696 ], [ -52.35472971, -29.442538398 ], [ -52.352637454, -29.443828397 ], [ -52.355171692, -29.450399555 ], [ -52.352612649, -29.452251849 ], [ -52.356044335, -29.453123787 ], [ -52.35225585, -29.454724293 ], [ -52.355123644, -29.458358573 ], [ -52.352413811, -29.462245601 ], [ -52.353566045, -29.463685101 ], [ -52.355690927, -29.462024727 ], [ -52.357007152, -29.463314492 ], [ -52.355257406, -29.46647412 ], [ -52.352887969, -29.467448825 ], [ -52.353488016999989, -29.469046769 ], [ -52.357979764, -29.469717771 ], [ -52.355004624, -29.473146653 ], [ -52.352671934, -29.471022811 ], [ -52.350930672, -29.472956631 ], [ -52.352421124, -29.475166819 ], [ -52.351568687, -29.477626488 ], [ -52.352877953, -29.480640453 ], [ -52.348635929, -29.486404136 ], [ -52.34963361, -29.487428471 ], [ -52.352307769, -29.487021856 ], [ -52.352494234, -29.489632809 ], [ -52.351812094, -29.49086208 ], [ -52.347934922, -29.490876493 ], [ -52.343827313, -29.499192097 ], [ -52.344213123, -29.499963094 ], [ -52.347767861, -29.498436589 ], [ -52.34684816, -29.503255479 ], [ -52.347877166, -29.504937987999984 ], [ -52.344206352, -29.50712995 ], [ -52.342550216, -29.505268762 ], [ -52.342279038, -29.509281841 ], [ -52.339571266, -29.511862836 ], [ -52.335028737, -29.511140463 ], [ -52.331653723, -29.516569362 ], [ -52.333712616, -29.522186413 ], [ -52.335931001, -29.523182906 ], [ -52.330084806, -29.525886367 ], [ -52.330637764, -29.529602087 ], [ -52.333779752, -29.533365934 ], [ -52.32838452, -29.536154409 ], [ -52.33092608, -29.538906306 ], [ -52.330466242, -29.54170614 ], [ -52.334726018, -29.55100371 ], [ -52.32867004, -29.552615013 ], [ -52.328727905, -29.554401792999986 ], [ -52.333142954, -29.555996085 ], [ -52.333782875, -29.558043219 ], [ -52.328192551, -29.5612116 ], [ -52.327481979, -29.564556402 ], [ -52.324795705, -29.564407463 ], [ -52.326397703, -29.566472393 ], [ -52.314449511, -29.665777608 ], [ -52.310954683, -29.666068934 ], [ -52.306125809, -29.669079313000012 ], [ -52.305295082, -29.671642563 ], [ -52.298844175, -29.674382225 ], [ -52.31185705, -29.678104527 ], [ -52.318778964, -29.684045159 ], [ -52.317281214, -29.690428176 ], [ -52.318495183, -29.696298773 ], [ -52.313596446, -29.704481527 ], [ -52.314401608, -29.707658531 ], [ -52.323926105, -29.713348593 ], [ -52.325981366, -29.713161305 ], [ -52.328465782, -29.716678339 ], [ -52.330924593, -29.717563765 ], [ -52.335392281, -29.729105593 ], [ -52.333173185, -29.737630248 ], [ -52.32269025, -29.748438656 ], [ -52.323596123, -29.751100923 ], [ -52.327079798, -29.753013814 ], [ -52.328404958, -29.755903227 ], [ -52.319134286, -29.761713316 ], [ -52.322012101, -29.767916363 ], [ -52.320039467, -29.768445117 ], [ -52.320280736, -29.772082068 ], [ -52.317287584, -29.778019040999986 ], [ -52.31621988, -29.778043514 ], [ -52.317579408, -29.783178447 ], [ -52.312772033, -29.78636509 ], [ -52.31099923, -29.790490431 ], [ -52.307637245, -29.790939002 ], [ -52.304496095, -29.808742468 ], [ -52.320049653, -29.809826562 ], [ -52.316048245, -29.814819563 ], [ -52.313932511, -29.82146886 ], [ -52.313084836, -29.827342137 ], [ -52.314149693, -29.83549976 ], [ -52.315303935, -29.836146331 ], [ -52.318806516, -29.835723521 ], [ -52.326000266, -29.840148164 ], [ -52.337094944, -29.83620374 ], [ -52.354455337, -29.837268051 ], [ -52.355783978, -29.839054843 ], [ -52.357196822, -29.837907782 ], [ -52.362288658, -29.837711942 ], [ -52.364401733, -29.83874791 ], [ -52.364445807, -29.837186305 ], [ -52.381680742, -29.838358857 ], [ -52.381180232, -29.842029989 ], [ -52.399847786, -29.839984505 ], [ -52.414010883, -29.857867471 ], [ -52.418370272, -29.858015153 ], [ -52.422729606, -29.860673618 ], [ -52.426241221, -29.859268425 ], [ -52.428368945, -29.860380193 ], [ -52.429319063, -29.865282685 ], [ -52.432389594999989, -29.865662926 ], [ -52.434463926, -29.867933733 ], [ -52.433987076, -29.870541126 ], [ -52.437617124, -29.874639117 ], [ -52.437187023, -29.878145457 ], [ -52.438484593, -29.880119502 ], [ -52.435718928, -29.882166378 ], [ -52.437469457, -29.898203821 ], [ -52.433720413, -29.900656678 ], [ -52.431339049, -29.906821695 ], [ -52.437329916, -29.908965428 ], [ -52.435760105, -29.913406683 ], [ -52.445505288, -29.921396299 ], [ -52.452971958, -29.924491068 ], [ -52.454244351, -29.9241566 ], [ -52.454711889, -29.921751434 ], [ -52.456524754, -29.921906703 ], [ -52.459262043, -29.925137821 ], [ -52.461149881, -29.920251472 ], [ -52.459012048, -29.918139544 ], [ -52.45812253, -29.914172441 ], [ -52.461606169, -29.910690348 ], [ -52.461363273, -29.902795115 ], [ -52.463151116, -29.898378043 ], [ -52.465711697, -29.897198296 ], [ -52.467805765, -29.899592921 ], [ -52.475333736, -29.902832918 ], [ -52.476938097, -29.9021797 ], [ -52.472313149, -29.899196043 ], [ -52.467578437, -29.893494214 ], [ -52.467617259, -29.889748301 ], [ -52.470505614, -29.888732983 ], [ -52.469185311, -29.883633508 ], [ -52.470731163, -29.885480401 ], [ -52.471548366, -29.88334122 ], [ -52.473432881, -29.884879101 ], [ -52.475294066, -29.882370125 ], [ -52.478240381, -29.882231345 ], [ -52.473724145, -29.881202182 ], [ -52.473912101, -29.878184995 ], [ -52.476793764, -29.878736827 ], [ -52.47844985, -29.875607925 ], [ -52.477160197, -29.873261646 ], [ -52.474191002, -29.873142579 ], [ -52.474746885, -29.870898625 ], [ -52.471698572, -29.868233275 ], [ -52.47162496, -29.866203927 ], [ -52.475681597, -29.865727687 ], [ -52.471056694, -29.863284034 ], [ -52.471008368, -29.861429957 ], [ -52.474138805, -29.859568451 ], [ -52.476286349, -29.859785364 ], [ -52.475192019, -29.855378399999985 ], [ -52.470762635, -29.855755615 ], [ -52.469690412, -29.854802455 ], [ -52.47421725, -29.852710879 ], [ -52.473975523, -29.84853022 ], [ -52.469994419, -29.843962655 ], [ -52.467753749, -29.843970958 ], [ -52.4639631, -29.840106249 ], [ -52.466764131, -29.838907615 ], [ -52.466359393, -29.837018729 ], [ -52.468455319, -29.838009039 ], [ -52.467961067, -29.835813355 ], [ -52.478404634, -29.83074236 ], [ -52.4750155, -29.828991367999986 ], [ -52.477553404, -29.828602122999989 ], [ -52.477405087, -29.827123904 ], [ -52.474609107, -29.826317777 ], [ -52.478255011, -29.826276832 ], [ -52.476883738, -29.820223304 ], [ -52.478705321, -29.81977346 ], [ -52.480887487, -29.816687691 ], [ -52.479363308, -29.815743848 ], [ -52.480761572, -29.815299024 ], [ -52.478655117, -29.812020513 ], [ -52.481968556, -29.812996649 ], [ -52.482377834, -29.811928012 ], [ -52.48465167, -29.812485356 ], [ -52.484773556, -29.810782942 ], [ -52.487920154, -29.810266068 ], [ -52.484296949, -29.808361114 ], [ -52.487108473, -29.803708511 ], [ -52.486949696, -29.801611427 ], [ -52.482326401, -29.797452689 ], [ -52.482591836, -29.795423606 ], [ -52.480586517, -29.793277351 ], [ -52.482176084, -29.788565693 ], [ -52.479440736, -29.786826848 ], [ -52.478169175, -29.78343526 ], [ -52.47773094, -29.777742413 ], [ -52.48063757, -29.775654403 ], [ -52.477568243, -29.770927979 ], [ -52.475132833, -29.76983651 ], [ -52.478274347, -29.762049003000012 ], [ -52.476145471, -29.758549216 ], [ -52.475418451, -29.750564723 ], [ -52.472370675, -29.748979996 ], [ -52.47343445, -29.747145936 ], [ -52.467845281, -29.745645421 ], [ -52.466986752, -29.747167024 ], [ -52.465967835, -29.744893081 ], [ -52.462968846, -29.743722712 ], [ -52.461117671, -29.739291481 ], [ -52.46302064, -29.737412237 ], [ -52.457917264, -29.737313203 ], [ -52.457353025, -29.736015913 ], [ -52.459140028, -29.734893028 ], [ -52.45599277, -29.733604256 ], [ -52.457573504, -29.732416922 ], [ -52.459803508, -29.734094388 ], [ -52.463459001, -29.734019606 ], [ -52.464442067, -29.732461584 ], [ -52.462926473, -29.730706803 ], [ -52.465943989, -29.730362971 ], [ -52.464225817, -29.719036845 ], [ -52.465835755, -29.717026067 ], [ -52.462768112, -29.715598754 ], [ -52.464761015, -29.714025378 ], [ -52.463906297, -29.711511593000012 ], [ -52.46853755, -29.707970854 ], [ -52.468470099, -29.70621844 ], [ -52.466438164, -29.705070171 ], [ -52.468327522, -29.700631764 ], [ -52.470777841, -29.69892106 ], [ -52.469581665, -29.697388321 ], [ -52.471101863, -29.696836725 ], [ -52.471693363999989, -29.694147542 ], [ -52.46687634, -29.687583235 ], [ -52.468655218, -29.685704239 ], [ -52.466796625, -29.683441338 ], [ -52.464875374, -29.6842868 ], [ -52.463832085, -29.683248262 ], [ -52.464262327, -29.676764427 ], [ -52.462274939, -29.672797942 ], [ -52.463346135, -29.667169394 ], [ -52.46435306, -29.665626952 ], [ -52.485522985, -29.665321159 ], [ -52.485512016, -29.651157177 ], [ -52.489742177, -29.642760117 ], [ -52.500645736, -29.642618631 ], [ -52.510465493, -29.621797623 ], [ -52.531148377, -29.621173982 ], [ -52.530785461, -29.599349687 ], [ -52.563973645, -29.599030003 ], [ -52.563634861, -29.584760165 ], [ -52.564994783, -29.584726157999985 ], [ -52.527608813, -29.562589448 ], [ -52.527790315, -29.564875335999986 ], [ -52.49181609, -29.564303157 ], [ -52.492096155, -29.561498417 ], [ -52.473331537, -29.561622381 ], [ -52.473359434, -29.560522269 ], [ -52.450377532, -29.549534277 ], [ -52.450376448, -29.545682765 ], [ -52.43858849, -29.53987051 ], [ -52.440030461, -29.537624482 ], [ -52.438427525, -29.537229978 ], [ -52.438401107, -29.533609644 ], [ -52.441567661, -29.533126298 ], [ -52.442018116, -29.529647762 ], [ -52.439754425, -29.52887187 ], [ -52.439177022, -29.525969427 ], [ -52.443807221, -29.526064912 ], [ -52.443966987, -29.523121228 ], [ -52.446025469, -29.522600059 ], [ -52.443767697, -29.520079504 ], [ -52.445073406, -29.518746818 ], [ -52.444704789, -29.515439561 ], [ -52.447469315, -29.515542406 ], [ -52.451162261, -29.509840772 ], [ -52.446668323, -29.501539617 ], [ -52.443848853, -29.501645871 ], [ -52.43773449, -29.49437215 ], [ -52.437481254, -29.486850877 ], [ -52.439550403, -29.477900793 ], [ -52.432217488, -29.475257769 ], [ -52.431667544, -29.473883287 ], [ -52.435659777, -29.470579055 ], [ -52.438152135, -29.460083016 ], [ -52.440052405, -29.458117286 ], [ -52.444768428, -29.458831814 ], [ -52.450631525, -29.451436098 ], [ -52.440955519, -29.436876719 ], [ -52.448407218, -29.431286504 ], [ -52.451022643, -29.423166413 ], [ -52.457196753, -29.41567831 ], [ -52.45053001, -29.411010652 ], [ -52.457240139, -29.399569822 ], [ -52.440305229, -29.399967199 ], [ -52.440696199, -29.384876671 ], [ -52.435092834, -29.379018333 ], [ -52.434511526, -29.376561723 ], [ -52.43215787, -29.378567574 ], [ -52.428351596, -29.376647082999988 ], [ -52.418152984, -29.379512625 ], [ -52.408122091, -29.375393332 ], [ -52.390458102, -29.375365193 ], [ -52.388973891, -29.376492701 ] ] ] } },
{ "type": "Feature", "properties": { "codibge": "4303004", "municipio": "Cachoeira do Sul", "uf": "RS", "total_alertas": 1, "nivel_max": "alto", "nivel_max_label": "Alto", "tem_hidro": true, "tem_geo": false, "qtd_hidro": 1, "qtd_geo": 0, "tipos": "hidro", "cor": "#ef8b1e", "severity_group": "alto", "alertas": [ { "id": "2840", "municipio": "CACHOEIRA DO SUL", "codibge": "4303004", "uf": "RS", "bacia": "", "tipo": "hidro", "tipo_raw": "Risco Hidrológico - Alto", "nivel_raw": "Alto", "severity_group": "alto", "severity_rank": 2, "latitude": -30.206239073065, "longitude": -52.986383798503, "created_at": "2026-09-27 09:29:29.097", "updated_at": "2026-10-08 13:15:17.255" } ], "updated_at": "2026-10-10T02:38:32.279636+00:00" }, "geometry": { "type": "Polygon", "coordinates": [ [ [ -53.07850645, -29.793619538000012 ], [ -53.0767903, -29.797924862 ], [ -53.073745412, -29.799467748 ], [ -53.06741264, -29.806304182 ], [ -53.058225694, -29.823415222 ], [ -53.048381663, -29.820203719 ], [ -53.039674278, -29.824018680999988 ], [ -53.031872138, -29.825090221 ], [ -53.032621762, -29.822240697 ], [ -53.029835063, -29.817362683 ], [ -53.02547341, -29.819275428 ], [ -53.016837873999989, -29.81852139 ], [ -53.010625513, -29.812609857 ], [ -53.003797346, -29.811289374 ], [ -52.999214882, -29.808549491 ], [ -52.990325524, -29.810619755 ], [ -52.985794072, -29.814652418000012 ], [ -52.981937344, -29.81618061 ], [ -52.975908506, -29.812370671 ], [ -52.9700487, -29.811693701 ], [ -52.969515048, -29.823984484 ], [ -52.972023095, -29.829030238 ], [ -52.964161278, -29.834069914 ], [ -52.948270397, -29.833017061 ], [ -52.937435173, -29.830526413 ], [ -52.93278348, -29.830688272 ], [ -52.927248121, -29.833271994 ], [ -52.923790196, -29.831422649 ], [ -52.92230198, -29.832703142999986 ], [ -52.919323304, -29.832385648 ], [ -52.918239538, -29.834536263 ], [ -52.910829439, -29.838374893 ], [ -52.905396383, -29.839646059 ], [ -52.899660145, -29.846093965 ], [ -52.892942423, -29.848098077 ], [ -52.89341699, -29.852361461 ], [ -52.8919104, -29.852523823 ], [ -52.894184805, -29.854812405 ], [ -52.893102851, -29.856069795 ], [ -52.895270391, -29.858579364 ], [ -52.894126312, -29.860962881 ], [ -52.894918527, -29.862145765 ], [ -52.892487082, -29.863189791 ], [ -52.89139075, -29.865456418 ], [ -52.886090662, -29.865596724 ], [ -52.885280241, -29.867082746 ], [ -52.881902446, -29.865810282 ], [ -52.882565239, -29.86698673 ], [ -52.879374011, -29.869028937 ], [ -52.878144741, -29.871672268 ], [ -52.8784395, -29.873730497 ], [ -52.870876957, -29.874529267 ], [ -52.871293994, -29.878861663 ], [ -52.870204747, -29.878604287000012 ], [ -52.867149786, -29.882639024999989 ], [ -52.866667012, -29.886056264 ], [ -52.864692356, -29.887824399 ], [ -52.866416813, -29.89087544 ], [ -52.865505626, -29.897556119 ], [ -52.863749167, -29.900330061 ], [ -52.860911646, -29.900550041 ], [ -52.861537603, -29.902869132 ], [ -52.85772978, -29.90590219 ], [ -52.85858569, -29.907030811 ], [ -52.851417154, -29.91052796200001 ], [ -52.852549971, -29.919655434 ], [ -52.849289396, -29.923651829 ], [ -52.849842354, -29.92726292 ], [ -52.844255949, -29.926883937 ], [ -52.837900772, -29.921093968 ], [ -52.831585539, -29.911855647 ], [ -52.81709086, -29.923155869 ], [ -52.808994581, -29.919275607 ], [ -52.801378541, -29.909590269 ], [ -52.787651638, -29.904874498 ], [ -52.776670801, -29.907289733 ], [ -52.771622084, -29.905818549 ], [ -52.76530662, -29.907829697 ], [ -52.741341051, -29.904739357 ], [ -52.736543009, -29.906182698 ], [ -52.72336867, -29.904120177 ], [ -52.711851621, -29.908815871 ], [ -52.710151624, -29.913529326 ], [ -52.70454662600001, -29.918920639 ], [ -52.706711027, -29.930382765 ], [ -52.704624072, -29.93197414 ], [ -52.707360156, -29.938337486 ], [ -52.706136487, -29.940284608 ], [ -52.709087833, -29.943479532 ], [ -52.706242806, -29.947596288 ], [ -52.708984064, -29.949989086 ], [ -52.709647258, -29.952141415999989 ], [ -52.708416798, -29.953962208 ], [ -52.710090856, -29.957021015 ], [ -52.704903518, -29.96524408 ], [ -52.702686652, -29.974222297 ], [ -52.70006581, -29.976310717 ], [ -52.698223566, -29.975899261 ], [ -52.696695517, -29.977615062 ], [ -52.694592236, -29.97759153 ], [ -52.693829233, -29.978645603 ], [ -52.695289547, -29.982195852 ], [ -52.69016843, -29.983280624 ], [ -52.68473494, -29.98627698300001 ], [ -52.682059781, -29.990227075 ], [ -52.687479844, -29.996151295 ], [ -52.68668902, -29.999379716 ], [ -52.682688219, -29.999222495 ], [ -52.674904363, -29.995003413 ], [ -52.66665147, -29.988472777 ], [ -52.663485333, -29.988011345 ], [ -52.654856753, -29.991841685 ], [ -52.643706679, -29.994542386 ], [ -52.61074448, -30.020389139 ], [ -52.60542386, -30.026702528 ], [ -52.607156429, -30.033069782 ], [ -52.610055512, -30.028828744999984 ], [ -52.614201309, -30.026319009 ], [ -52.618802532, -30.027585931 ], [ -52.628982712, -30.025924526 ], [ -52.630328263, -30.027369054 ], [ -52.634120591, -30.026475835 ], [ -52.635471524, -30.024808581 ], [ -52.638962643, -30.025766541 ], [ -52.640074431, -30.024219433 ], [ -52.647431023, -30.02575553 ], [ -52.650720227, -30.0229544 ], [ -52.655923229, -30.024515733 ], [ -52.6566911, -30.026925522 ], [ -52.660921342, -30.026291251 ], [ -52.662195406, -30.024987329 ], [ -52.665700231, -30.025405345 ], [ -52.667967953, -30.033287205 ], [ -52.670415414, -30.034800212 ], [ -52.669815374, -30.037106805 ], [ -52.673124129, -30.040678651 ], [ -52.67272648, -30.044061545 ], [ -52.690737569, -30.06121266000001 ], [ -52.689374183, -30.064092608 ], [ -52.686916412, -30.064935787 ], [ -52.689404855, -30.070816211 ], [ -52.685969046, -30.072583155 ], [ -52.682945362, -30.072279606 ], [ -52.681438257, -30.076033831 ], [ -52.675431352, -30.079072613 ], [ -52.677285929, -30.081966759 ], [ -52.675698874, -30.084530407 ], [ -52.676439341, -30.087506238 ], [ -52.677655139, -30.087508553 ], [ -52.677286694, -30.090171059 ], [ -52.681127786, -30.093803094 ], [ -52.680013608, -30.100513361 ], [ -52.68246401, -30.104442562 ], [ -52.675187941, -30.113041786 ], [ -52.672642466, -30.11397939 ], [ -52.67309358, -30.11555246 ], [ -52.67078589, -30.117092231 ], [ -52.672302633, -30.120844397 ], [ -52.669571225, -30.121545546 ], [ -52.669341347, -30.124603571 ], [ -52.670786112, -30.124513572 ], [ -52.672630587, -30.126660853000011 ], [ -52.673191267, -30.129279499 ], [ -52.675627924, -30.131158524 ], [ -52.674628562, -30.132006207 ], [ -52.675929758, -30.13435992 ], [ -52.673805063, -30.135146637 ], [ -52.673598115, -30.136961996 ], [ -52.668469561, -30.137905856 ], [ -52.667075997, -30.139731713 ], [ -52.662013128, -30.141407471 ], [ -52.665318145, -30.14317016 ], [ -52.665349117, -30.146266893999986 ], [ -52.668930679, -30.149714457 ], [ -52.669740076, -30.153215941 ], [ -52.668637101, -30.156114471 ], [ -52.67216981, -30.161847013 ], [ -52.670006643, -30.171870187 ], [ -52.671613162, -30.175331024 ], [ -52.669070844, -30.177841556 ], [ -52.668477407, -30.181819463 ], [ -52.669032567, -30.187716652 ], [ -52.666705245, -30.190811968 ], [ -52.660596427, -30.192918926 ], [ -52.658870287, -30.195534982 ], [ -52.654589745, -30.19711826 ], [ -52.652989361, -30.200244221 ], [ -52.653843962, -30.205063082 ], [ -52.661688110999989, -30.214625548 ], [ -52.662112301, -30.222502071 ], [ -52.669098082, -30.228535953 ], [ -52.67001205, -30.234882308 ], [ -52.667495351, -30.240147558 ], [ -52.667841278, -30.241692499 ], [ -52.671225231, -30.243785997 ], [ -52.669910959, -30.247943257 ], [ -52.671929409, -30.25122336 ], [ -52.671220851, -30.256849719 ], [ -52.681593583, -30.264649913 ], [ -52.688359261, -30.272691033 ], [ -52.686562758, -30.278661937 ], [ -52.690266386, -30.282478178 ], [ -52.688901768, -30.291062744 ], [ -52.691666592, -30.294611588 ], [ -52.689392724, -30.300967374 ], [ -52.69072918, -30.303744297 ], [ -52.686424696, -30.310157254 ], [ -52.687509978, -30.318987303 ], [ -52.684527008, -30.32324516 ], [ -52.686714103, -30.330630548 ], [ -52.690271875, -30.33538876 ], [ -52.688297441, -30.338547399 ], [ -52.689487188, -30.342064249 ], [ -52.695869151, -30.343940032999988 ], [ -52.702465273, -30.351044361 ], [ -52.706876666, -30.350960886 ], [ -52.70676563, -30.353708894 ], [ -52.713742394, -30.360451150999985 ], [ -52.713577681, -30.365564417 ], [ -52.719520155, -30.368104893 ], [ -52.723120701, -30.362186415 ], [ -52.726640313, -30.360794776 ], [ -52.749724235, -30.362557188 ], [ -52.760286353, -30.35025511 ], [ -52.764677138, -30.341784075 ], [ -52.770564465, -30.34132093 ], [ -52.776544395, -30.338675662 ], [ -52.787952318, -30.34248349 ], [ -52.791049274, -30.34132789 ], [ -52.79320886, -30.332220058 ], [ -52.792289368, -30.317063225 ], [ -52.788980323, -30.308641738 ], [ -52.79063481, -30.302264861 ], [ -52.796034697, -30.305242403 ], [ -52.795598098, -30.307788223 ], [ -52.797812591, -30.31085991 ], [ -52.796243075, -30.311416422 ], [ -52.795964851, -30.313677776999988 ], [ -52.798356045, -30.319833069 ], [ -52.80254311, -30.324645519 ], [ -52.807263123, -30.325673573 ], [ -52.807827318, -30.331120227 ], [ -52.811012936, -30.335228775 ], [ -52.818095747, -30.335532887 ], [ -52.818439337, -30.334287681 ], [ -52.819964934, -30.334898549 ], [ -52.821607944, -30.333175286 ], [ -52.823499628, -30.334393724 ], [ -52.824901662, -30.333510681 ], [ -52.827555315, -30.334063042 ], [ -52.830493182, -30.338004752 ], [ -52.832435817, -30.338539833 ], [ -52.838546326, -30.334541725 ], [ -52.842541415, -30.336263808 ], [ -52.84348058, -30.338205922 ], [ -52.840904907, -30.343552498 ], [ -52.84158639, -30.345475203 ], [ -52.843377512, -30.346440822 ], [ -52.847692208, -30.34117267 ], [ -52.851349343, -30.342034646 ], [ -52.852715552, -30.34447833 ], [ -52.85061603, -30.347559037 ], [ -52.86219811, -30.358577685 ], [ -52.864040228, -30.355527932 ], [ -52.866508176, -30.354753819 ], [ -52.863687907, -30.350551445 ], [ -52.869642333, -30.350133129 ], [ -52.86403003, -30.344525689 ], [ -52.865249316, -30.341072728999986 ], [ -52.867207682, -30.340714489 ], [ -52.870434396, -30.342752879 ], [ -52.875220767, -30.342023852 ], [ -52.87771137, -30.344148635 ], [ -52.874746894, -30.349171464 ], [ -52.880724514, -30.35172933 ], [ -52.884283522, -30.360930035 ], [ -52.883280937, -30.362467443 ], [ -52.879876346, -30.359619677 ], [ -52.878007187, -30.361247028 ], [ -52.877968626, -30.371184534 ], [ -52.880072442, -30.37171399 ], [ -52.88430615, -30.368833245 ], [ -52.885263503, -30.369912044 ], [ -52.884003172, -30.373159184 ], [ -52.884694971, -30.375638273 ], [ -52.879510854, -30.375891579 ], [ -52.877636706, -30.377289774999987 ], [ -52.878877045, -30.379737523 ], [ -52.882921013, -30.382322001 ], [ -52.878032816, -30.386331734 ], [ -52.874757134, -30.386887136 ], [ -52.882927874, -30.397723049 ], [ -52.88314522, -30.407428189 ], [ -52.881754767, -30.410625462 ], [ -52.872928131, -30.41441177 ], [ -52.870348675, -30.414347994 ], [ -52.870168627, -30.418412454 ], [ -52.872905629, -30.419901783 ], [ -52.883560463, -30.420687819 ], [ -52.876545892, -30.426505705 ], [ -52.883320216, -30.433372685 ], [ -52.884275468, -30.437705729 ], [ -52.890285226, -30.436170415 ], [ -52.892689401, -30.437609607999985 ], [ -52.887991355, -30.441438159 ], [ -52.888838107, -30.448568108 ], [ -52.891967326, -30.450275054 ], [ -52.889214796, -30.454737974 ], [ -52.891299137, -30.457425482 ], [ -52.888496082, -30.457695673 ], [ -52.886207635, -30.46105758 ], [ -52.887135394, -30.463993234 ], [ -52.885830479, -30.464826324 ], [ -52.888824663, -30.469661968 ], [ -52.886376488, -30.471477465 ], [ -52.888737607, -30.475127051 ], [ -52.884836036, -30.476885028 ], [ -52.887852897, -30.482867264 ], [ -52.883887756, -30.484599408 ], [ -52.883406166, -30.487643872 ], [ -52.885096442, -30.493785268 ], [ -52.889112447, -30.496317038 ], [ -52.887007316, -30.500697884 ], [ -52.888063576, -30.503724811 ], [ -52.893953127, -30.504606505 ], [ -52.895055137, -30.508124426 ], [ -52.893334642, -30.509268834 ], [ -52.893812267, -30.510607769 ], [ -52.898903225, -30.515183157 ], [ -52.896327854, -30.518855748 ], [ -52.898100959, -30.520356256 ], [ -52.89724011700001, -30.522680506 ], [ -52.906077441, -30.525529372 ], [ -52.907899861, -30.534661531 ], [ -52.906922133, -30.537381717 ], [ -52.911835075, -30.543330586 ], [ -52.91106949, -30.549268905999984 ], [ -52.907638101, -30.55366962 ], [ -52.908144736, -30.558410872 ], [ -52.905408168, -30.563924922 ], [ -52.907456192, -30.567859253 ], [ -52.905925642, -30.574195161 ], [ -52.910213404, -30.577375287 ], [ -52.910203267, -30.580425564 ], [ -52.916070788, -30.586904484 ], [ -52.91788749, -30.591560982 ], [ -52.923647355999989, -30.596374595 ], [ -52.925363891, -30.600516958 ], [ -52.931322605, -30.606486363 ], [ -52.936033669, -30.608066387 ], [ -52.944875356, -30.601605625 ], [ -52.949248258, -30.603113881 ], [ -52.964473127, -30.603245853 ], [ -52.967374373, -30.604316969 ], [ -52.972603324, -30.603213792 ], [ -52.974595187, -30.604098078 ], [ -52.972983721, -30.609363552 ], [ -52.975679078, -30.612979052 ], [ -52.975819286, -30.617493486000011 ], [ -52.975410792, -30.619143533 ], [ -52.971838351, -30.62162816 ], [ -52.974017434, -30.626057671 ], [ -52.972515393, -30.633365075 ], [ -52.975461726, -30.642128133 ], [ -52.972480111, -30.64420342 ], [ -52.975509551, -30.645706508 ], [ -52.974992587, -30.647637095000011 ], [ -52.971555611, -30.648951137 ], [ -52.973609764, -30.651729109 ], [ -52.971499334, -30.655450064 ], [ -52.971809863, -30.659233446 ], [ -52.975236217, -30.661630798 ], [ -52.977783094, -30.668884396 ], [ -52.975216443, -30.66973365 ], [ -52.974676419, -30.672153797 ], [ -52.977467916, -30.672949654 ], [ -52.977511206, -30.675180484 ], [ -52.980374888999989, -30.675771206 ], [ -52.980800375, -30.677688454 ], [ -52.986215189, -30.6761416 ], [ -52.988322397, -30.678428201 ], [ -52.992679141000011, -30.675551493 ], [ -52.991676891, -30.671470564 ], [ -52.994984411, -30.670313743 ], [ -52.997728392, -30.666625254 ], [ -53.003620519, -30.667388505 ], [ -53.006503936, -30.669000702 ], [ -53.009141306, -30.668247873 ], [ -53.010160407, -30.670028856 ], [ -53.011499108, -30.669429333 ], [ -53.013808093, -30.673059154 ], [ -53.016518904, -30.672479003999985 ], [ -53.016331059, -30.670316529 ], [ -53.020033802, -30.667809141 ], [ -53.020439113, -30.666008309 ], [ -53.025731341, -30.665421238 ], [ -53.029439401, -30.666618804 ], [ -53.035357383, -30.671315097 ], [ -53.052267321, -30.663055016 ], [ -53.054335262, -30.656323501 ], [ -53.052773599, -30.652120772 ], [ -53.055497888, -30.647385512 ], [ -53.063876581, -30.646516199 ], [ -53.067499107, -30.643988804 ], [ -53.070330093, -30.644358133 ], [ -53.072104968, -30.641704638 ], [ -53.078415853, -30.640012357 ], [ -53.079862922, -30.637903913 ], [ -53.082030356, -30.639041264 ], [ -53.084032283, -30.635495363 ], [ -53.089474386, -30.635168289 ], [ -53.096143808, -30.624675437 ], [ -53.100927582, -30.623393536 ], [ -53.104302824, -30.617729963 ], [ -53.104748601, -30.613829345 ], [ -53.107973783, -30.613097459 ], [ -53.113396188, -30.607573024 ], [ -53.123446545, -30.609273678 ], [ -53.125333727, -30.605723619 ], [ -53.120921451, -30.601453748 ], [ -53.124407253, -30.597423817 ], [ -53.122795596, -30.591009005 ], [ -53.12886296, -30.588443973 ], [ -53.131830063, -30.584849612 ], [ -53.131459972, -30.58040134 ], [ -53.134337939, -30.575535443 ], [ -53.140993496, -30.575519096 ], [ -53.142713279, -30.570701279 ], [ -53.141650067, -30.566901483 ], [ -53.147072094, -30.56352044 ], [ -53.152176707, -30.55656077 ], [ -53.15553457, -30.546621168 ], [ -53.166882902, -30.54774595 ], [ -53.165211976, -30.543512194 ], [ -53.161291934, -30.53980424 ], [ -53.162831059, -30.537507782 ], [ -53.173989646, -30.542343261 ], [ -53.175736165, -30.54161921 ], [ -53.176544365, -30.535503488 ], [ -53.17326632, -30.53189375 ], [ -53.175180991, -30.529745641 ], [ -53.180985164, -30.528490615 ], [ -53.183234981, -30.529223616 ], [ -53.183688504, -30.531936011 ], [ -53.18572653, -30.533585859 ], [ -53.189232236, -30.532306162 ], [ -53.189966861, -30.521255128 ], [ -53.191670501, -30.518601246 ], [ -53.189638734, -30.516221823 ], [ -53.191469729, -30.513150211 ], [ -53.192577841, -30.504878658 ], [ -53.191339496, -30.50295336 ], [ -53.186429298, -30.5010106 ], [ -53.190253845, -30.495679316 ], [ -53.185801564, -30.490453439 ], [ -53.187609482, -30.487982445 ], [ -53.191108476, -30.48643022700001 ], [ -53.192823091, -30.479841899 ], [ -53.195986048, -30.477439593 ], [ -53.200863071, -30.469296622 ], [ -53.206353048, -30.464435926 ], [ -53.206609668, -30.459754337 ], [ -53.209186725, -30.453706776 ], [ -53.215484099, -30.449920326 ], [ -53.216586124, -30.447128052 ], [ -53.21574584, -30.444017431 ], [ -53.21242564, -30.441311293 ], [ -53.212951027, -30.438763614 ], [ -53.209861155, -30.436830909 ], [ -53.210673945, -30.434018889 ], [ -53.208817971, -30.431810387 ], [ -53.198406726, -30.428807268 ], [ -53.197084956, -30.418228636 ], [ -53.195495828, -30.417947354 ], [ -53.197269554, -30.415640134 ], [ -53.190671016, -30.414987851 ], [ -53.188695845, -30.411306267 ], [ -53.189267555, -30.409125177 ], [ -53.199618662, -30.404541015 ], [ -53.198621833, -30.399425069 ], [ -53.192134593, -30.395749147 ], [ -53.182826059, -30.395922163 ], [ -53.17680206, -30.394305844 ], [ -53.178821221, -30.389029225 ], [ -53.176584701, -30.383496711 ], [ -53.17958778, -30.379974343 ], [ -53.170492531, -30.373791438 ], [ -53.174809131000011, -30.368945246 ], [ -53.174539561, -30.363758832 ], [ -53.177137951, -30.361791708 ], [ -53.177353391, -30.358546752 ], [ -53.169946245, -30.352000093 ], [ -53.169938534, -30.349709855 ], [ -53.172463201, -30.349424588 ], [ -53.17417146, -30.343059111 ], [ -53.180061648, -30.344752258 ], [ -53.184021972, -30.341768837 ], [ -53.187985223, -30.340921264 ], [ -53.188875556, -30.339397886 ], [ -53.187243684, -30.336264101 ], [ -53.188940413, -30.33443183 ], [ -53.188342763, -30.333384498 ], [ -53.18468334500001, -30.332993719 ], [ -53.181780889, -30.329116803 ], [ -53.178937416, -30.327794682 ], [ -53.179410024, -30.324366406 ], [ -53.184378244, -30.31810776 ], [ -53.182186863, -30.31755107 ], [ -53.180501029, -30.312847362 ], [ -53.184396477, -30.314148948 ], [ -53.192964241, -30.31055163 ], [ -53.199267414, -30.313170109 ], [ -53.200044688, -30.309511788 ], [ -53.203010336, -30.307397523 ], [ -53.204105278, -30.300297215 ], [ -53.206055539, -30.300039357 ], [ -53.207052031, -30.297384453 ], [ -53.209065671, -30.296863545 ], [ -53.212657518, -30.299179929 ], [ -53.214318809, -30.297608677 ], [ -53.216452071, -30.297727903 ], [ -53.220243084, -30.307874775 ], [ -53.218462876, -30.311843847 ], [ -53.219031032, -30.322665096 ], [ -53.223095066, -30.326565247 ], [ -53.227437382, -30.32684894 ], [ -53.23444136, -30.329726952 ], [ -53.236286053, -30.328933137999989 ], [ -53.24040071, -30.333266923 ], [ -53.255469593, -30.336665768 ], [ -53.268045107, -30.345299591 ], [ -53.270913262, -30.345483389 ], [ -53.276646526, -30.342875027000012 ], [ -53.280704977, -30.345543028 ], [ -53.317265566, -30.326739748 ], [ -53.321343284, -30.326224263 ], [ -53.324332417, -30.327349225 ], [ -53.329802497, -30.322403603 ], [ -53.336545062, -30.318791083 ], [ -53.33314589, -30.307450668 ], [ -53.334910961, -30.30579541 ], [ -53.335453351, -30.301215866 ], [ -53.338457877, -30.301043465 ], [ -53.342723641, -30.29491312 ], [ -53.342865954, -30.275589629 ], [ -53.345825013, -30.266010423 ], [ -53.344797598, -30.261728745 ], [ -53.348432134, -30.254403409 ], [ -53.350814112, -30.25292417 ], [ -53.35184692, -30.24849758 ], [ -53.34758044, -30.243183253 ], [ -53.347241295, -30.236489349 ], [ -53.342088545, -30.232868058 ], [ -53.339475341, -30.227340756 ], [ -53.33504434, -30.225867873 ], [ -53.331874485, -30.223021158 ], [ -53.329888457, -30.218870664 ], [ -53.329897425, -30.214788984 ], [ -53.327821917, -30.212378032 ], [ -53.328497468, -30.205890416 ], [ -53.3231628, -30.201105628 ], [ -53.319703217, -30.190262334 ], [ -53.315155064, -30.185890826 ], [ -53.31465441, -30.18216368 ], [ -53.306915314, -30.17272284 ], [ -53.304085406, -30.164400044 ], [ -53.307558126, -30.15710554 ], [ -53.308297232, -30.151155937 ], [ -53.303085885, -30.141484599 ], [ -53.303508095, -30.137414974 ], [ -53.301391971, -30.137113302 ], [ -53.300829781, -30.134120901 ], [ -53.298183006, -30.133610907 ], [ -53.298096391, -30.131765028000011 ], [ -53.294409857, -30.131126904 ], [ -53.293343524, -30.124473659 ], [ -53.290060316, -30.1228504 ], [ -53.290300033, -30.121145531 ], [ -53.287571071, -30.118517766 ], [ -53.287250142, -30.114679717 ], [ -53.285025511, -30.113799222 ], [ -53.281693091, -30.109097346 ], [ -53.278571909, -30.108433765 ], [ -53.276763987, -30.103772248 ], [ -53.273841687, -30.104111196 ], [ -53.272538699, -30.10242636 ], [ -53.273215845, -30.10086837 ], [ -53.271159501, -30.098820841 ], [ -53.262851012, -30.095667622 ], [ -53.264080466, -30.092914031 ], [ -53.262512609, -30.092154448 ], [ -53.262388338, -30.090424595 ], [ -53.259247971, -30.09092723 ], [ -53.255142818, -30.0893171 ], [ -53.252484114, -30.090271792999989 ], [ -53.249215495, -30.089126369 ], [ -53.245340514, -30.090816891999989 ], [ -53.242931545, -30.088903866 ], [ -53.241495508, -30.089798642 ], [ -53.239503347, -30.088480029 ], [ -53.240265378, -30.084920173 ], [ -53.236171932, -30.083213365 ], [ -53.234950191, -30.080855299 ], [ -53.236748405, -30.074802802000011 ], [ -53.230811812, -30.074083063 ], [ -53.230409916, -30.070611145000012 ], [ -53.228363656, -30.069614514 ], [ -53.227159859, -30.070785152 ], [ -53.224274514, -30.069097037999988 ], [ -53.223286299, -30.069788802 ], [ -53.218488046, -30.060336728 ], [ -53.212058141999989, -30.058382408 ], [ -53.209409646, -30.055886782 ], [ -53.209037445, -30.049873289 ], [ -53.205025647, -30.043096362 ], [ -53.201729161, -30.041829767 ], [ -53.194702669, -30.042890745 ], [ -53.191966429, -30.037077721 ], [ -53.194895722, -30.034156128 ], [ -53.193089844, -30.027668341 ], [ -53.19183603, -30.026970801 ], [ -53.189577198, -30.028433154 ], [ -53.185364876, -30.024525542 ], [ -53.185165847, -30.021099489 ], [ -53.176063637, -30.018877936 ], [ -53.177956415, -30.01422631 ], [ -53.175782089, -30.012403282 ], [ -53.176684176, -30.008179483 ], [ -53.168823257, -30.005677246 ], [ -53.164803184, -30.002858285 ], [ -53.164679694, -29.999663280999989 ], [ -53.167974441, -29.999906754 ], [ -53.168344359, -29.997717833 ], [ -53.164421675, -29.992494519 ], [ -53.159976956, -29.99268752 ], [ -53.157775513, -29.988211272 ], [ -53.153450359, -29.984452845 ], [ -53.15128001, -29.985520176 ], [ -53.148608797, -29.983479380999988 ], [ -53.146269335, -29.98474999 ], [ -53.142993305, -29.979082488 ], [ -53.139533014, -29.976079864 ], [ -53.135179311, -29.972951013 ], [ -53.131679942, -29.973171194 ], [ -53.129918236, -29.971186379 ], [ -53.128225457, -29.971367414 ], [ -53.125658883, -29.968275087 ], [ -53.122862162, -29.970268113 ], [ -53.114179603, -29.971947501 ], [ -53.108049299, -29.970051316 ], [ -53.103535218, -29.970255781 ], [ -53.10240897900001, -29.968831349 ], [ -53.103350566, -29.966379519 ], [ -53.099714618, -29.963355602 ], [ -53.097145252, -29.96365622 ], [ -53.0954, -29.966987926 ], [ -53.088311765, -29.964586062999985 ], [ -53.088115814, -29.962871332 ], [ -53.089717795, -29.961627151 ], [ -53.09589657, -29.962366218 ], [ -53.094460032, -29.957814507 ], [ -53.098698785, -29.955600523 ], [ -53.096873034, -29.950198233 ], [ -53.098659019, -29.947367848 ], [ -53.095316196, -29.943485255 ], [ -53.094193112, -29.937902278 ], [ -53.083054945, -29.933726915 ], [ -53.081626004, -29.929916588 ], [ -53.082320965, -29.929187435 ], [ -53.087574164, -29.931632405 ], [ -53.094525767, -29.927596318 ], [ -53.113435844, -29.927097465 ], [ -53.117518509999989, -29.924413282 ], [ -53.119945043, -29.91976012 ], [ -53.119221565, -29.912710541 ], [ -53.121032791, -29.897424707 ], [ -53.117730916, -29.880262753 ], [ -53.111335265, -29.869247976 ], [ -53.109499973, -29.85218363 ], [ -53.105984466, -29.848446453 ], [ -53.107424074, -29.846574483 ], [ -53.105227642, -29.844072628999989 ], [ -53.103201621, -29.846020878 ], [ -53.09997639, -29.845744557 ], [ -53.101741014, -29.843409399 ], [ -53.09933455, -29.842656927 ], [ -53.103414176, -29.838213146 ], [ -53.098366659, -29.830711494 ], [ -53.09704527, -29.821398558 ], [ -53.094750269, -29.818556681 ], [ -53.093471423, -29.818684126 ], [ -53.093751546999989, -29.816417349 ], [ -53.089800833, -29.811937595999986 ], [ -53.091058683, -29.811606173 ], [ -53.090844442, -29.809558811 ], [ -53.087655464, -29.805762586 ], [ -53.089105762, -29.80039536 ], [ -53.090790764, -29.799481437 ], [ -53.087599242, -29.796341899 ], [ -53.086134249, -29.796723278 ], [ -53.086086921, -29.795557478 ], [ -53.07850645, -29.793619538000012 ] ] ] } },
{ "type": "Feature", "properties": { "codibge": "4128104", "municipio": "Umuarama", "uf": "PR", "total_alertas": 1, "nivel_max": "moderado", "nivel_max_label": "Moderado", "tem_hidro": true, "tem_geo": false, "qtd_hidro": 1, "qtd_geo": 0, "tipos": "hidro", "cor": "#d6b52b", "severity_group": "moderado", "alertas": [ { "id": "2924", "municipio": "UMUARAMA", "codibge": "4128104", "uf": "PR", "bacia": "", "tipo": "hidro", "tipo_raw": "Risco Hidrológico - Moderado", "nivel_raw": "Moderado", "severity_group": "moderado", "severity_rank": 1, "latitude": -23.679762347975, "longitude": -53.414672963601, "created_at": "2026-10-08 17:05:31.057", "updated_at": "2026-10-08 17:05:31.057" } ], "updated_at": "2026-10-10T02:38:32.280417+00:00" }, "geometry": { "type": "Polygon", "coordinates": [ [ [ -53.362666571, -23.448803017 ], [ -53.361370182, -23.460941625 ], [ -53.362219557, -23.472591496 ], [ -53.352166103, -23.474540026 ], [ -53.352057556, -23.484137282 ], [ -53.342398542, -23.502271932 ], [ -53.351373704, -23.510656734 ], [ -53.331406961, -23.536513888 ], [ -53.328527107, -23.538186261 ], [ -53.322563107, -23.545884703 ], [ -53.318692173, -23.570391538 ], [ -53.319611883, -23.578016724 ], [ -53.316749795, -23.58854069 ], [ -53.31060653, -23.601386677 ], [ -53.324648556, -23.616781825 ], [ -53.333465285, -23.62889853 ], [ -53.343524439, -23.636881255 ], [ -53.343696986, -23.638835795 ], [ -53.336408748, -23.652709853 ], [ -53.295960474, -23.668647526 ], [ -53.29373366, -23.670574027 ], [ -53.275331347, -23.676404577 ], [ -53.260575552, -23.679084949 ], [ -53.23660285, -23.688938844 ], [ -53.231915086, -23.687632718 ], [ -53.228150721, -23.691876349 ], [ -53.214361806, -23.697194285 ], [ -53.209569437, -23.694358435 ], [ -53.20731116, -23.694390227 ], [ -53.204428726, -23.696293988 ], [ -53.19943943, -23.703119944 ], [ -53.189694822, -23.709116468 ], [ -53.178349978, -23.710084989 ], [ -53.175824721, -23.711517005 ], [ -53.177207963, -23.716118004 ], [ -53.183120952, -23.720747488 ], [ -53.18532977, -23.727298365 ], [ -53.182094844, -23.732776989 ], [ -53.177970314, -23.735664279 ], [ -53.174411896, -23.741142552 ], [ -53.173926657, -23.74476993 ], [ -53.16834641, -23.751062081 ], [ -53.166405454, -23.770306772 ], [ -53.170206492, -23.77519151 ], [ -53.172632686, -23.781778214 ], [ -53.186326623, -23.777726962 ], [ -53.193203409, -23.784592964 ], [ -53.195807928, -23.78850137 ], [ -53.197099844, -23.795901384 ], [ -53.199964712, -23.797249744 ], [ -53.200122754, -23.799484168 ], [ -53.20533667, -23.803136878 ], [ -53.208214219, -23.807450956 ], [ -53.210401041, -23.817123363 ], [ -53.209600589, -23.822893767 ], [ -53.21854645, -23.828490868 ], [ -53.222389596, -23.83382978 ], [ -53.222274174, -23.83623163 ], [ -53.219364233, -23.840266112 ], [ -53.219820973, -23.844316712 ], [ -53.222647091, -23.846945588 ], [ -53.223691859, -23.852333522 ], [ -53.217306523, -23.856498461 ], [ -53.216580843, -23.860775075 ], [ -53.21169560100001, -23.864842659 ], [ -53.212053216, -23.869182565 ], [ -53.208361944, -23.879299638 ], [ -53.209146985, -23.882608007 ], [ -53.20798302, -23.886383947 ], [ -53.209431294, -23.889791423 ], [ -53.206658843, -23.893875966 ], [ -53.20995519, -23.897305594 ], [ -53.206482327, -23.905099827 ], [ -53.208141653, -23.909999859 ], [ -53.206740509, -23.911714315 ], [ -53.208624119, -23.913991 ], [ -53.206543791, -23.919159751 ], [ -53.208201408, -23.920983866 ], [ -53.209760092, -23.920672288 ], [ -53.209932298, -23.923202872 ], [ -53.212255621, -23.922006823 ], [ -53.21232613, -23.924146866 ], [ -53.215548662, -23.922057067 ], [ -53.215960244, -23.928558563 ], [ -53.21363512, -23.93133549 ], [ -53.217268785, -23.931788296 ], [ -53.214809598, -23.935774333 ], [ -53.217188043, -23.935893001 ], [ -53.216663894, -23.938592464 ], [ -53.21815637, -23.939519134 ], [ -53.215279273, -23.940951683 ], [ -53.22282806, -23.949249034 ], [ -53.22402588700001, -23.954131207 ], [ -53.2232397, -23.95679325 ], [ -53.225431025, -23.961822175 ], [ -53.224437193, -23.965028475 ], [ -53.233769513, -23.962997052 ], [ -53.23755652, -23.964268114 ], [ -53.237570067, -23.959792912 ], [ -53.235911654, -23.959953495 ], [ -53.23447156, -23.958082002 ], [ -53.234968865, -23.956054945 ], [ -53.232606064, -23.952397575 ], [ -53.234206702, -23.938707986 ], [ -53.240881031, -23.930752941 ], [ -53.246421253, -23.92073178 ], [ -53.254185713, -23.916421638 ], [ -53.258713265, -23.908369553 ], [ -53.267309381, -23.901616057 ], [ -53.268068178999989, -23.89399798 ], [ -53.272268493, -23.887972547 ], [ -53.273278434, -23.879971907 ], [ -53.276567374, -23.876861791 ], [ -53.279156052, -23.870923355 ], [ -53.292133323, -23.862873382 ], [ -53.29456644, -23.855925472 ], [ -53.297590203, -23.853173895 ], [ -53.303179066, -23.851314146 ], [ -53.305773282, -23.845849227 ], [ -53.311208323, -23.841065082 ], [ -53.312600409, -23.83637471 ], [ -53.315529540999989, -23.833657203 ], [ -53.31501636, -23.82851078 ], [ -53.366374809, -23.839541325 ], [ -53.372088904, -23.838164275 ], [ -53.386720451, -23.830175165 ], [ -53.391621479, -23.830099784 ], [ -53.397904013, -23.825017905 ], [ -53.407206847, -23.825564967 ], [ -53.413713327, -23.823316452 ], [ -53.418579257, -23.823126316 ], [ -53.422965921, -23.825001777 ], [ -53.421406882, -23.833294991 ], [ -53.433798832, -23.839599609 ], [ -53.438778586, -23.84456909 ], [ -53.442943076, -23.846296017 ], [ -53.445808319, -23.851867946 ], [ -53.45052914, -23.855833951 ], [ -53.454895852, -23.857216391 ], [ -53.458646775, -23.856082087 ], [ -53.461939899, -23.85691342 ], [ -53.46310062, -23.859450888 ], [ -53.464696328, -23.858636647 ], [ -53.464551658, -23.85633476 ], [ -53.471279115, -23.853955492 ], [ -53.485658682, -23.842804185 ], [ -53.494734896, -23.842213944 ], [ -53.49727473, -23.839553388 ], [ -53.52038985, -23.83102094 ], [ -53.535999218, -23.819597774 ], [ -53.534294077, -23.813658978 ], [ -53.532352331, -23.812723148 ], [ -53.532520499, -23.811528259 ], [ -53.526350477, -23.809953794 ], [ -53.524629437, -23.807727443 ], [ -53.52429608100001, -23.802256832 ], [ -53.520458934, -23.800194538 ], [ -53.520393694, -23.797650952 ], [ -53.517348271, -23.797539433 ], [ -53.516946387, -23.79397184 ], [ -53.509513373, -23.790355879 ], [ -53.50932193, -23.788554948 ], [ -53.507340985, -23.787491378 ], [ -53.508209333000011, -23.786187694 ], [ -53.50377689, -23.780366251 ], [ -53.4971238, -23.774251256 ], [ -53.496527347, -23.770670333 ], [ -53.490264607, -23.768315872 ], [ -53.488170257, -23.769525113 ], [ -53.483755887, -23.768190427 ], [ -53.478243722, -23.761470808 ], [ -53.469947919, -23.756517416 ], [ -53.467548767, -23.75645319 ], [ -53.45664936, -23.745822789 ], [ -53.454181004, -23.736049552 ], [ -53.457620222, -23.728101036 ], [ -53.457531087, -23.724755582 ], [ -53.460036318, -23.720828724 ], [ -53.46086313, -23.714603587 ], [ -53.477703308, -23.705087248 ], [ -53.478229502, -23.694820599 ], [ -53.481275858, -23.686886406 ], [ -53.485930466, -23.683253389 ], [ -53.4868702, -23.678354767 ], [ -53.489789203, -23.674200321 ], [ -53.539064269, -23.681922737 ], [ -53.540937429, -23.678943361 ], [ -53.548144395, -23.674023956 ], [ -53.552169821, -23.673974247 ], [ -53.560755955, -23.676506146 ], [ -53.581066636, -23.674749399 ], [ -53.592748046, -23.662828979 ], [ -53.594899501, -23.663528941 ], [ -53.610588798, -23.660780118 ], [ -53.617959416, -23.656314689 ], [ -53.625077215, -23.655776787 ], [ -53.634161198, -23.65137069 ], [ -53.64543895500001, -23.653196363 ], [ -53.649734741, -23.652585838 ], [ -53.656952616, -23.654512506 ], [ -53.65737694, -23.650786285 ], [ -53.65259458, -23.639707921999989 ], [ -53.65334906, -23.635681778 ], [ -53.65115013, -23.618919028 ], [ -53.652740054, -23.614642842 ], [ -53.655521486, -23.611826568 ], [ -53.657394237, -23.600807174 ], [ -53.655965219, -23.599115585 ], [ -53.655335783, -23.592526604 ], [ -53.659258835, -23.587127762 ], [ -53.663722771, -23.58501566 ], [ -53.661092344, -23.576624658 ], [ -53.662671222, -23.557927975 ], [ -53.660804539, -23.520811578 ], [ -53.654607629, -23.483466952 ], [ -53.654186678, -23.472583156 ], [ -53.656951014, -23.467624114 ], [ -53.663835151, -23.464831927 ], [ -53.665895164, -23.458737129 ], [ -53.663956433, -23.455585384 ], [ -53.650198617, -23.460801109 ], [ -53.646170862, -23.465278628 ], [ -53.640983553, -23.467356127 ], [ -53.634640023, -23.475504667 ], [ -53.628528943, -23.475522733 ], [ -53.626116285, -23.478912832 ], [ -53.622690434, -23.480201165 ], [ -53.624046259, -23.481563327 ], [ -53.62276101, -23.482920915 ], [ -53.614443827, -23.486395746 ], [ -53.612460811, -23.488630957 ], [ -53.610395879, -23.488069614 ], [ -53.607911754, -23.492548152 ], [ -53.600704148, -23.494273375 ], [ -53.598276903, -23.499218702 ], [ -53.5954345, -23.499303444 ], [ -53.587773619, -23.504940093999988 ], [ -53.587339067, -23.507718098 ], [ -53.585663943, -23.507681147 ], [ -53.583719886, -23.510035264 ], [ -53.579567207, -23.519055896 ], [ -53.577181112, -23.518387604 ], [ -53.575712775, -23.520086492 ], [ -53.57209028, -23.52053345 ], [ -53.571316005, -23.521962426 ], [ -53.567412813, -23.522286609 ], [ -53.564412849999989, -23.524269151 ], [ -53.55025293, -23.524951213 ], [ -53.543917654, -23.527697472 ], [ -53.542184413, -23.530236765 ], [ -53.532376578, -23.535912141 ], [ -53.529523523, -23.532699146 ], [ -53.523777326, -23.529636185 ], [ -53.516595654, -23.520989537 ], [ -53.51176939, -23.518808418 ], [ -53.503382966, -23.486864295 ], [ -53.498613272, -23.483308739 ], [ -53.465736703, -23.480992844 ], [ -53.454726536, -23.472283267 ], [ -53.452753468, -23.474589587 ], [ -53.452938465, -23.478152179 ], [ -53.451673552, -23.479856926 ], [ -53.453397498, -23.489805709 ], [ -53.449404292, -23.504177525 ], [ -53.450006147, -23.505659499 ], [ -53.444669969, -23.507563737 ], [ -53.442774683, -23.516113708 ], [ -53.413851766, -23.51707204 ], [ -53.409074659, -23.564793307 ], [ -53.394811335, -23.557617394 ], [ -53.391264148, -23.558366487 ], [ -53.385493613, -23.555297463 ], [ -53.376054668, -23.555695073 ], [ -53.37094123, -23.551099569 ], [ -53.367231573, -23.550400138 ], [ -53.365217138, -23.543007253 ], [ -53.367232898, -23.538047798 ], [ -53.367047238, -23.532025708 ], [ -53.36590171000001, -23.531567798 ], [ -53.366489752, -23.523286222 ], [ -53.36373967, -23.510130794 ], [ -53.364502119, -23.508762422 ], [ -53.363481526, -23.506187736 ], [ -53.361715533, -23.506939838 ], [ -53.362625237, -23.505286765 ], [ -53.366723325, -23.504750008 ], [ -53.365840064, -23.504163149 ], [ -53.368787228, -23.496735318 ], [ -53.371897552, -23.492197323 ], [ -53.371012669, -23.489488696 ], [ -53.372191161, -23.485186661 ], [ -53.370720624, -23.482953301 ], [ -53.372319965, -23.481344476 ], [ -53.372802967, -23.478775889 ], [ -53.371613905, -23.477474549 ], [ -53.373560267, -23.475535747 ], [ -53.37318246, -23.472834582 ], [ -53.378370089, -23.468920539 ], [ -53.377157478, -23.467638108 ], [ -53.377771135, -23.466188705 ], [ -53.381587046, -23.465439129 ], [ -53.38351173, -23.45755906 ], [ -53.383259228, -23.455660177 ], [ -53.368219031, -23.451380782 ], [ -53.365430259, -23.451687286 ], [ -53.362666571, -23.448803017 ] ] ] } },
{ "type": "Feature", "properties": { "codibge": "4301859", "municipio": "Barra do Guarita", "uf": "RS", "total_alertas": 1, "nivel_max": "moderado", "nivel_max_label": "Moderado", "tem_hidro": false, "tem_geo": true, "qtd_hidro": 0, "qtd_geo": 1, "tipos": "geo", "cor": "#d6b52b", "severity_group": "moderado", "alertas": [ { "id": "2925", "municipio": "BARRA DO GUARITA", "codibge": "4301859", "uf": "RS", "bacia": "", "tipo": "geo", "tipo_raw": "Movimentos de Massa - Moderado", "nivel_raw": "Moderado", "severity_group": "moderado", "severity_rank": 1, "latitude": -27.206470344702, "longitude": -53.763118018517, "created_at": "2026-10-09 02:13:24.204", "updated_at": "2026-10-09 02:13:24.204" } ], "updated_at": "2026-10-10T02:38:32.281078+00:00" }, "geometry": { "type": "Polygon", "coordinates": [ [ [ -53.762942165, -27.155355454 ], [ -53.751589505, -27.188052607 ], [ -53.747818285, -27.191847264 ], [ -53.742106217, -27.192338651 ], [ -53.735263555, -27.190790112 ], [ -53.717695327, -27.182501757 ], [ -53.705057826, -27.192039344 ], [ -53.701603403999989, -27.196223119 ], [ -53.706928375, -27.198264767 ], [ -53.710207851, -27.196344226 ], [ -53.714279497, -27.196420045 ], [ -53.71808681, -27.199467469 ], [ -53.718282914, -27.20054333 ], [ -53.716393624, -27.200914504 ], [ -53.722146071, -27.205414624 ], [ -53.724557821, -27.213616988999988 ], [ -53.728578492, -27.215730308 ], [ -53.727493761, -27.218753436 ], [ -53.729643443, -27.222473664 ], [ -53.728314176, -27.224420863 ], [ -53.731588843, -27.224847965 ], [ -53.7324219, -27.227717867 ], [ -53.735143471, -27.226488931 ], [ -53.734905873, -27.228448615 ], [ -53.736861552, -27.228480306 ], [ -53.74222767, -27.232715143 ], [ -53.743055891, -27.237869237 ], [ -53.745856449, -27.243069968 ], [ -53.741781144, -27.249350272 ], [ -53.742347332, -27.250863899 ], [ -53.740546634, -27.253662206 ], [ -53.741317912, -27.255494271 ], [ -53.747880754, -27.260280569 ], [ -53.748647229, -27.267907791 ], [ -53.751869872, -27.27176465 ], [ -53.757718957, -27.27418776 ], [ -53.763518091, -27.274182714 ], [ -53.763613841, -27.27900996 ], [ -53.764970089, -27.278625091 ], [ -53.766254876, -27.273772018 ], [ -53.763605896, -27.268922268 ], [ -53.767968504, -27.267585807 ], [ -53.770130875, -27.26210964 ], [ -53.768123447, -27.259591172 ], [ -53.763101799, -27.260414832 ], [ -53.767759413, -27.254480836 ], [ -53.772793905, -27.253648003 ], [ -53.775528414, -27.245088051 ], [ -53.774828687, -27.242078117 ], [ -53.769372171, -27.240710128 ], [ -53.769370381, -27.233740401 ], [ -53.769973063, -27.232782975 ], [ -53.775369057, -27.23292981 ], [ -53.777187406, -27.236446908 ], [ -53.778849099, -27.237036143 ], [ -53.786690522, -27.236188257 ], [ -53.788973823, -27.234297444 ], [ -53.784827899, -27.229814912 ], [ -53.78824118, -27.222913546 ], [ -53.78062163, -27.221263847 ], [ -53.787422271, -27.21291388 ], [ -53.778484172, -27.216344752 ], [ -53.776983066, -27.215359585 ], [ -53.777482248, -27.212557317 ], [ -53.780983855, -27.208451193 ], [ -53.793363065, -27.21106639 ], [ -53.79449421, -27.208528509 ], [ -53.794386294, -27.197478526 ], [ -53.79845488, -27.199056535 ], [ -53.801284551, -27.198702294 ], [ -53.802983453, -27.203142133 ], [ -53.805316656, -27.203351156 ], [ -53.80762594, -27.199271573 ], [ -53.807322416, -27.187955083 ], [ -53.805518978, -27.185635047 ], [ -53.802858797, -27.185065484 ], [ -53.800211155, -27.181437412 ], [ -53.802321292, -27.17740545 ], [ -53.804301207, -27.176788228 ], [ -53.813103986, -27.178921946 ], [ -53.816856896, -27.178285239 ], [ -53.819654856, -27.175653585 ], [ -53.814846647, -27.175889807 ], [ -53.809003363, -27.172759754 ], [ -53.780141278, -27.149589897 ], [ -53.77474748, -27.147412188 ], [ -53.768699794, -27.149618689 ], [ -53.762942165, -27.155355454 ] ] ] } },
{ "type": "Feature", "properties": { "codibge": "4318002", "municipio": "São Borja", "uf": "RS", "total_alertas": 1, "nivel_max": "alto", "nivel_max_label": "Alto", "tem_hidro": true, "tem_geo": false, "qtd_hidro": 1, "qtd_geo": 0, "tipos": "hidro", "cor": "#ef8b1e", "severity_group": "alto", "alertas": [ { "id": "2880", "municipio": "SÃO BORJA", "codibge": "4318002", "uf": "RS", "bacia": "", "tipo": "hidro", "tipo_raw": "Risco Hidrológico - Alto", "nivel_raw": "Alto", "severity_group": "alto", "severity_rank": 2, "latitude": -28.746805688578, "longitude": -55.796610881728, "created_at": "2026-10-02 11:25:51.874", "updated_at": "2026-10-09 10:01:58.671" } ], "updated_at": "2026-10-10T02:38:32.281868+00:00" }, "geometry": { "type": "Polygon", "coordinates": [ [ [ -55.58307807, -28.339432102 ], [ -55.574416927, -28.342772775 ], [ -55.570643955, -28.340204575 ], [ -55.569996874, -28.341701448 ], [ -55.566546095, -28.342174134 ], [ -55.565594837, -28.345538294 ], [ -55.564313221, -28.345366251 ], [ -55.562764645, -28.347860363 ], [ -55.562670943, -28.349611582 ], [ -55.566453464, -28.353931832 ], [ -55.565952284, -28.355717498 ], [ -55.56276937, -28.354591148 ], [ -55.563674058, -28.357296208 ], [ -55.561236381, -28.359485649 ], [ -55.56313474, -28.361843739 ], [ -55.557058732, -28.366113586 ], [ -55.555257441, -28.365091271 ], [ -55.555127512, -28.367514988 ], [ -55.549324139, -28.371351978 ], [ -55.548409736, -28.374144556 ], [ -55.544735049, -28.375226401 ], [ -55.541996143, -28.381473134 ], [ -55.539762316, -28.382230919 ], [ -55.540004126, -28.383571471 ], [ -55.536852489, -28.386068072 ], [ -55.53624512, -28.38959055 ], [ -55.531067356, -28.390861285 ], [ -55.52755719, -28.388238456 ], [ -55.518990247, -28.391276983 ], [ -55.51803095, -28.393921023 ], [ -55.513522002, -28.39445923 ], [ -55.511753444, -28.399486653 ], [ -55.508546534, -28.399888463 ], [ -55.50691147, -28.403193061 ], [ -55.517627515, -28.41237068 ], [ -55.524436738, -28.4151842 ], [ -55.524507726, -28.423986457 ], [ -55.522110633, -28.429454956 ], [ -55.523381373, -28.448182595 ], [ -55.528757883, -28.457761595 ], [ -55.541885251, -28.462426349 ], [ -55.551501892, -28.461143377 ], [ -55.554886933, -28.462122337 ], [ -55.568030972, -28.46932019 ], [ -55.570492101, -28.474984179 ], [ -55.577888238, -28.477060066 ], [ -55.583969291, -28.48433983 ], [ -55.587352398, -28.485528165 ], [ -55.590378512, -28.488447234 ], [ -55.603049747, -28.488712533 ], [ -55.611160962, -28.486987474 ], [ -55.624210945, -28.488447922 ], [ -55.635056718, -28.496177971 ], [ -55.646476365, -28.498196189 ], [ -55.658719436, -28.497970708 ], [ -55.662960869, -28.496030817 ], [ -55.679266144, -28.498327417 ], [ -55.687248268, -28.515157162 ], [ -55.695483369, -28.519662527 ], [ -55.697134672, -28.531412281 ], [ -55.701392827, -28.536834651 ], [ -55.712476469, -28.542235042 ], [ -55.718852692, -28.548745963 ], [ -55.723766635, -28.548385099 ], [ -55.728348525, -28.550471995 ], [ -55.729276386, -28.557406125 ], [ -55.72820401300001, -28.559394407999989 ], [ -55.730409346, -28.563497798 ], [ -55.729612451, -28.567644838999989 ], [ -55.734192203, -28.573218921 ], [ -55.744090272, -28.576620982 ], [ -55.750321421, -28.581528272 ], [ -55.753738829, -28.580287122 ], [ -55.757062513, -28.582144774 ], [ -55.760517914, -28.581653476 ], [ -55.764877273, -28.583994526 ], [ -55.769555477, -28.583507838 ], [ -55.770728808, -28.581354661 ], [ -55.772374945, -28.585208404 ], [ -55.770923397, -28.591684264 ], [ -55.769513729, -28.594505339 ], [ -55.766023097, -28.596520005 ], [ -55.758416722, -28.596865965 ], [ -55.754557192, -28.598602782 ], [ -55.733219031, -28.622748341 ], [ -55.731268592, -28.622614495 ], [ -55.728330591, -28.618881355 ], [ -55.724739651, -28.616981324 ], [ -55.723610688, -28.617985242 ], [ -55.725567562, -28.619706749999988 ], [ -55.725361849, -28.622448934 ], [ -55.722455598, -28.625596198 ], [ -55.717001104, -28.626143476 ], [ -55.710332889, -28.623997849 ], [ -55.699764995, -28.626140553 ], [ -55.71280495, -28.646866455 ], [ -55.719985143, -28.653148577 ], [ -55.717172637, -28.657837981 ], [ -55.707344477, -28.661635388999986 ], [ -55.696614446, -28.654836010999986 ], [ -55.689593317, -28.663304855 ], [ -55.681729885, -28.665740864 ], [ -55.675680235, -28.671527741 ], [ -55.671126909, -28.67164173 ], [ -55.665953138, -28.670049261999985 ], [ -55.662830122, -28.671905315 ], [ -55.658986154, -28.672039954 ], [ -55.641694099, -28.669185396 ], [ -55.635921158, -28.671728746 ], [ -55.628782338, -28.684544039 ], [ -55.624886579, -28.683741987999987 ], [ -55.616643163, -28.677953667 ], [ -55.606716873, -28.684387302 ], [ -55.596332066, -28.686443306 ], [ -55.593269343, -28.69002639 ], [ -55.59091075, -28.690783916 ], [ -55.585432424, -28.68586955 ], [ -55.57648943, -28.681127935 ], [ -55.574485968, -28.676411646999988 ], [ -55.572966599, -28.676280458 ], [ -55.56374874, -28.683384766 ], [ -55.570247572, -28.690588546 ], [ -55.571974676, -28.694472758 ], [ -55.561721254, -28.697009049 ], [ -55.547722788, -28.708594884 ], [ -55.546036086, -28.707205991999984 ], [ -55.543174022, -28.707320749 ], [ -55.535448264, -28.710657984 ], [ -55.534255751, -28.717873862 ], [ -55.537661301, -28.722352901 ], [ -55.534323985, -28.73011725 ], [ -55.52005452, -28.726308222 ], [ -55.515956962, -28.727388914 ], [ -55.509297776, -28.733297272 ], [ -55.501893729, -28.730627376 ], [ -55.497156612, -28.731535991 ], [ -55.497962666, -28.735438589 ], [ -55.496099239, -28.739810062 ], [ -55.503813333, -28.741931942 ], [ -55.507627648, -28.744750031 ], [ -55.504787683, -28.750979098 ], [ -55.5060459, -28.753677702 ], [ -55.504037825, -28.764098558 ], [ -55.502896808, -28.765226244 ], [ -55.495459711, -28.764840549 ], [ -55.494916793, -28.767918207 ], [ -55.491995253, -28.770665816 ], [ -55.492005316, -28.776698951 ], [ -55.489200603, -28.779473179 ], [ -55.484686415, -28.7813866 ], [ -55.483359912, -28.788757802 ], [ -55.47984906, -28.792267594 ], [ -55.478864057, -28.798100538 ], [ -55.47453717, -28.799270964 ], [ -55.469893959, -28.802726112 ], [ -55.467962059, -28.809898987 ], [ -55.46581206, -28.812123473 ], [ -55.458317819, -28.81462948 ], [ -55.448805425, -28.812884387 ], [ -55.447367434, -28.818028276 ], [ -55.444286954, -28.822363407 ], [ -55.440819478, -28.823614697 ], [ -55.439732224, -28.825541468 ], [ -55.437487383, -28.825254168 ], [ -55.434805197, -28.827519028 ], [ -55.432773267, -28.827442285 ], [ -55.431427207, -28.844388188 ], [ -55.421941282, -28.843248101 ], [ -55.419428165, -28.84496421 ], [ -55.418999554, -28.849628101 ], [ -55.427697407, -28.854484372 ], [ -55.431150323, -28.857847807 ], [ -55.432168319, -28.862648816 ], [ -55.428003318, -28.864868854 ], [ -55.413714799, -28.864440248 ], [ -55.405378728, -28.869804706 ], [ -55.400720023, -28.87096999 ], [ -55.398989824, -28.878784868 ], [ -55.396418181, -28.880124097 ], [ -55.3911774, -28.879809319 ], [ -55.387983663999989, -28.875466106 ], [ -55.383743253, -28.873572862 ], [ -55.383422084, -28.874710111 ], [ -55.377956543, -28.874040784 ], [ -55.373343447, -28.878164499 ], [ -55.368940178, -28.878380683999985 ], [ -55.367507603999989, -28.879991062 ], [ -55.369320994, -28.88506057 ], [ -55.372953697, -28.887191391 ], [ -55.374363078, -28.889891479 ], [ -55.373387674, -28.894926178 ], [ -55.375860975, -28.900697002 ], [ -55.37575241, -28.905137388 ], [ -55.373125926, -28.908845687 ], [ -55.373030099, -28.92056775 ], [ -55.369211581, -28.921791991999989 ], [ -55.365419809, -28.926864249 ], [ -55.36008994, -28.929168041999986 ], [ -55.358063727, -28.931800998 ], [ -55.349851251, -28.931573248 ], [ -55.345124322, -28.940261868 ], [ -55.345530716, -28.941943851 ], [ -55.342316321, -28.942769796 ], [ -55.329298575, -28.939110993 ], [ -55.320972689, -28.942030093 ], [ -55.318958447, -28.95185763 ], [ -55.322323035, -28.960233208 ], [ -55.318513796, -28.960891238 ], [ -55.317877952, -28.962855052 ], [ -55.314577347, -28.964314479 ], [ -55.309919862, -28.96329721 ], [ -55.306569597, -28.966040636 ], [ -55.297515903, -28.96832941 ], [ -55.297073584, -28.972188415 ], [ -55.294172496, -28.972652076 ], [ -55.29388246, -28.981255634 ], [ -55.29110652, -28.984546161 ], [ -55.292986907, -28.991507754000011 ], [ -55.318351849, -28.992466702 ], [ -55.343664689, -28.986021415 ], [ -55.373217362, -28.971865776 ], [ -55.385637873, -28.976014372 ], [ -55.374261976, -28.985612126 ], [ -55.374693197, -28.989197168 ], [ -55.384709832, -28.996933618999989 ], [ -55.389707579, -28.998434564 ], [ -55.39039612, -29.000188332 ], [ -55.393183153, -29.000376887 ], [ -55.3944525, -29.004103804 ], [ -55.399866517, -29.009798369 ], [ -55.40005444, -29.019090642 ], [ -55.412546163, -29.047493778 ], [ -55.424221923, -29.058234232999986 ], [ -55.431580308, -29.061831054 ], [ -55.438731651, -29.06290567 ], [ -55.443916384, -29.065890909 ], [ -55.445930156, -29.067789752 ], [ -55.445571181, -29.069811555 ], [ -55.448005167, -29.071786123 ], [ -55.465270075, -29.082226061 ], [ -55.469749081, -29.078644596 ], [ -55.47291933, -29.070735706 ], [ -55.475173003, -29.070035314 ], [ -55.47619551, -29.066833464 ], [ -55.481273677, -29.063999172 ], [ -55.482804195, -29.058780965 ], [ -55.491572921, -29.054831136 ], [ -55.492860168999989, -29.053157034 ], [ -55.493863374999989, -29.045456674 ], [ -55.498416007, -29.035916238 ], [ -55.497688408, -29.032029226999988 ], [ -55.501799907, -29.008663093 ], [ -55.501283265, -29.003953748 ], [ -55.504604293, -29.000665567 ], [ -55.516571975, -29.002153031999985 ], [ -55.523617404, -29.005111533 ], [ -55.531034922, -29.002019790999988 ], [ -55.538375046, -29.001908948 ], [ -55.542117296, -29.002879094 ], [ -55.545899721, -29.006198536 ], [ -55.5587609, -29.003187813 ], [ -55.569413846, -29.005829587 ], [ -55.574851537, -29.005130055 ], [ -55.576305216, -29.006973050999989 ], [ -55.574705747, -29.010001042 ], [ -55.576387859, -29.012078598 ], [ -55.575436748, -29.014475674 ], [ -55.5793261, -29.01730126 ], [ -55.579343154, -29.019299101 ], [ -55.582157358, -29.020267278 ], [ -55.587231439, -29.016288053 ], [ -55.588237598, -29.013077504 ], [ -55.592357217, -29.012290893 ], [ -55.593872034, -29.010332637 ], [ -55.599897436, -29.014260736 ], [ -55.603655005, -29.013562881 ], [ -55.604696556, -29.011613761 ], [ -55.614052406, -29.00965798 ], [ -55.619259033, -29.009943557 ], [ -55.623198218, -29.008208334 ], [ -55.626797841, -29.00885218 ], [ -55.634155328, -29.0129457 ], [ -55.640850989, -29.012929085 ], [ -55.645160835, -29.014777899999984 ], [ -55.64920882, -29.012604909 ], [ -55.661320194, -29.011681837 ], [ -55.670085473, -29.019975628 ], [ -55.674840327, -29.017986125 ], [ -55.675598484, -29.016303415999989 ], [ -55.68202409, -29.016267364 ], [ -55.683939053, -29.012435036 ], [ -55.689110543, -29.010159295 ], [ -55.695747008, -29.002252499 ], [ -55.71844444, -28.998490667 ], [ -55.72106966, -28.99506821 ], [ -55.722143312, -28.987643479 ], [ -55.726216947, -28.982290098 ], [ -55.729195243, -28.982056109 ], [ -55.736729287, -28.985039438 ], [ -55.739875116, -28.984142773 ], [ -55.744309791, -28.986056241 ], [ -55.750221665, -28.98493582 ], [ -55.76660696, -28.985733681 ], [ -55.773173006, -28.980322742 ], [ -55.789031986, -28.985748491 ], [ -55.794132528, -28.985809543 ], [ -55.799786495, -28.994299395 ], [ -55.807563174, -28.993122627 ], [ -55.809595626, -28.991726066 ], [ -55.811313237, -28.992818714 ], [ -55.814985728, -28.99148296 ], [ -55.815480387, -28.992656093 ], [ -55.817818765, -28.992737257 ], [ -55.822433718, -28.988497675 ], [ -55.822416241, -28.984457883 ], [ -55.828341631, -28.979196434 ], [ -55.834148955, -28.979315825 ], [ -55.836342089, -28.97676755 ], [ -55.840000941, -28.975869692 ], [ -55.839517039, -28.971719035 ], [ -55.84257564, -28.968749328 ], [ -55.850860207, -28.964934778 ], [ -55.850942146, -28.966540994 ], [ -55.854295859, -28.967892003 ], [ -55.866068604, -28.968942435 ], [ -55.869172618, -28.965919204 ], [ -55.871628397, -28.966909725 ], [ -55.87394583, -28.965059981 ], [ -55.87590701, -28.965307762 ], [ -55.876916494, -28.961033629 ], [ -55.885080587, -28.958145042 ], [ -55.887606916, -28.959745827 ], [ -55.891849467, -28.957882306 ], [ -55.894714324, -28.953671266 ], [ -55.898477071, -28.951789944999987 ], [ -55.900195085, -28.951485191 ], [ -55.901829628, -28.952844838 ], [ -55.914141879, -28.948595219 ], [ -55.928845184, -28.949865498 ], [ -55.93441399, -28.945288389 ], [ -55.946071248, -28.944035337999988 ], [ -55.953402122999989, -28.94474636 ], [ -55.956160708, -28.940378698999986 ], [ -55.966035298, -28.943197823 ], [ -55.977305489, -28.943685807 ], [ -55.979362555, -28.942778883 ], [ -55.98305026, -28.944487943 ], [ -55.995234344, -28.944418885 ], [ -55.997813451, -28.943031326 ], [ -55.998033782, -28.94072087 ], [ -56.001936002, -28.940395935 ], [ -56.003832697999989, -28.935327638 ], [ -56.015054258, -28.92066142 ], [ -56.020242164, -28.918818614 ], [ -56.021495343, -28.91696075 ], [ -56.027624863, -28.918934092 ], [ -56.030282807, -28.917908239 ], [ -56.033684945, -28.919124155 ], [ -56.035370723, -28.917844999 ], [ -56.044383759, -28.919562016 ], [ -56.051803121, -28.918929709 ], [ -56.054791397, -28.916098989 ], [ -56.065125432, -28.913302837 ], [ -56.066854924, -28.911303792 ], [ -56.065294334, -28.907437684 ], [ -56.062940483, -28.903951685 ], [ -56.060357288, -28.902966604 ], [ -56.060184971, -28.899175697 ], [ -56.058801892, -28.898720608 ], [ -56.058148339, -28.901145073 ], [ -56.057138039, -28.90051020100001 ], [ -56.057305218, -28.895885223 ], [ -56.054585337, -28.895027477 ], [ -56.054606187, -28.892754275 ], [ -56.058140646, -28.889322602 ], [ -56.059221589, -28.885957201 ], [ -56.064292209, -28.884683691 ], [ -56.067059847, -28.882268295 ], [ -56.066312713, -28.879435041 ], [ -56.071096773, -28.876656742 ], [ -56.07024177, -28.872677903 ], [ -56.07267608, -28.869192414 ], [ -56.075897848, -28.868868676 ], [ -56.074177567, -28.866490583 ], [ -56.074552511, -28.864723337 ], [ -56.07604032, -28.864329751 ], [ -56.075407658, -28.86230923 ], [ -56.07889835, -28.861756709 ], [ -56.078032403, -28.859811049 ], [ -56.075412205, -28.858978312 ], [ -56.075882129, -28.857608257 ], [ -56.077459685, -28.856526904 ], [ -56.086284107, -28.857191645 ], [ -56.085434535, -28.85535221 ], [ -56.089381762, -28.853603623 ], [ -56.091258118, -28.854248295 ], [ -56.092605026, -28.857730511 ], [ -56.094162715, -28.856382306 ], [ -56.096281325, -28.857857429 ], [ -56.097260323, -28.856074432 ], [ -56.093745271, -28.854016707 ], [ -56.098154335, -28.854195341 ], [ -56.103349875, -28.849041098 ], [ -56.10756367, -28.848135652999986 ], [ -56.110306246, -28.850156395999985 ], [ -56.109366188, -28.851874834 ], [ -56.113282268, -28.852615366 ], [ -56.112914815, -28.85466849 ], [ -56.110338526, -28.855053348 ], [ -56.110523936, -28.857077074 ], [ -56.117958092, -28.856700815 ], [ -56.119973656, -28.859293752 ], [ -56.119729325, -28.855486969 ], [ -56.122378565, -28.855162116 ], [ -56.127087954, -28.85986542 ], [ -56.126788756, -28.86274094800001 ], [ -56.13214366, -28.866346158 ], [ -56.135336106, -28.863296784 ], [ -56.134008045, -28.860811373 ], [ -56.137263772, -28.860514509 ], [ -56.13785548900001, -28.857621706 ], [ -56.141827094, -28.860498955 ], [ -56.141988846, -28.863887586 ], [ -56.145871129, -28.864744931 ], [ -56.146417169, -28.861635466 ], [ -56.149826985, -28.866981817 ], [ -56.149808768, -28.863856081 ], [ -56.152146531, -28.863333574 ], [ -56.153316678, -28.861170156 ], [ -56.154860295, -28.864193063 ], [ -56.160139231, -28.862785529 ], [ -56.161714506, -28.863612598 ], [ -56.161174375, -28.864855965 ], [ -56.162755076, -28.86485408 ], [ -56.164735249, -28.862957172 ], [ -56.164071061, -28.866077605 ], [ -56.166814541, -28.864852966 ], [ -56.167306715, -28.866735455 ], [ -56.169173472, -28.86722765 ], [ -56.166025343, -28.868220734 ], [ -56.165550048999989, -28.870710412 ], [ -56.169066888, -28.871522434 ], [ -56.168937468, -28.874175214 ], [ -56.17262686, -28.875143096 ], [ -56.172495204, -28.877043724 ], [ -56.171125956, -28.877066677 ], [ -56.173097618, -28.878598819 ], [ -56.17210188, -28.880017321 ], [ -56.173565302, -28.882988057 ], [ -56.172759047, -28.883955264 ], [ -56.177427166, -28.885423112 ], [ -56.178093891, -28.887056507 ], [ -56.179297806, -28.886131545 ], [ -56.176893489, -28.889379349 ], [ -56.178478041, -28.893570135 ], [ -56.176308474, -28.893825242 ], [ -56.17515699, -28.896286173 ], [ -56.177886782, -28.898450847 ], [ -56.178709985, -28.900991721 ], [ -56.185277345, -28.900559818 ], [ -56.187707032, -28.902041901 ], [ -56.18888512, -28.899833874 ], [ -56.190536756, -28.901865166 ], [ -56.192232512, -28.898870363 ], [ -56.194379316, -28.899381978 ], [ -56.196657683, -28.898251772 ], [ -56.199579826, -28.901927129 ], [ -56.197015829, -28.90527258 ], [ -56.198148521, -28.906269641 ], [ -56.201183889, -28.90572496 ], [ -56.198078451, -28.908393836 ], [ -56.200719449, -28.910394418 ], [ -56.201944541, -28.908769942 ], [ -56.205278243, -28.910787069 ], [ -56.20710619, -28.909835412 ], [ -56.206331324, -28.9125222 ], [ -56.203951794, -28.913679483 ], [ -56.204930612, -28.914473366 ], [ -56.208057327, -28.913438205 ], [ -56.20580106100001, -28.920224889 ], [ -56.206902259, -28.920255557 ], [ -56.208015566, -28.923664486 ], [ -56.210350108, -28.919991602 ], [ -56.211721759, -28.920006971 ], [ -56.210889742, -28.925024289 ], [ -56.209122585, -28.925467245 ], [ -56.209861102, -28.927207496 ], [ -56.211980411, -28.926005673 ], [ -56.213040759, -28.929662535 ], [ -56.214954322, -28.928866286 ], [ -56.216059948, -28.930498547 ], [ -56.21746331, -28.929154194 ], [ -56.220405327, -28.929544947 ], [ -56.220784829, -28.926272074 ], [ -56.221974059, -28.926050442 ], [ -56.225665073, -28.931350287 ], [ -56.224718716, -28.933819937 ], [ -56.227397507, -28.935325091 ], [ -56.229599006, -28.934035054 ], [ -56.231800265, -28.937522232 ], [ -56.234932011, -28.936032708 ], [ -56.237454452, -28.936649196 ], [ -56.242836269, -28.934994028 ], [ -56.245434034, -28.936152941 ], [ -56.247746125, -28.93510067 ], [ -56.250337944, -28.937120872 ], [ -56.248077673, -28.938483469 ], [ -56.248299774, -28.939884877 ], [ -56.254786857, -28.936875108 ], [ -56.256582232, -28.938490949 ], [ -56.257995521, -28.944765006 ], [ -56.260945727, -28.944134702 ], [ -56.262615535, -28.940954631999986 ], [ -56.264061971, -28.942272299 ], [ -56.270670137, -28.935420506 ], [ -56.271047351999989, -28.932255816 ], [ -56.273841165, -28.934347903 ], [ -56.272615596, -28.937322191 ], [ -56.281506718, -28.94294107 ], [ -56.284278644, -28.939711418 ], [ -56.284966916, -28.935687369 ], [ -56.288140385, -28.939026286 ], [ -56.290216139, -28.936946492 ], [ -56.290587471, -28.932608553 ], [ -56.295236819, -28.931508506 ], [ -56.296622295, -28.929630675 ], [ -56.301052233, -28.934207743 ], [ -56.305684402, -28.933537815 ], [ -56.306988807, -28.926201453 ], [ -56.314237035, -28.935630434 ], [ -56.313157525, -28.930998136 ], [ -56.315608593, -28.930602498 ], [ -56.317225587, -28.92798999 ], [ -56.323271271, -28.924725248 ], [ -56.303811648, -28.903032413 ], [ -56.300054078, -28.89556081200001 ], [ -56.298167707, -28.884444435 ], [ -56.297287138, -28.841420377 ], [ -56.301210668, -28.817045975 ], [ -56.299742369, -28.808113314 ], [ -56.289112695999989, -28.79372196700001 ], [ -56.270951493, -28.781925751 ], [ -56.260931114, -28.77900681 ], [ -56.22328233, -28.776837922 ], [ -56.210592306, -28.774653435 ], [ -56.194155539, -28.775197952 ], [ -56.188123895, -28.772280930999987 ], [ -56.182305173, -28.767000384 ], [ -56.160677459, -28.739651439 ], [ -56.151735143, -28.721774625 ], [ -56.14345356, -28.709131981 ], [ -56.119150943, -28.68124749 ], [ -56.082004881, -28.654199332 ], [ -56.056272232, -28.629203615 ], [ -56.047346027, -28.62408844 ], [ -56.037387257, -28.621898167 ], [ -56.025972773, -28.617144768 ], [ -56.017673986, -28.612943483 ], [ -56.009792587, -28.605826351 ], [ -56.003373274, -28.597798431 ], [ -56.001307527, -28.588132639 ], [ -56.002370917, -28.578298665 ], [ -56.007147566, -28.568992136 ], [ -56.020896819, -28.553196614 ], [ -56.024239449, -28.545734611 ], [ -56.025690045, -28.534793604 ], [ -56.023230077, -28.52276498 ], [ -56.018050001, -28.514192852 ], [ -56.011224108, -28.506893367 ], [ -56.001268056, -28.501599094 ], [ -55.988215182, -28.498115178 ], [ -55.960305214, -28.494790441 ], [ -55.949293608, -28.494592681 ], [ -55.93997572, -28.492023548999988 ], [ -55.928791316, -28.486352014 ], [ -55.907230871, -28.481572928 ], [ -55.884006045, -28.479163057 ], [ -55.881327822, -28.473504738 ], [ -55.882601649, -28.463838239 ], [ -55.889071268, -28.444784583 ], [ -55.900950381, -28.418754443 ], [ -55.903049485, -28.407644343 ], [ -55.900385866, -28.398346059 ], [ -55.890078775, -28.381191003 ], [ -55.884503215, -28.374799746 ], [ -55.878739289, -28.361847289 ], [ -55.871089162, -28.357262484 ], [ -55.859494785, -28.354864226 ], [ -55.85058491, -28.355389968 ], [ -55.821668342, -28.363588026 ], [ -55.809643145, -28.365744299 ], [ -55.756566743, -28.369431419 ], [ -55.746403792, -28.373226718 ], [ -55.734352473, -28.381209513 ], [ -55.728305919, -28.392480962 ], [ -55.719703485, -28.418679139 ], [ -55.713461388, -28.425755348 ], [ -55.704337022, -28.427556202 ], [ -55.695247523, -28.422966258 ], [ -55.692175867, -28.416379501 ], [ -55.686567361, -28.414687001 ], [ -55.682723049, -28.409303001 ], [ -55.674610659, -28.403114399 ], [ -55.670785869, -28.39819166 ], [ -55.668935604, -28.398774539 ], [ -55.668092293, -28.401488471 ], [ -55.664735043, -28.400990969 ], [ -55.666531924, -28.39823202 ], [ -55.662587866, -28.39471958 ], [ -55.66776484, -28.393416836 ], [ -55.669029018, -28.388519166 ], [ -55.668035706, -28.386405963 ], [ -55.663492269, -28.389572851 ], [ -55.660061009, -28.389866371 ], [ -55.660820805, -28.385648783 ], [ -55.659854482, -28.383945644 ], [ -55.657078165, -28.382971764 ], [ -55.652301698, -28.385138874 ], [ -55.650187539, -28.378951643 ], [ -55.644230162, -28.381886925 ], [ -55.643641591, -28.380310814 ], [ -55.642286458, -28.380568911 ], [ -55.642626453, -28.382105624 ], [ -55.640239217, -28.384718923 ], [ -55.638992909, -28.381507954 ], [ -55.63649163, -28.382480711 ], [ -55.634457821, -28.38166885 ], [ -55.634206342, -28.380706601 ], [ -55.638711343, -28.377728773 ], [ -55.634234291, -28.37321239 ], [ -55.635014273, -28.365193147 ], [ -55.629295827999989, -28.366449673 ], [ -55.626047586, -28.369000843 ], [ -55.616983429, -28.369853774 ], [ -55.614187767, -28.371931103 ], [ -55.610248096, -28.371903709 ], [ -55.607926212, -28.367996047 ], [ -55.607253892, -28.370027436 ], [ -55.605539832, -28.370228052 ], [ -55.604220535, -28.367643657 ], [ -55.598035036, -28.365405936 ], [ -55.598739695, -28.364024642 ], [ -55.59396577, -28.362697559 ], [ -55.596223257, -28.360300367 ], [ -55.594025486, -28.359457321 ], [ -55.590257204, -28.350090295 ], [ -55.584049825, -28.344707321 ], [ -55.583479722, -28.34292501 ], [ -55.584935329, -28.341144442 ], [ -55.58307807, -28.339432102 ] ] ] } },
{ "type": "Feature", "properties": { "codibge": "4310603", "municipio": "Itaqui", "uf": "RS", "total_alertas": 1, "nivel_max": "alto", "nivel_max_label": "Alto", "tem_hidro": true, "tem_geo": false, "qtd_hidro": 1, "qtd_geo": 0, "tipos": "hidro", "cor": "#ef8b1e", "severity_group": "alto", "alertas": [ { "id": "2884", "municipio": "ITAQUI", "codibge": "4310603", "uf": "RS", "bacia": "", "tipo": "hidro", "tipo_raw": "Risco Hidrológico - Alto", "nivel_raw": "Alto", "severity_group": "alto", "severity_rank": 2, "latitude": -29.213793126341, "longitude": -56.175396891607, "created_at": "2026-10-03 08:16:49.128", "updated_at": "2026-10-09 10:02:25.578" } ], "updated_at": "2026-10-10T02:38:32.282620+00:00" }, "geometry": { "type": "Polygon", "coordinates": [ [ [ -56.103349875, -28.849041098 ], [ -56.098154335, -28.854195341 ], [ -56.093745271, -28.854016707 ], [ -56.097260323, -28.856074432 ], [ -56.096281325, -28.857857429 ], [ -56.094162715, -28.856382306 ], [ -56.092605026, -28.857730511 ], [ -56.091258118, -28.854248295 ], [ -56.089381762, -28.853603623 ], [ -56.085434535, -28.85535221 ], [ -56.086284107, -28.857191645 ], [ -56.081581332, -28.85668164 ], [ -56.090301688, -28.905076888 ], [ -56.097015746, -28.919760511 ], [ -56.119372396, -28.941206324 ], [ -56.187675672, -29.014231107 ], [ -56.268743025, -29.095153663 ], [ -56.259669696, -29.100410292 ], [ -56.261248335, -29.108981926 ], [ -56.23777005, -29.117582421 ], [ -56.218932839, -29.12180849 ], [ -56.179775013, -29.133521007 ], [ -56.184553999, -29.138272756 ], [ -56.182277851, -29.140825134 ], [ -56.184761403, -29.143897039 ], [ -56.183831386, -29.154207019 ], [ -56.180166560000011, -29.159216131 ], [ -56.171116846, -29.160784378999985 ], [ -56.11178829, -29.152954252 ], [ -56.050843539, -29.149952003 ], [ -55.980299617, -29.15242875 ], [ -55.91235962, -29.156387217 ], [ -55.854961178000011, -29.136999841 ], [ -55.808884144, -29.127654416 ], [ -55.730942617, -29.123460543 ], [ -55.692589002, -29.107963742999985 ], [ -55.680396991, -29.106813601 ], [ -55.647163833, -29.107943761 ], [ -55.627172221, -29.093348462 ], [ -55.615782306, -29.092481222999989 ], [ -55.597780732, -29.095123241 ], [ -55.570222773, -29.093556061 ], [ -55.561999237, -29.087090559999986 ], [ -55.532360947, -29.071994497 ], [ -55.529145272, -29.068872166 ], [ -55.527415298, -29.0850675 ], [ -55.520518928, -29.091802068 ], [ -55.509565067, -29.09835018 ], [ -55.50517986, -29.127322935 ], [ -55.496243744, -29.132654863 ], [ -55.486908588, -29.160081953 ], [ -55.47709644, -29.170684977 ], [ -55.480163769, -29.18784694 ], [ -55.480374068, -29.198550148 ], [ -55.4895797, -29.199187724 ], [ -55.496959967, -29.194576235 ], [ -55.501125378, -29.196678274 ], [ -55.513069829, -29.198323558 ], [ -55.521923452, -29.196070941 ], [ -55.532762091, -29.196014055 ], [ -55.534055823, -29.198991299 ], [ -55.534949738, -29.19645625 ], [ -55.541745947, -29.196870679 ], [ -55.541014169, -29.198890644 ], [ -55.538418738, -29.198416253 ], [ -55.536606405, -29.20521497 ], [ -55.539998741, -29.203400782 ], [ -55.540230352, -29.200802058 ], [ -55.543965379, -29.201900111 ], [ -55.544927173, -29.203494638 ], [ -55.553355811, -29.205331063 ], [ -55.55941099, -29.203829141 ], [ -55.560601732, -29.210267492 ], [ -55.563770261, -29.215538956 ], [ -55.562888797, -29.219534416 ], [ -55.567372593, -29.219352989 ], [ -55.568586633, -29.223627904 ], [ -55.572827343, -29.225028586000011 ], [ -55.574347885, -29.223162454 ], [ -55.573670818, -29.221665839 ], [ -55.579807042, -29.221313011 ], [ -55.585344665, -29.218827395 ], [ -55.587026332, -29.212421136 ], [ -55.588810222, -29.21178659700001 ], [ -55.589130261, -29.214130765 ], [ -55.592815148, -29.215909952 ], [ -55.595541734, -29.219624473 ], [ -55.599904916, -29.22128081 ], [ -55.600831915, -29.223347075 ], [ -55.602258669, -29.223550995 ], [ -55.603748005, -29.221631698 ], [ -55.605301455, -29.224354307 ], [ -55.611980248, -29.217197693999989 ], [ -55.616574013, -29.215973273 ], [ -55.615928919, -29.221529367999988 ], [ -55.617658321, -29.222926443 ], [ -55.616307913, -29.224048632 ], [ -55.618775837, -29.224983055 ], [ -55.619734473, -29.226941455 ], [ -55.615723746, -29.227264157 ], [ -55.615545052, -29.228723971 ], [ -55.617588526, -29.230395973 ], [ -55.616264591, -29.231965241999987 ], [ -55.617588968, -29.232844937 ], [ -55.620105832, -29.230209468 ], [ -55.621413171, -29.234576516 ], [ -55.624646945, -29.235000921 ], [ -55.627357068, -29.236982175 ], [ -55.628043877, -29.240467309 ], [ -55.632476757, -29.241757281 ], [ -55.637761664, -29.241242578 ], [ -55.64189164, -29.246425398 ], [ -55.643036141, -29.25604477 ], [ -55.646459612, -29.256700816 ], [ -55.642880784, -29.258234042 ], [ -55.64167096, -29.258247998 ], [ -55.641122484, -29.256569784 ], [ -55.639708867, -29.25741697 ], [ -55.642781678, -29.265808493 ], [ -55.639912429, -29.266239697 ], [ -55.63968546, -29.269104543 ], [ -55.64360536, -29.270854102 ], [ -55.646488589, -29.278862681 ], [ -55.654817092, -29.284004958 ], [ -55.671500554, -29.278247367 ], [ -55.673203327, -29.289142908 ], [ -55.678902555, -29.286385293 ], [ -55.683212464, -29.287482022 ], [ -55.693796982, -29.285717493 ], [ -55.696009982, -29.28666087 ], [ -55.696750121, -29.298683095 ], [ -55.700758983999989, -29.308896722999989 ], [ -55.702596255, -29.309373017 ], [ -55.70507801, -29.304338957 ], [ -55.711419328, -29.315509199 ], [ -55.718033407, -29.321673201 ], [ -55.720445338, -29.322507146999985 ], [ -55.723589508, -29.320104323 ], [ -55.727354536, -29.319300724 ], [ -55.732498081, -29.320323686 ], [ -55.732161194, -29.321834355 ], [ -55.72942523, -29.321998797 ], [ -55.729242016, -29.326273831 ], [ -55.736498311, -29.33140029 ], [ -55.734125084, -29.332812959 ], [ -55.7340416, -29.334329359 ], [ -55.736366803, -29.33694643 ], [ -55.741819319, -29.339245782 ], [ -55.752044014, -29.340692232 ], [ -55.753354645, -29.337486564999988 ], [ -55.751133891, -29.337030454 ], [ -55.750516855, -29.335511512 ], [ -55.752666486, -29.331391075 ], [ -55.756718695, -29.32804744 ], [ -55.761655825, -29.330256254999988 ], [ -55.76224988, -29.328395775 ], [ -55.76575998, -29.327616105 ], [ -55.765148035, -29.330884805 ], [ -55.766959886, -29.333607326 ], [ -55.772936898, -29.33423072 ], [ -55.770279828, -29.33832121 ], [ -55.772171635, -29.33963733 ], [ -55.772526318, -29.342102197 ], [ -55.787401273, -29.343834046 ], [ -55.792066641, -29.341846716 ], [ -55.798658576, -29.34466777 ], [ -55.79985824, -29.350872386 ], [ -55.798587877, -29.356002694 ], [ -55.80055636, -29.362163552999984 ], [ -55.804139008999989, -29.366091869 ], [ -55.815073517, -29.361994831 ], [ -55.821118558, -29.362508653 ], [ -55.826363732, -29.36564158 ], [ -55.822449775, -29.368662504 ], [ -55.821642980999989, -29.372119861 ], [ -55.817338404, -29.370106795 ], [ -55.819144888, -29.37350687 ], [ -55.816051987, -29.376614731 ], [ -55.819156328, -29.377914529 ], [ -55.817909989, -29.380937709 ], [ -55.819015568, -29.384653085 ], [ -55.813927245, -29.389533372 ], [ -55.814170477, -29.390698986 ], [ -55.82615069500001, -29.395647681 ], [ -55.828529395, -29.39366779 ], [ -55.831184155, -29.395369401 ], [ -55.832348847, -29.393782219 ], [ -55.837731887, -29.396562781 ], [ -55.842201351, -29.395518895 ], [ -55.846134047, -29.396934663 ], [ -55.849579438, -29.402104615 ], [ -55.852432146, -29.403211369 ], [ -55.85360554, -29.40660347 ], [ -55.850122707, -29.411276972 ], [ -55.857561647, -29.420829599 ], [ -55.860992094, -29.422443096999988 ], [ -55.865699982, -29.422609969 ], [ -55.871639271, -29.420572212 ], [ -55.878756553, -29.41451575 ], [ -55.89021689, -29.399288881 ], [ -55.90887641, -29.387922207 ], [ -55.914061897, -29.381265671 ], [ -55.919021565, -29.37249088 ], [ -55.919567746, -29.368933965 ], [ -55.917681243, -29.365011579 ], [ -55.911725109, -29.360197797999987 ], [ -55.910465989, -29.356863376 ], [ -55.911066004, -29.353749458 ], [ -55.913757055, -29.350433304 ], [ -55.9163642, -29.349080892 ], [ -55.925783983, -29.348987707 ], [ -55.935748277, -29.351547525 ], [ -55.955616355, -29.361935637 ], [ -55.961279685, -29.361461993 ], [ -55.979254056, -29.34091544 ], [ -55.990173981, -29.338829337 ], [ -55.998304403, -29.335085852 ], [ -56.018690121, -29.315553437999988 ], [ -56.029505392, -29.300860897 ], [ -56.03783017, -29.295925287 ], [ -56.045386044, -29.295418429 ], [ -56.049696525, -29.297399679 ], [ -56.055976964, -29.321946410999988 ], [ -56.05845244, -29.324314515 ], [ -56.077784416, -29.332126666 ], [ -56.079565831, -29.334304931 ], [ -56.080735027, -29.341471981 ], [ -56.077512132, -29.355302867 ], [ -56.078052454, -29.358528585 ], [ -56.085668024, -29.367402371 ], [ -56.094867225, -29.369731192 ], [ -56.105415997, -29.363533465 ], [ -56.119357237, -29.360310477 ], [ -56.122296138, -29.357041416 ], [ -56.133419227, -29.327183807 ], [ -56.139504609, -29.321057508 ], [ -56.149102481, -29.314794225 ], [ -56.163343007, -29.311341134 ], [ -56.17503587, -29.31173658 ], [ -56.178056421, -29.313472133 ], [ -56.181904983, -29.322129314000012 ], [ -56.181471237, -29.329178936 ], [ -56.176653836, -29.338616031 ], [ -56.175830763, -29.346650488 ], [ -56.177199561, -29.365098891 ], [ -56.175951758, -29.370699864 ], [ -56.178051062, -29.37727072 ], [ -56.18508464, -29.379354394 ], [ -56.2011728, -29.380062993 ], [ -56.207808477, -29.384632955 ], [ -56.219865415, -29.400157141 ], [ -56.223112097, -29.401421524 ], [ -56.231300265, -29.402081973999987 ], [ -56.245618382, -29.399060402 ], [ -56.256459183, -29.399731426 ], [ -56.291315492, -29.417217338 ], [ -56.296601163, -29.416781892 ], [ -56.31961329, -29.407386253 ], [ -56.363590321, -29.397726893 ], [ -56.366360854, -29.399311787 ], [ -56.373859124, -29.408865413 ], [ -56.380264814, -29.411766744 ], [ -56.398316811, -29.417287593 ], [ -56.418365921, -29.425444319 ], [ -56.430025402, -29.427374832 ], [ -56.4605268, -29.420478688 ], [ -56.471843458, -29.415731764 ], [ -56.478426342, -29.408940283 ], [ -56.481731618, -29.393381507 ], [ -56.484941522, -29.390291899 ], [ -56.494692635, -29.387899734 ], [ -56.506077153, -29.387721514 ], [ -56.509712294, -29.388306027 ], [ -56.520593146, -29.394566257 ], [ -56.525551031, -29.39583047 ], [ -56.544081544, -29.396181644 ], [ -56.55446135, -29.394853407 ], [ -56.562257364, -29.391011366 ], [ -56.569180832, -29.391174862 ], [ -56.576733662, -29.401050739 ], [ -56.582983077, -29.404645767 ], [ -56.59031111, -29.406174479 ], [ -56.593381993, -29.405027345 ], [ -56.597478852, -29.393287756 ], [ -56.602197476, -29.391432069 ], [ -56.605801781, -29.391586232 ], [ -56.611886456, -29.396539255 ], [ -56.61180196, -29.401979919 ], [ -56.605629136, -29.411558531 ], [ -56.604310308, -29.4172298 ], [ -56.606982567, -29.422380337 ], [ -56.611148008, -29.424561153 ], [ -56.61816994, -29.425334127 ], [ -56.634507326, -29.417044084 ], [ -56.64834196, -29.418133331 ], [ -56.660469261, -29.423344292 ], [ -56.671220383, -29.425513307 ], [ -56.67447494, -29.42355906 ], [ -56.677753957, -29.413309826 ], [ -56.681911988, -29.406571972 ], [ -56.686939989, -29.403150836 ], [ -56.695017948, -29.400505575 ], [ -56.703113793, -29.400186659 ], [ -56.730738427, -29.405527025 ], [ -56.743158038, -29.410846993 ], [ -56.75156944, -29.411921563 ], [ -56.779955653, -29.419955262 ], [ -56.780361207, -29.416289783 ], [ -56.773151617, -29.386992743 ], [ -56.768401557, -29.377998887 ], [ -56.758703007, -29.370904555 ], [ -56.746190856, -29.368356363 ], [ -56.730073327, -29.368854879 ], [ -56.712968072, -29.367352615 ], [ -56.699965305, -29.356440893 ], [ -56.689120113, -29.333966399 ], [ -56.664522813, -29.294990869 ], [ -56.650714091, -29.26434826 ], [ -56.649206831, -29.254956413 ], [ -56.654851451, -29.231152213 ], [ -56.654760639, -29.223793977 ], [ -56.645842989, -29.200293956 ], [ -56.616924514, -29.171069326 ], [ -56.594874335, -29.136291126 ], [ -56.593911411, -29.126256093 ], [ -56.58875341800001, -29.119812818 ], [ -56.577783868, -29.115313367 ], [ -56.567982044, -29.114083493 ], [ -56.550131344, -29.116653384 ], [ -56.544307531, -29.115737329 ], [ -56.537673555, -29.111479445 ], [ -56.532753784, -29.104697044 ], [ -56.523487296, -29.09791675 ], [ -56.514855529, -29.092661987 ], [ -56.503025419, -29.088661566 ], [ -56.476519374, -29.086205843 ], [ -56.430420241, -29.07950349 ], [ -56.42177139, -29.075492 ], [ -56.415997499, -29.068960172 ], [ -56.413102136, -29.061918483 ], [ -56.412320721, -29.047234616 ], [ -56.410002744, -29.038655496 ], [ -56.404363219, -29.032480927 ], [ -56.399117272, -29.017351596 ], [ -56.402232846, -29.012063391 ], [ -56.412850079, -29.005300154 ], [ -56.416174189, -29.000736419999985 ], [ -56.415964679, -28.992263268 ], [ -56.406335992, -28.972595637 ], [ -56.389838118, -28.9553034 ], [ -56.378990174, -28.948029927 ], [ -56.344193918, -28.940056522999985 ], [ -56.323271271, -28.924725248 ], [ -56.317225587, -28.92798999 ], [ -56.315608593, -28.930602498 ], [ -56.313157525, -28.930998136 ], [ -56.314237035, -28.935630434 ], [ -56.306988807, -28.926201453 ], [ -56.305684402, -28.933537815 ], [ -56.301052233, -28.934207743 ], [ -56.296622295, -28.929630675 ], [ -56.295236819, -28.931508506 ], [ -56.290587471, -28.932608553 ], [ -56.290216139, -28.936946492 ], [ -56.288140385, -28.939026286 ], [ -56.284966916, -28.935687369 ], [ -56.284278644, -28.939711418 ], [ -56.281506718, -28.94294107 ], [ -56.272615596, -28.937322191 ], [ -56.273841165, -28.934347903 ], [ -56.271047351999989, -28.932255816 ], [ -56.270670137, -28.935420506 ], [ -56.264061971, -28.942272299 ], [ -56.262615535, -28.940954631999986 ], [ -56.260945727, -28.944134702 ], [ -56.257995521, -28.944765006 ], [ -56.256582232, -28.938490949 ], [ -56.254786857, -28.936875108 ], [ -56.248299774, -28.939884877 ], [ -56.248077673, -28.938483469 ], [ -56.250337944, -28.937120872 ], [ -56.247746125, -28.93510067 ], [ -56.245434034, -28.936152941 ], [ -56.242836269, -28.934994028 ], [ -56.237454452, -28.936649196 ], [ -56.234932011, -28.936032708 ], [ -56.231800265, -28.937522232 ], [ -56.229599006, -28.934035054 ], [ -56.227397507, -28.935325091 ], [ -56.224718716, -28.933819937 ], [ -56.225665073, -28.931350287 ], [ -56.221974059, -28.926050442 ], [ -56.220784829, -28.926272074 ], [ -56.220405327, -28.929544947 ], [ -56.21746331, -28.929154194 ], [ -56.216059948, -28.930498547 ], [ -56.214954322, -28.928866286 ], [ -56.213040759, -28.929662535 ], [ -56.211980411, -28.926005673 ], [ -56.209861102, -28.927207496 ], [ -56.209122585, -28.925467245 ], [ -56.210889742, -28.925024289 ], [ -56.211721759, -28.920006971 ], [ -56.210350108, -28.919991602 ], [ -56.207233669, -28.923456336 ], [ -56.206902259, -28.920255557 ], [ -56.20580106100001, -28.920224889 ], [ -56.208057327, -28.913438205 ], [ -56.204930612, -28.914473366 ], [ -56.203951794, -28.913679483 ], [ -56.206331324, -28.9125222 ], [ -56.20710619, -28.909835412 ], [ -56.205278243, -28.910787069 ], [ -56.201944541, -28.908769942 ], [ -56.200719449, -28.910394418 ], [ -56.198078451, -28.908393836 ], [ -56.201183889, -28.90572496 ], [ -56.198148521, -28.906269641 ], [ -56.197015829, -28.90527258 ], [ -56.199579826, -28.901927129 ], [ -56.196657683, -28.898251772 ], [ -56.194379316, -28.899381978 ], [ -56.192232512, -28.898870363 ], [ -56.190536756, -28.901865166 ], [ -56.18888512, -28.899833874 ], [ -56.187707032, -28.902041901 ], [ -56.185277345, -28.900559818 ], [ -56.178709985, -28.900991721 ], [ -56.177886782, -28.898450847 ], [ -56.17515699, -28.896286173 ], [ -56.176308474, -28.893825242 ], [ -56.178478041, -28.893570135 ], [ -56.176893489, -28.889379349 ], [ -56.179297806, -28.886131545 ], [ -56.178093891, -28.887056507 ], [ -56.177427166, -28.885423112 ], [ -56.172759047, -28.883955264 ], [ -56.173565302, -28.882988057 ], [ -56.17210188, -28.880017321 ], [ -56.173097618, -28.878598819 ], [ -56.171125956, -28.877066677 ], [ -56.172495204, -28.877043724 ], [ -56.17262686, -28.875143096 ], [ -56.168937468, -28.874175214 ], [ -56.169066888, -28.871522434 ], [ -56.165550048999989, -28.870710412 ], [ -56.166025343, -28.868220734 ], [ -56.169173472, -28.86722765 ], [ -56.167306715, -28.866735455 ], [ -56.166814541, -28.864852966 ], [ -56.164071061, -28.866077605 ], [ -56.164735249, -28.862957172 ], [ -56.162755076, -28.86485408 ], [ -56.161174375, -28.864855965 ], [ -56.161714506, -28.863612598 ], [ -56.160139231, -28.862785529 ], [ -56.154860295, -28.864193063 ], [ -56.153316678, -28.861170156 ], [ -56.152146531, -28.863333574 ], [ -56.149808768, -28.863856081 ], [ -56.149826985, -28.866981817 ], [ -56.146417169, -28.861635466 ], [ -56.145871129, -28.864744931 ], [ -56.141988846, -28.863887586 ], [ -56.141827094, -28.860498955 ], [ -56.13785548900001, -28.857621706 ], [ -56.137263772, -28.860514509 ], [ -56.134008045, -28.860811373 ], [ -56.135336106, -28.863296784 ], [ -56.13214366, -28.866346158 ], [ -56.126788756, -28.86274094800001 ], [ -56.127087954, -28.85986542 ], [ -56.122378565, -28.855162116 ], [ -56.119729325, -28.855486969 ], [ -56.119973656, -28.859293752 ], [ -56.117958092, -28.856700815 ], [ -56.110523936, -28.857077074 ], [ -56.110338526, -28.855053348 ], [ -56.112914815, -28.85466849 ], [ -56.113282268, -28.852615366 ], [ -56.109366188, -28.851874834 ], [ -56.110306246, -28.850156395999985 ], [ -56.10756367, -28.848135652999986 ], [ -56.103349875, -28.849041098 ] ] ] } },
{ "type": "Feature", "properties": { "codibge": "4322400", "municipio": "Uruguaiana", "uf": "RS", "total_alertas": 1, "nivel_max": "alto", "nivel_max_label": "Alto", "tem_hidro": true, "tem_geo": false, "qtd_hidro": 1, "qtd_geo": 0, "tipos": "hidro", "cor": "#ef8b1e", "severity_group": "alto", "alertas": [ { "id": "2897", "municipio": "URUGUAIANA", "codibge": "4322400", "uf": "RS", "bacia": "", "tipo": "hidro", "tipo_raw": "Risco Hidrológico - Alto", "nivel_raw": "Alto", "severity_group": "alto", "severity_rank": 2, "latitude": -29.840579610029, "longitude": -56.72993457504, "created_at": "2026-10-03 21:48:44.275", "updated_at": "2026-10-09 10:02:43.792" } ], "updated_at": "2026-10-10T02:38:32.283518+00:00" }, "geometry": { "type": "Polygon", "coordinates": [ [ [ -56.67447494, -29.42355906 ], [ -56.671220383, -29.425513307 ], [ -56.667380346, -29.425501837 ], [ -56.660469261, -29.423344292 ], [ -56.654158141, -29.426685464 ], [ -56.625648779, -29.426433153 ], [ -56.624707211, -29.42749765 ], [ -56.62736359, -29.427816811 ], [ -56.625225793, -29.432627939 ], [ -56.627578631, -29.43820537 ], [ -56.627221909, -29.441165413 ], [ -56.622552011, -29.445866807 ], [ -56.619543574, -29.446429126 ], [ -56.614841129, -29.442689326 ], [ -56.608509582, -29.444124478 ], [ -56.60663377, -29.446001534 ], [ -56.607070719, -29.448211141 ], [ -56.608524968, -29.448835499 ], [ -56.612708867, -29.446421757 ], [ -56.614693544, -29.448712782 ], [ -56.613025653, -29.455360275 ], [ -56.60965129, -29.452114522 ], [ -56.604585721, -29.452438172 ], [ -56.609041348, -29.453944271 ], [ -56.608010523, -29.45830518 ], [ -56.600201606, -29.457932153 ], [ -56.597864718, -29.455975993 ], [ -56.597666677, -29.449703177 ], [ -56.594925305, -29.447278745 ], [ -56.593618357, -29.449197749 ], [ -56.592068895, -29.44920446 ], [ -56.591863543, -29.44473695 ], [ -56.590062278, -29.444893705 ], [ -56.589160049, -29.448582945 ], [ -56.585637006, -29.444556756 ], [ -56.575774931, -29.440893896 ], [ -56.574778894, -29.452072598 ], [ -56.57256423, -29.452196535 ], [ -56.570197884, -29.449249459 ], [ -56.566800831, -29.453964133 ], [ -56.564708145, -29.4541433 ], [ -56.562181158, -29.452837565 ], [ -56.55913527, -29.447698675 ], [ -56.553679906, -29.450731196 ], [ -56.545075849, -29.450273661 ], [ -56.54178489, -29.457015473 ], [ -56.539540363, -29.456318878 ], [ -56.540566466, -29.453595977 ], [ -56.53625894, -29.454268679 ], [ -56.531490128, -29.459161023 ], [ -56.530716074, -29.461664467 ], [ -56.525962837, -29.463673549 ], [ -56.522897297, -29.463219477 ], [ -56.522115677, -29.467800582 ], [ -56.520242954, -29.46896498600001 ], [ -56.521405729, -29.470655339 ], [ -56.519884475, -29.471106138 ], [ -56.520417854, -29.472198845 ], [ -56.517840071, -29.475048349 ], [ -56.517637305, -29.477942191 ], [ -56.514892595, -29.475879529 ], [ -56.513803817, -29.478646727 ], [ -56.511815997, -29.477289281 ], [ -56.512401797, -29.474155571 ], [ -56.511152481000011, -29.47079137 ], [ -56.504566342, -29.468497880999987 ], [ -56.504227002, -29.46983701100001 ], [ -56.500821614, -29.469152573 ], [ -56.498898679, -29.465927126 ], [ -56.492184274, -29.470714878 ], [ -56.486803575, -29.470428626 ], [ -56.482790406, -29.466212166999988 ], [ -56.481395371, -29.46689553 ], [ -56.481827902, -29.470723439 ], [ -56.475326793, -29.468462962 ], [ -56.472707082, -29.470185251 ], [ -56.472289194, -29.472808944 ], [ -56.469985707, -29.470142877 ], [ -56.468549931, -29.475447364 ], [ -56.474056309, -29.484759265 ], [ -56.470127538, -29.485384082 ], [ -56.469535737, -29.482969395 ], [ -56.466132273, -29.483819701 ], [ -56.463020062, -29.482898932 ], [ -56.463180432, -29.488631012 ], [ -56.460081734, -29.488018323 ], [ -56.460576328, -29.4903023 ], [ -56.458354035, -29.491258626 ], [ -56.462261043, -29.49419821 ], [ -56.460183521, -29.497433284 ], [ -56.461790743, -29.498803961 ], [ -56.459697756, -29.500720977 ], [ -56.46019963, -29.501938061 ], [ -56.46167709, -29.503527551000012 ], [ -56.464884392, -29.503067812 ], [ -56.468249229, -29.504637581 ], [ -56.467511791, -29.507236526 ], [ -56.464149299, -29.508576595 ], [ -56.468521385, -29.513851845 ], [ -56.467897384, -29.518107872999988 ], [ -56.464914884, -29.519432808 ], [ -56.467145605, -29.522584488 ], [ -56.466602216, -29.523958885 ], [ -56.465408197, -29.522161326 ], [ -56.463982949, -29.522399641 ], [ -56.46347646, -29.52427651 ], [ -56.467380689, -29.526700137 ], [ -56.465408296, -29.528289493 ], [ -56.467929089, -29.529780194 ], [ -56.467130454, -29.531777014 ], [ -56.464555865, -29.533727402 ], [ -56.460384548, -29.532256365 ], [ -56.461008072, -29.52851977 ], [ -56.45702934, -29.530905377 ], [ -56.451916829, -29.530443358 ], [ -56.452461791, -29.53284365 ], [ -56.448354144, -29.538115141 ], [ -56.447051291, -29.538861414 ], [ -56.446427718, -29.53696391 ], [ -56.440367636, -29.539806628 ], [ -56.4377473, -29.538031374 ], [ -56.433828814, -29.542752528 ], [ -56.430205291, -29.5392443 ], [ -56.422317727, -29.539821057 ], [ -56.423026209, -29.543089598 ], [ -56.413573316, -29.554582062 ], [ -56.41273906, -29.559082494 ], [ -56.410458525, -29.55914371 ], [ -56.408170429, -29.561017536 ], [ -56.408126355, -29.562639677 ], [ -56.410833525, -29.562677166 ], [ -56.406912963, -29.564614843 ], [ -56.409385084, -29.56948637 ], [ -56.40441837, -29.573417774 ], [ -56.403831393, -29.576699934 ], [ -56.400309793, -29.575720278 ], [ -56.395575624, -29.580214373 ], [ -56.392175941, -29.579284606 ], [ -56.391296744, -29.585470213 ], [ -56.38930928, -29.587347351 ], [ -56.386483243, -29.585620799 ], [ -56.384372161, -29.58584537 ], [ -56.38277609, -29.588128392 ], [ -56.384093883, -29.593063484 ], [ -56.38265025, -29.593710696 ], [ -56.381130153, -29.590664781 ], [ -56.378272722, -29.589226276 ], [ -56.376067216, -29.592957532 ], [ -56.371867694, -29.595580053 ], [ -56.37190232, -29.597632733 ], [ -56.374316793, -29.59884393 ], [ -56.376251859, -29.595724419 ], [ -56.37877738, -29.598498992 ], [ -56.383321192, -29.608363844 ], [ -56.384008768, -29.614893697 ], [ -56.377467089, -29.616929033 ], [ -56.378534921, -29.62132578 ], [ -56.382912558, -29.625794789 ], [ -56.381520335, -29.628295078 ], [ -56.374986063, -29.629671911 ], [ -56.367551977, -29.637226164 ], [ -56.366850606, -29.640668041 ], [ -56.370378148, -29.65151265 ], [ -56.370242641, -29.655338491 ], [ -56.365117127, -29.66181167 ], [ -56.361702779, -29.670130752 ], [ -56.363897985, -29.67134958 ], [ -56.368026912, -29.670427365 ], [ -56.368754778, -29.675514654 ], [ -56.37056525, -29.677502212 ], [ -56.376455375, -29.678874731 ], [ -56.381330631, -29.6832581 ], [ -56.38821458, -29.685252458 ], [ -56.391002075, -29.687365485 ], [ -56.390304835, -29.690346585 ], [ -56.392086445, -29.691740094 ], [ -56.394679198, -29.690207215 ], [ -56.397972828, -29.691079167 ], [ -56.400288989, -29.693434059 ], [ -56.398713992, -29.699696269 ], [ -56.40060834, -29.701211149 ], [ -56.401472802, -29.705049498 ], [ -56.394820302, -29.722362369 ], [ -56.384201971, -29.728855248 ], [ -56.38267046, -29.73544114 ], [ -56.380233999, -29.737210879 ], [ -56.378477136, -29.736719438 ], [ -56.371308486, -29.744384739 ], [ -56.37342151, -29.756166861 ], [ -56.371013565, -29.766022721 ], [ -56.368799618, -29.769462818 ], [ -56.370519851, -29.771405917 ], [ -56.368954273, -29.773176109 ], [ -56.369808079, -29.778466637 ], [ -56.36626423, -29.783822356 ], [ -56.369914669, -29.791460537 ], [ -56.372166879, -29.809830844 ], [ -56.368052246, -29.820461178 ], [ -56.364356104, -29.825122564 ], [ -56.365561006, -29.830276047 ], [ -56.363663078, -29.834232535 ], [ -56.351014226, -29.848627112 ], [ -56.339450803, -29.851391499 ], [ -56.328415461, -29.856997796 ], [ -56.316194263, -29.859450774 ], [ -56.305691326, -29.867367005 ], [ -56.305019642, -29.870211117 ], [ -56.307542267, -29.87756859 ], [ -56.306784985, -29.881236595 ], [ -56.299331062, -29.888582392 ], [ -56.292694928, -29.897905557999987 ], [ -56.291274568, -29.906835881 ], [ -56.28565732, -29.911240043 ], [ -56.283086181, -29.923967645 ], [ -56.280891833, -29.926263581 ], [ -56.280664605, -29.929108015 ], [ -56.265235496, -29.942425843999988 ], [ -56.262381888, -29.949499476 ], [ -56.258389316, -29.95080603 ], [ -56.247286335, -29.958124122 ], [ -56.247706312, -29.961130625 ], [ -56.244747653, -29.962593191 ], [ -56.245703643, -29.967410312 ], [ -56.243767049, -29.977790924 ], [ -56.240363777, -29.981261971 ], [ -56.234297159, -29.983138735 ], [ -56.226598224999989, -29.982522409 ], [ -56.224933491, -29.983952766 ], [ -56.222635966, -29.982895003999989 ], [ -56.220433698, -29.986021566 ], [ -56.216428796, -29.987560675 ], [ -56.209781227, -29.992771811 ], [ -56.204034702, -29.993897897 ], [ -56.200129379, -29.99278728 ], [ -56.199386548, -29.996328292 ], [ -56.197482821, -29.997759606 ], [ -56.193493227, -29.997580824 ], [ -56.190436102, -29.999786923 ], [ -56.187783728, -29.999564083 ], [ -56.184590042, -30.001412515 ], [ -56.178922895, -30.013600932 ], [ -56.170244912, -30.019149466 ], [ -56.167361798, -30.026259635 ], [ -56.159552006, -30.02912577 ], [ -56.155563006, -30.032572806 ], [ -56.155404123, -30.035819088 ], [ -56.152816093, -30.039474855 ], [ -56.153968752, -30.042039576 ], [ -56.153122451, -30.053826072 ], [ -56.150267888, -30.055011696 ], [ -56.156162389, -30.063826524 ], [ -56.162673562, -30.063790875 ], [ -56.165044189, -30.068338267 ], [ -56.171019174, -30.074040835 ], [ -56.171414535, -30.077417727 ], [ -56.1762134, -30.079588299 ], [ -56.181817134, -30.085944834 ], [ -56.191749888, -30.086778786 ], [ -56.194972162, -30.089444728 ], [ -56.200040391, -30.087985744 ], [ -56.210072851, -30.089646242 ], [ -56.213303549, -30.091266446 ], [ -56.216141639999989, -30.089655004 ], [ -56.219793294, -30.092185927 ], [ -56.230988456, -30.091759270000011 ], [ -56.239595035, -30.097047737 ], [ -56.246380492, -30.098717405 ], [ -56.250465139, -30.103041707 ], [ -56.2559645, -30.102384754 ], [ -56.258811711, -30.106207003 ], [ -56.264279624, -30.107532246 ], [ -56.278361522, -30.114121284 ], [ -56.290511966, -30.112311316 ], [ -56.29896082, -30.116797734 ], [ -56.304014328, -30.116495521 ], [ -56.308116103, -30.114586743 ], [ -56.320507171, -30.120110643 ], [ -56.339175047, -30.118855404 ], [ -56.342614174, -30.120553368 ], [ -56.348657154, -30.119341811 ], [ -56.353602698, -30.115187548 ], [ -56.358468079, -30.11304805 ], [ -56.365027264, -30.112968951 ], [ -56.379126837, -30.117808143 ], [ -56.389333373, -30.115098229 ], [ -56.405999665, -30.116278341 ], [ -56.413021244, -30.120777943 ], [ -56.416923479, -30.121788246 ], [ -56.426139802, -30.120753697 ], [ -56.433686715, -30.12486825 ], [ -56.435805062, -30.132258796 ], [ -56.439612083, -30.136921938 ], [ -56.459902805, -30.140784985 ], [ -56.462101336, -30.142949266 ], [ -56.466001537, -30.141776072 ], [ -56.472565276, -30.143424447 ], [ -56.477569012, -30.145825951 ], [ -56.482192446, -30.150442601 ], [ -56.500599748, -30.147540844 ], [ -56.503672346, -30.148055758 ], [ -56.505870234, -30.149656646 ], [ -56.509379829, -30.156434939 ], [ -56.512761537, -30.159012095 ], [ -56.517767927, -30.156708074 ], [ -56.524886192, -30.148709991 ], [ -56.534977926, -30.144376177 ], [ -56.54676718, -30.134304072 ], [ -56.56211337, -30.145560982 ], [ -56.568625815, -30.146676231 ], [ -56.580796953, -30.144172775 ], [ -56.587563651, -30.144841193 ], [ -56.590716463, -30.146502042 ], [ -56.59424559, -30.145797648 ], [ -56.600191922, -30.148072959 ], [ -56.6139743, -30.158415854 ], [ -56.615395958, -30.162275285 ], [ -56.624905041, -30.175340029 ], [ -56.625231125, -30.183012463 ], [ -56.650896902, -30.188392144 ], [ -56.654119901, -30.19830131 ], [ -56.658104562, -30.201290894 ], [ -56.660801902, -30.198338544 ], [ -56.663678745, -30.197426592 ], [ -56.678688404, -30.200263064 ], [ -56.68015532, -30.198648101 ], [ -56.680278008, -30.194824138 ], [ -56.681947695, -30.194497084 ], [ -56.696250329, -30.205054396 ], [ -56.698224409, -30.20439152 ], [ -56.700538524, -30.197622517 ], [ -56.708394644, -30.188132119 ], [ -56.704820032, -30.179275774 ], [ -56.705648384, -30.176063793 ], [ -56.71115522, -30.175971721 ], [ -56.717650528, -30.179867877 ], [ -56.719895192, -30.17972953 ], [ -56.729785597, -30.171704147 ], [ -56.746550615, -30.166720434 ], [ -56.758214287, -30.160845772999988 ], [ -56.760913273, -30.160445271 ], [ -56.772999242, -30.164262932 ], [ -56.77786517, -30.1624474 ], [ -56.78193808, -30.15877421 ], [ -56.784005417, -30.151165575 ], [ -56.777792804, -30.133714856 ], [ -56.780271012, -30.126630374 ], [ -56.799449768, -30.122299667 ], [ -56.801854165, -30.119870319 ], [ -56.803028133, -30.110128685 ], [ -56.806367894, -30.104447163 ], [ -56.810040768, -30.102974046 ], [ -56.812472574, -30.106496708 ], [ -56.816830652, -30.107347827 ], [ -56.81864441, -30.106141294 ], [ -56.824166901, -30.09564446 ], [ -56.83358456500001, -30.092302246 ], [ -56.854173006, -30.088793353 ], [ -56.864551036, -30.090050416 ], [ -56.870691498, -30.093935487999989 ], [ -56.873650768, -30.09272393 ], [ -56.873276178, -30.088695413 ], [ -56.874541226, -30.086248624 ], [ -56.880020188, -30.088450475999984 ], [ -56.886046026, -30.087428464 ], [ -56.888888814, -30.089108498 ], [ -56.891934713, -30.100295344 ], [ -56.902629521, -30.112340801 ], [ -56.905382203, -30.113469962 ], [ -56.906721574, -30.112373375 ], [ -56.904743722, -30.109095679 ], [ -56.905407121, -30.107653977 ], [ -56.90881111800001, -30.107629164999988 ], [ -56.913947421, -30.110970354 ], [ -56.91537537, -30.110217612 ], [ -56.915113968, -30.107520395 ], [ -56.911992492, -30.104349915 ], [ -56.911327134, -30.101509133 ], [ -56.917773671, -30.096201725 ], [ -56.932415991, -30.093936865 ], [ -56.936009715, -30.094456152999989 ], [ -56.944317352, -30.098505766 ], [ -56.95558087, -30.101144856 ], [ -56.967758969, -30.097663997 ], [ -56.977423058, -30.097554643 ], [ -56.982835207, -30.088430029 ], [ -56.993442554, -30.085711772 ], [ -57.005790891, -30.087755227 ], [ -57.023898099, -30.087542221 ], [ -57.028940585, -30.092848043 ], [ -57.031332093, -30.102143844 ], [ -57.044805033, -30.10573889 ], [ -57.047909916, -30.104574162 ], [ -57.050870726, -30.100962453 ], [ -57.057872044, -30.098646517 ], [ -57.067840542, -30.101209256 ], [ -57.069301552, -30.099234516 ], [ -57.067138978, -30.09118523 ], [ -57.061539342, -30.089577454 ], [ -57.061360049, -30.088520262 ], [ -57.066468237, -30.0852828 ], [ -57.06908076, -30.085575017 ], [ -57.073565358, -30.089996293 ], [ -57.078281544, -30.091516171 ], [ -57.08723445, -30.101043423 ], [ -57.087673365, -30.10663011 ], [ -57.092238139, -30.110549027 ], [ -57.091199779, -30.113239507 ], [ -57.087928479, -30.112685558 ], [ -57.087215766, -30.11055926 ], [ -57.085874826, -30.110319878 ], [ -57.084574699, -30.112154704 ], [ -57.08475784, -30.114549641 ], [ -57.089347282, -30.120397563 ], [ -57.092365291, -30.121755474 ], [ -57.095486791, -30.121264822 ], [ -57.095081958, -30.116012499 ], [ -57.096418321, -30.114569981 ], [ -57.106279293999989, -30.115270605 ], [ -57.108168686, -30.116668013 ], [ -57.11355919, -30.11452396 ], [ -57.121395772, -30.109243124 ], [ -57.134019984, -30.088298713 ], [ -57.138410506, -30.073453266 ], [ -57.136169779, -30.064492567 ], [ -57.151785768, -30.056766726 ], [ -57.155326572, -30.059635776 ], [ -57.162425408, -30.059844606 ], [ -57.167653426, -30.054300137 ], [ -57.170053118, -30.046322726 ], [ -57.184775014, -30.042691624 ], [ -57.215075425, -30.022032435999986 ], [ -57.219417086, -30.025739794 ], [ -57.23119856, -30.018819445 ], [ -57.227487085, -30.014254984 ], [ -57.243257166, -30.004696246 ], [ -57.245628529, -29.997355609 ], [ -57.251758723, -29.990503319 ], [ -57.256851824, -29.978529387 ], [ -57.257772969, -29.975321845 ], [ -57.256538312, -29.971845216 ], [ -57.263637855, -29.970846898 ], [ -57.271200484, -29.966974906 ], [ -57.274354442000011, -29.959726295 ], [ -57.280136796, -29.953291109 ], [ -57.284900346, -29.952653143 ], [ -57.291713864, -29.949373514000012 ], [ -57.29554236900001, -29.951195906999988 ], [ -57.299447503, -29.95020347 ], [ -57.302566175, -29.952690535 ], [ -57.30641299, -29.953031047 ], [ -57.308355126999984, -29.949855037 ], [ -57.311134191, -29.949857661 ], [ -57.31035145, -29.953724089 ], [ -57.311461565, -29.95628352 ], [ -57.31561911, -29.95897007 ], [ -57.320366915999983, -29.96752328 ], [ -57.328126791999985, -29.971944921 ], [ -57.324045173, -29.939802501 ], [ -57.324079572, -29.921729399 ], [ -57.328623834999988, -29.902545795 ], [ -57.329688014999988, -29.887635369 ], [ -57.324578905, -29.872817849 ], [ -57.29781686699998, -29.834729179 ], [ -57.282178511, -29.817288264 ], [ -57.267752239, -29.809455114 ], [ -57.235400158, -29.780788386 ], [ -57.221053139, -29.776301507 ], [ -57.180659093, -29.781200801 ], [ -57.17202099, -29.780684864 ], [ -57.131905357, -29.770160056 ], [ -57.099722117, -29.74832011 ], [ -57.069222099, -29.721941031 ], [ -57.057338809, -29.713729705 ], [ -57.045475592, -29.701585929 ], [ -57.033434897, -29.695707785 ], [ -57.021104574, -29.683317321 ], [ -57.011519342, -29.664496214 ], [ -57.000923686, -29.651914638 ], [ -56.990640037, -29.646683772 ], [ -56.971148366, -29.643406403 ], [ -56.967394843, -29.637261961 ], [ -56.967286614, -29.630070512 ], [ -56.972084955, -29.617300946 ], [ -56.971397969, -29.610284187 ], [ -56.96780032600001, -29.601794887 ], [ -56.95091776, -29.580687251 ], [ -56.929537202, -29.566215132 ], [ -56.92074509, -29.554517416 ], [ -56.901961734, -29.533816707 ], [ -56.888008403, -29.526447019 ], [ -56.872840865, -29.514740839 ], [ -56.86081571, -29.507346907 ], [ -56.822092442, -29.4900248 ], [ -56.808210262, -29.473111156 ], [ -56.803998144, -29.459678789 ], [ -56.796951479, -29.449066935 ], [ -56.779500372, -29.437372594 ], [ -56.777849992, -29.429027898 ], [ -56.779955653, -29.419955262 ], [ -56.75156944, -29.411921563 ], [ -56.743158038, -29.410846993 ], [ -56.730738427, -29.405527025 ], [ -56.703113793, -29.400186659 ], [ -56.695017948, -29.400505575 ], [ -56.686939989, -29.403150836 ], [ -56.681911988, -29.406571972 ], [ -56.677753957, -29.413309826 ], [ -56.67447494, -29.42355906 ] ] ] } },
{ "type": "Feature", "properties": { "codibge": "3509700", "municipio": "Campos do Jordão", "uf": "SP", "total_alertas": 1, "nivel_max": "moderado", "nivel_max_label": "Moderado", "tem_hidro": true, "tem_geo": false, "qtd_hidro": 1, "qtd_geo": 0, "tipos": "hidro", "cor": "#d6b52b", "severity_group": "moderado", "alertas": [ { "id": "2926", "municipio": "CAMPOS DO JORDÃO", "codibge": "3509700", "uf": "SP", "bacia": "", "tipo": "hidro", "tipo_raw": "Risco Hidrológico - Moderado", "nivel_raw": "Moderado", "severity_group": "moderado", "severity_rank": 1, "latitude": -22.701735915442, "longitude": -45.532924207094, "created_at": "2026-10-09 14:39:43.933", "updated_at": "2026-10-09 14:39:43.933" } ], "updated_at": "2026-10-10T02:38:32.284198+00:00" }, "geometry": { "type": "Polygon", "coordinates": [ [ [ -45.473856577, -22.588894225 ], [ -45.458029647, -22.600089719 ], [ -45.451708492, -22.606350419 ], [ -45.448051385, -22.604612652 ], [ -45.445378279, -22.608647463 ], [ -45.437492915, -22.611741764 ], [ -45.435547153, -22.618320716 ], [ -45.42613736, -22.621160671 ], [ -45.418490222, -22.620984673 ], [ -45.412495662, -22.623002282 ], [ -45.413096533, -22.628503641 ], [ -45.408796201, -22.63348944 ], [ -45.411739175, -22.641063772 ], [ -45.408743855, -22.644077931 ], [ -45.410521092, -22.651671025 ], [ -45.3999859, -22.653680296 ], [ -45.400954465, -22.661136312 ], [ -45.402760354, -22.665904454 ], [ -45.409497646, -22.673524073 ], [ -45.413213018, -22.675655885 ], [ -45.420584384, -22.676937254 ], [ -45.424053339, -22.680500922 ], [ -45.424650221, -22.685193231 ], [ -45.426883619, -22.68701052 ], [ -45.425260416, -22.691243593 ], [ -45.427663364, -22.695240753 ], [ -45.439990747, -22.703895498 ], [ -45.445451817, -22.705048143 ], [ -45.445442816, -22.707317062 ], [ -45.447845916, -22.709787966 ], [ -45.447325732, -22.714487089 ], [ -45.448615844, -22.715751313 ], [ -45.452786723, -22.716019912 ], [ -45.454189643, -22.71849441 ], [ -45.456325004, -22.719152809 ], [ -45.459730433, -22.717149451 ], [ -45.459389164, -22.71449621 ], [ -45.464908112, -22.714185351 ], [ -45.477081585, -22.719965051999989 ], [ -45.478066904, -22.72329811 ], [ -45.481802001, -22.72507412 ], [ -45.481703428, -22.728085051 ], [ -45.490535756, -22.735376213 ], [ -45.493511463, -22.736386842 ], [ -45.494860861, -22.742546845 ], [ -45.498879694, -22.744345795 ], [ -45.504891864, -22.74461473 ], [ -45.520004042, -22.7538957 ], [ -45.527969603, -22.755774706 ], [ -45.533709883, -22.763208249 ], [ -45.538655635, -22.765671851 ], [ -45.540834517, -22.764969351 ], [ -45.541666911, -22.769184263 ], [ -45.547713201, -22.770958717 ], [ -45.55051723, -22.769509947 ], [ -45.55300872, -22.77401309 ], [ -45.556734908, -22.775489846 ], [ -45.560481609, -22.773102951 ], [ -45.566015796, -22.778528753 ], [ -45.569574961, -22.776943376 ], [ -45.581541579, -22.777727668 ], [ -45.580475817, -22.780214162 ], [ -45.582122835, -22.782897001 ], [ -45.580718009, -22.786166233 ], [ -45.581191276, -22.789426950999989 ], [ -45.584749355, -22.792398218 ], [ -45.598325224, -22.789323795 ], [ -45.603347206, -22.792121251 ], [ -45.612059561, -22.793356276 ], [ -45.61437177, -22.79709576 ], [ -45.616809654, -22.795468043 ], [ -45.626766745, -22.793593848 ], [ -45.640136674, -22.793562638 ], [ -45.643509096, -22.785976923 ], [ -45.654366407, -22.788700799 ], [ -45.657731779, -22.790753199 ], [ -45.662876026, -22.789658478 ], [ -45.668104598, -22.791377054 ], [ -45.673189186, -22.790538837 ], [ -45.676313615, -22.787584901 ], [ -45.65864671, -22.759042352 ], [ -45.65922094, -22.738193348 ], [ -45.655948402, -22.738084825 ], [ -45.642613761, -22.730381961 ], [ -45.630680513, -22.730874002 ], [ -45.616487345, -22.726102246 ], [ -45.623710531, -22.724919219 ], [ -45.625056062, -22.72604762 ], [ -45.624508382, -22.723864559 ], [ -45.626902552, -22.720052576 ], [ -45.625757516, -22.717466547 ], [ -45.620716354, -22.71499805 ], [ -45.619366344, -22.708362879 ], [ -45.611820918, -22.694787908 ], [ -45.614214111, -22.690030511 ], [ -45.621060644, -22.68679937 ], [ -45.623833276, -22.682776626 ], [ -45.622695718, -22.68226857 ], [ -45.616603259, -22.68643346 ], [ -45.601391906, -22.681618632 ], [ -45.595537224, -22.675453646 ], [ -45.590161355, -22.673782839 ], [ -45.591946748, -22.668196614 ], [ -45.590886272, -22.664546763 ], [ -45.582193344, -22.657578744 ], [ -45.58040831, -22.652909852 ], [ -45.576768877, -22.654031281 ], [ -45.573577014, -22.65697008 ], [ -45.571101646, -22.655608743 ], [ -45.565965276999989, -22.65652275 ], [ -45.559161218, -22.653594628 ], [ -45.554082558, -22.654315018 ], [ -45.544790649, -22.650838756 ], [ -45.539908219, -22.652579787 ], [ -45.538445788, -22.650017418 ], [ -45.533046956, -22.646754255 ], [ -45.524931015, -22.646874655 ], [ -45.516459648, -22.641430203 ], [ -45.514214822, -22.637362531 ], [ -45.50831522, -22.634318059 ], [ -45.507461738, -22.631719483 ], [ -45.50459743, -22.630675694 ], [ -45.499128485999989, -22.625011206 ], [ -45.488800491, -22.628785223 ], [ -45.485616838, -22.623578466 ], [ -45.483523168, -22.615676524 ], [ -45.477381752, -22.608669925 ], [ -45.476824135, -22.602410663 ], [ -45.474774244, -22.599509915 ], [ -45.478544249, -22.591118373 ], [ -45.481285413, -22.591195364 ], [ -45.473856577, -22.588894225 ] ] ] } },
{ "type": "Feature", "properties": { "codibge": "3549904", "municipio": "São José dos Campos", "uf": "SP", "total_alertas": 2, "nivel_max": "moderado", "nivel_max_label": "Moderado", "tem_hidro": true, "tem_geo": true, "qtd_hidro": 1, "qtd_geo": 1, "tipos": "geo, hidro", "cor": "#d6b52b", "severity_group": "moderado", "alertas": [ { "id": "2927", "municipio": "SÃO JOSÉ DOS CAMPOS", "codibge": "3549904", "uf": "SP", "bacia": "", "tipo": "hidro", "tipo_raw": "Risco Hidrológico - Moderado", "nivel_raw": "Moderado", "severity_group": "moderado", "severity_rank": 1, "latitude": -23.09056975091, "longitude": -45.928535970912, "created_at": "2026-10-09 14:46:06.539", "updated_at": "2026-10-09 14:46:06.539" }, { "id": "2928", "municipio": "SÃO JOSÉ DOS CAMPOS", "codibge": "3549904", "uf": "SP", "bacia": "", "tipo": "geo", "tipo_raw": "Movimentos de Massa - Moderado", "nivel_raw": "Moderado", "severity_group": "moderado", "severity_rank": 1, "latitude": -23.09056975091, "longitude": -45.928535970912, "created_at": "2026-10-09 16:02:37.971", "updated_at": "2026-10-09 16:02:37.971" } ], "updated_at": "2026-10-10T02:38:32.284927+00:00" }, "geometry": { "type": "Polygon", "coordinates": [ [ [ -45.905214, -22.818947999 ], [ -45.904686, -22.823397999 ], [ -45.907404, -22.825503999 ], [ -45.909035, -22.829604999 ], [ -45.903875, -22.836943999 ], [ -45.901019, -22.836058999 ], [ -45.89665, -22.839844999 ], [ -45.893673, -22.838953999 ], [ -45.894283, -22.841979999 ], [ -45.891156, -22.845773999 ], [ -45.894211, -22.848924999 ], [ -45.892345, -22.852641999 ], [ -45.894321, -22.856943999 ], [ -45.890201, -22.858233999 ], [ -45.88938, -22.860638999 ], [ -45.887282, -22.872049999 ], [ -45.888977, -22.875804999 ], [ -45.879767, -22.875453999 ], [ -45.870978, -22.871492999 ], [ -45.86997, -22.881962999 ], [ -45.865456, -22.885465999 ], [ -45.863815, -22.892440999 ], [ -45.868692, -22.895392999 ], [ -45.874097, -22.902452999 ], [ -45.878253, -22.911771999 ], [ -45.87602, -22.916434999 ], [ -45.877347, -22.920936999 ], [ -45.881198, -22.923171999 ], [ -45.883796, -22.929514999 ], [ -45.890613, -22.933772999 ], [ -45.895645, -22.933865999 ], [ -45.893665, -22.941870999 ], [ -45.88884, -22.944775999 ], [ -45.888661, -22.947316999 ], [ -45.882582, -22.951216999 ], [ -45.886015, -22.954414999 ], [ -45.88762, -22.958188999 ], [ -45.880611, -22.965667999 ], [ -45.890468, -22.971492999 ], [ -45.894729, -22.985562999 ], [ -45.899747, -22.989703999 ], [ -45.907447, -22.991398999 ], [ -45.907769, -22.995124999 ], [ -45.910127, -22.995279999 ], [ -45.911123, -22.997843999 ], [ -45.916961, -23.000399999 ], [ -45.919713, -23.003264999 ], [ -45.919457, -23.006149999 ], [ -45.928443, -23.013316999 ], [ -45.932357, -23.020412999 ], [ -45.930325, -23.023033999 ], [ -45.931372, -23.025830999 ], [ -45.928914, -23.026996999 ], [ -45.931901, -23.030082999 ], [ -45.927079, -23.031268999 ], [ -45.923327, -23.036074999 ], [ -45.918336, -23.031007999 ], [ -45.907354, -23.025520999 ], [ -45.904938, -23.021392999 ], [ -45.894875, -23.017932999 ], [ -45.891008, -23.012995999 ], [ -45.885238, -23.009499999 ], [ -45.884109, -23.012054999 ], [ -45.886258, -23.017097999 ], [ -45.880486, -23.024334999 ], [ -45.878943, -23.028449999 ], [ -45.870229, -23.031829999 ], [ -45.861409, -23.037816999 ], [ -45.858125, -23.037594999 ], [ -45.855381, -23.043226999 ], [ -45.852739, -23.044620998999989 ], [ -45.847729, -23.045381999 ], [ -45.844005, -23.041708999 ], [ -45.841785, -23.041191999 ], [ -45.802493, -23.091290999 ], [ -45.802809, -23.093367999 ], [ -45.798615, -23.100113999 ], [ -45.799614, -23.101778999 ], [ -45.795457, -23.103046999 ], [ -45.793459, -23.107006998999989 ], [ -45.790299, -23.106790999 ], [ -45.79024, -23.103219999 ], [ -45.788074, -23.102394999 ], [ -45.787137, -23.103678999 ], [ -45.788281, -23.106896999 ], [ -45.78601, -23.109433999 ], [ -45.787221, -23.111464999 ], [ -45.779576, -23.109922999 ], [ -45.778584, -23.111011998999988 ], [ -45.779859, -23.114480999 ], [ -45.778564, -23.115291999 ], [ -45.777047, -23.114479999 ], [ -45.776043, -23.104995999 ], [ -45.772575, -23.107159999 ], [ -45.771749, -23.113942999 ], [ -45.768234, -23.116323998999988 ], [ -45.765313, -23.115415999 ], [ -45.765193, -23.110790999 ], [ -45.762979, -23.111237999 ], [ -45.760822, -23.114543999 ], [ -45.757881, -23.111505999 ], [ -45.755354, -23.111926999 ], [ -45.754925, -23.115927999 ], [ -45.75224, -23.117957999 ], [ -45.756493, -23.118982999 ], [ -45.759156, -23.122995999 ], [ -45.760415, -23.128689999 ], [ -45.756994, -23.131866999 ], [ -45.756092, -23.134943999 ], [ -45.760185, -23.143349999 ], [ -45.759364, -23.153485999 ], [ -45.756614, -23.157953999 ], [ -45.759158, -23.161473999 ], [ -45.759925, -23.166656999 ], [ -45.75208649, -23.178076389 ], [ -45.750973, -23.192392999 ], [ -45.747566, -23.199050999 ], [ -45.741639, -23.199182999 ], [ -45.741279, -23.201820999 ], [ -45.738635, -23.204648999 ], [ -45.739592, -23.206770999 ], [ -45.737735, -23.210241999 ], [ -45.73755, -23.216760999 ], [ -45.734437, -23.219289999 ], [ -45.730514, -23.229165999 ], [ -45.726973, -23.231033999 ], [ -45.721280011, -23.237949007 ], [ -45.723261, -23.239413999 ], [ -45.730152, -23.239021999 ], [ -45.735956, -23.244467999 ], [ -45.741573, -23.245837999 ], [ -45.743388, -23.247254999 ], [ -45.744422, -23.251942999 ], [ -45.747563, -23.252314999 ], [ -45.748287, -23.255130999 ], [ -45.749482, -23.253714999 ], [ -45.750966, -23.254898999 ], [ -45.753907, -23.253642999 ], [ -45.757402, -23.255435999 ], [ -45.762176, -23.251422999 ], [ -45.763726, -23.251646999 ], [ -45.765723, -23.253609999 ], [ -45.766526, -23.258480999 ], [ -45.770588, -23.261123999 ], [ -45.773704, -23.260619999 ], [ -45.776272, -23.263204999 ], [ -45.776105, -23.267395999 ], [ -45.778541, -23.267948999 ], [ -45.781593, -23.275859999 ], [ -45.784981, -23.277018999 ], [ -45.790086, -23.282671999 ], [ -45.793719, -23.292003999 ], [ -45.804909, -23.293366999 ], [ -45.812113, -23.289100999 ], [ -45.814492, -23.289682999 ], [ -45.816396, -23.292625999 ], [ -45.821585, -23.293551999 ], [ -45.823238, -23.295353999 ], [ -45.830052, -23.293078999 ], [ -45.832321, -23.294344998999989 ], [ -45.834374, -23.293758999 ], [ -45.834799, -23.297164999 ], [ -45.838042, -23.297600999 ], [ -45.838798, -23.300098999 ], [ -45.842237, -23.300239999 ], [ -45.843324, -23.303674999 ], [ -45.847566, -23.306682999 ], [ -45.853031, -23.304413999 ], [ -45.859643, -23.305010999 ], [ -45.86144, -23.304129999 ], [ -45.863149, -23.300097999 ], [ -45.866949, -23.300702999 ], [ -45.869228, -23.298139999 ], [ -45.875621, -23.300194999 ], [ -45.879012, -23.298136999 ], [ -45.884906, -23.299457999 ], [ -45.890672, -23.296161999 ], [ -45.896213, -23.296873999 ], [ -45.897765, -23.295473999 ], [ -45.904132, -23.294781999 ], [ -45.910391, -23.287271999 ], [ -45.909743, -23.285481999 ], [ -45.911433, -23.284133999 ], [ -45.912638, -23.276489999 ], [ -45.921214745, -23.263079669 ], [ -45.930547727, -23.257108171 ], [ -45.933734763, -23.25697398 ], [ -45.940779789, -23.25994631 ], [ -45.953709089, -23.256269478 ], [ -45.955118094, -23.253209924 ], [ -45.964206498, -23.244330962 ], [ -45.965249, -23.239456999 ], [ -45.963099, -23.238762999 ], [ -45.963262, -23.237222999 ], [ -45.971425, -23.233861999 ], [ -45.96452, -23.230887999 ], [ -45.96409, -23.228614999 ], [ -45.966068, -23.225961999 ], [ -45.965006, -23.224869999 ], [ -45.961332, -23.225227999 ], [ -45.960535, -23.220037999 ], [ -45.958295, -23.219387999 ], [ -45.9554, -23.221128999 ], [ -45.95416, -23.216117999 ], [ -45.949338, -23.215505999 ], [ -45.948129, -23.213088999 ], [ -45.949128, -23.209341999 ], [ -45.9535, -23.208122999 ], [ -45.952652, -23.205354999 ], [ -45.953678, -23.204308999 ], [ -45.962428, -23.205617999 ], [ -45.965054, -23.202046999 ], [ -45.96708, -23.202148999 ], [ -45.969434, -23.199825999 ], [ -45.981264, -23.204729999 ], [ -45.981224, -23.201050999 ], [ -45.983096, -23.197925999 ], [ -45.992016, -23.192807999 ], [ -45.992282, -23.189681999 ], [ -45.994384, -23.189731999 ], [ -45.993615, -23.191069999 ], [ -45.995024, -23.191973999 ], [ -45.997747, -23.186396999 ], [ -46.000902, -23.190100999 ], [ -46.002149, -23.189759999 ], [ -46.005563, -23.193460999 ], [ -46.00869, -23.194593999 ], [ -46.00628, -23.196231999 ], [ -46.007362, -23.199802999 ], [ -46.015792, -23.199806999 ], [ -46.01926, -23.198039999 ], [ -46.017776, -23.201585999 ], [ -46.021176, -23.202381999 ], [ -46.023306, -23.198636999 ], [ -46.025834, -23.198338999 ], [ -46.03716, -23.189503999 ], [ -46.04966, -23.189497999 ], [ -46.052698, -23.188403999 ], [ -46.055124, -23.184591999 ], [ -46.053486, -23.179263999 ], [ -46.051209, -23.177877999 ], [ -46.057793, -23.172510999 ], [ -46.064079, -23.172248999 ], [ -46.06993, -23.180016999 ], [ -46.074803, -23.180872999 ], [ -46.075238, -23.177587999 ], [ -46.073647, -23.174783999 ], [ -46.077027, -23.169767999 ], [ -46.080509, -23.169374999 ], [ -46.087403, -23.172942999 ], [ -46.09281, -23.171598999 ], [ -46.102627, -23.157115998999988 ], [ -46.09144, -23.143006999 ], [ -46.097563, -23.137130999 ], [ -46.095867, -23.132486999 ], [ -46.101062, -23.125571999 ], [ -46.098309, -23.121578999 ], [ -46.093171, -23.120763999 ], [ -46.096486, -23.118346999 ], [ -46.098215, -23.119663999 ], [ -46.103901, -23.117267999 ], [ -46.103798, -23.116169998999986 ], [ -46.101615, -23.115852999 ], [ -46.099782, -23.109459999 ], [ -46.100605, -23.107901999 ], [ -46.103043, -23.107949999 ], [ -46.101275, -23.103863999 ], [ -46.107989, -23.097302999 ], [ -46.10777, -23.094601999 ], [ -46.104447, -23.090490999 ], [ -46.104852, -23.084452999 ], [ -46.101796, -23.083266999 ], [ -46.099927, -23.084563999 ], [ -46.094162, -23.084324999 ], [ -46.093923, -23.081831999 ], [ -46.090727, -23.078883999 ], [ -46.092105, -23.078200999 ], [ -46.08948, -23.074518999 ], [ -46.089679, -23.067982999 ], [ -46.091688, -23.066234999 ], [ -46.089955, -23.063448999 ], [ -46.088809, -23.063559999 ], [ -46.089396, -23.061985999 ], [ -46.085922, -23.052634999 ], [ -46.081658, -23.051138999 ], [ -46.082924, -23.048918999 ], [ -46.082418, -23.046109999 ], [ -46.078317, -23.043066999 ], [ -46.078884, -23.039913999 ], [ -46.076237, -23.037247999 ], [ -46.078374, -23.036472999 ], [ -46.079076, -23.034400999 ], [ -46.082544, -23.033835999 ], [ -46.080316, -23.029245999 ], [ -46.080756, -23.025636999 ], [ -46.077876, -23.019077999 ], [ -46.070934, -23.014448999 ], [ -46.071282, -23.006654999 ], [ -46.065493, -22.998132999 ], [ -46.066718, -22.994104999 ], [ -46.07032, -22.993548999 ], [ -46.07054, -22.989017999 ], [ -46.076012, -22.985907999 ], [ -46.080807, -22.987393999 ], [ -46.082585, -22.985488999 ], [ -46.077621, -22.977226999 ], [ -46.073308, -22.979903999 ], [ -46.067217, -22.980195999 ], [ -46.064017, -22.974882999 ], [ -46.05702, -22.973058999 ], [ -46.055912, -22.970053999 ], [ -46.05216, -22.968464999 ], [ -46.050711, -22.966222999 ], [ -46.051589, -22.959163999 ], [ -46.049096, -22.954914999 ], [ -46.053231, -22.949977999 ], [ -46.050444, -22.943816999 ], [ -46.051247, -22.940688999 ], [ -46.048634, -22.932792999 ], [ -46.042557, -22.926390999 ], [ -46.041, -22.915444999 ], [ -46.043885, -22.911373999 ], [ -46.0443, -22.905333999 ], [ -46.049318, -22.903977999 ], [ -46.050676, -22.902324999 ], [ -46.050675, -22.896974999 ], [ -46.047286, -22.895752999 ], [ -46.041996, -22.890650999 ], [ -46.027192, -22.884898999 ], [ -46.018734, -22.888458999 ], [ -46.012793, -22.885989999 ], [ -46.007734, -22.889382999 ], [ -46.001451, -22.880035999 ], [ -45.999119, -22.878721999 ], [ -45.993811, -22.879104999 ], [ -45.990384, -22.876020999 ], [ -45.993092, -22.869809999 ], [ -45.98339, -22.868575999 ], [ -45.980403, -22.866955999 ], [ -45.97455, -22.867998999 ], [ -45.973461, -22.863116999 ], [ -45.968077, -22.859970999 ], [ -45.964191, -22.855421999 ], [ -45.960332, -22.858241999 ], [ -45.956529, -22.849840999 ], [ -45.951667, -22.848947999 ], [ -45.951145, -22.845878999 ], [ -45.943031, -22.845504999 ], [ -45.939312, -22.846668999 ], [ -45.935281, -22.842140999 ], [ -45.932492, -22.841570999 ], [ -45.928498, -22.835464999 ], [ -45.923841, -22.831873999 ], [ -45.922721, -22.827377999 ], [ -45.923649, -22.825630999 ], [ -45.918988, -22.820676999 ], [ -45.914167, -22.819234999 ], [ -45.911829, -22.816292999 ], [ -45.905214, -22.818947999 ] ] ] } },
{ "type": "Feature", "properties": { "codibge": "3518404", "municipio": "Guaratinguetá", "uf": "SP", "total_alertas": 1, "nivel_max": "moderado", "nivel_max_label": "Moderado", "tem_hidro": true, "tem_geo": false, "qtd_hidro": 1, "qtd_geo": 0, "tipos": "hidro", "cor": "#d6b52b", "severity_group": "moderado", "alertas": [ { "id": "2929", "municipio": "GUARATINGUETÁ", "codibge": "3518404", "uf": "SP", "bacia": "", "tipo": "hidro", "tipo_raw": "Risco Hidrológico - Moderado", "nivel_raw": "Moderado", "severity_group": "moderado", "severity_rank": 1, "latitude": -22.793502788541, "longitude": -45.232847260395, "created_at": "2026-10-09 16:17:52.297", "updated_at": "2026-10-09 16:17:52.297" } ], "updated_at": "2026-10-10T02:38:32.285581+00:00" }, "geometry": { "type": "Polygon", "coordinates": [ [ [ -45.265480336, -22.61411543 ], [ -45.267083919, -22.618620205 ], [ -45.265921672, -22.621725437 ], [ -45.261443079, -22.626106163 ], [ -45.25652341, -22.627433805 ], [ -45.253348503, -22.632036883 ], [ -45.245767725, -22.631921602 ], [ -45.236534763, -22.637013131999989 ], [ -45.233258777, -22.637008507 ], [ -45.232975275, -22.639095125 ], [ -45.229044243, -22.639610173 ], [ -45.226338213, -22.649669617 ], [ -45.224579923, -22.650584445 ], [ -45.223796935, -22.653344255 ], [ -45.22065933, -22.650854375 ], [ -45.210685087, -22.651402505 ], [ -45.206996253, -22.653906575 ], [ -45.20579974, -22.657256278 ], [ -45.203713043, -22.655783315 ], [ -45.206326268, -22.663020986 ], [ -45.20573841, -22.665147309 ], [ -45.189495708, -22.667554816 ], [ -45.191226137, -22.673306241 ], [ -45.195493225, -22.676283627 ], [ -45.196945658, -22.679996001 ], [ -45.20649803900001, -22.689381407 ], [ -45.201951757, -22.693235476 ], [ -45.197936368, -22.691519302 ], [ -45.192872395, -22.69352149 ], [ -45.18874666, -22.688768601 ], [ -45.185580346, -22.690717352 ], [ -45.179651551, -22.691176362 ], [ -45.179149551, -22.693124464 ], [ -45.182459124, -22.699144928 ], [ -45.182702208, -22.702253147 ], [ -45.179782383, -22.707369183 ], [ -45.179467626, -22.71210811 ], [ -45.173615047, -22.717874956 ], [ -45.171590852, -22.723090725 ], [ -45.166452188, -22.723401375 ], [ -45.156701407, -22.733277244 ], [ -45.154568446, -22.740438784 ], [ -45.145048932, -22.742748657 ], [ -45.147385976, -22.746110554 ], [ -45.154838518, -22.750138299 ], [ -45.157938875, -22.758743064 ], [ -45.15658543, -22.759683384 ], [ -45.157874019, -22.762207757 ], [ -45.154646005, -22.766035163 ], [ -45.148204148, -22.766476033 ], [ -45.13583185, -22.771683037 ], [ -45.13352012, -22.782599468 ], [ -45.135344637, -22.787749432 ], [ -45.134462116, -22.790003956 ], [ -45.137151732, -22.796132878 ], [ -45.131826391, -22.803434792 ], [ -45.131639554, -22.811848069 ], [ -45.132812131, -22.813797658 ], [ -45.131183435, -22.818343649 ], [ -45.131948591, -22.820330785 ], [ -45.12790392, -22.826780606 ], [ -45.128764703, -22.82945448 ], [ -45.124160302999989, -22.83112554 ], [ -45.118590382, -22.838825821 ], [ -45.118840366, -22.842493038 ], [ -45.121417566, -22.843932962 ], [ -45.12098724, -22.84982271 ], [ -45.119428502, -22.85195367 ], [ -45.119557896, -22.855076076 ], [ -45.116721951, -22.857956589 ], [ -45.111590568, -22.868032841 ], [ -45.101545352, -22.877143335 ], [ -45.094657522, -22.877307521 ], [ -45.091730494, -22.879105127 ], [ -45.079853094, -22.881736872 ], [ -45.079288259, -22.88386424 ], [ -45.081743387, -22.886494353 ], [ -45.080407491, -22.887149837 ], [ -45.075095653, -22.886429166 ], [ -45.073477322, -22.882540977 ], [ -45.069004754, -22.881473776 ], [ -45.065755769, -22.875178544 ], [ -45.061299904, -22.874986893 ], [ -45.059744702, -22.884792987 ], [ -45.062154489, -22.891225137 ], [ -45.058048435, -22.895086288 ], [ -45.0528265, -22.891126031 ], [ -45.049475321, -22.893534685 ], [ -45.047458127, -22.897090297 ], [ -45.044189402, -22.897643793 ], [ -45.040117444, -22.901833004 ], [ -45.040267178, -22.904688482 ], [ -45.037399474, -22.904963365 ], [ -45.034621709, -22.9132652 ], [ -45.030140293, -22.917075637 ], [ -45.029280902, -22.920666057 ], [ -45.032778654, -22.923633654 ], [ -45.034122162, -22.928791504 ], [ -45.041315712, -22.933163714 ], [ -45.050109275, -22.92985984 ], [ -45.055217772, -22.930798707 ], [ -45.059793483, -22.928513071 ], [ -45.063058764, -22.92938107 ], [ -45.06484804, -22.932128452 ], [ -45.061200524, -22.933434564 ], [ -45.060805462, -22.935375147 ], [ -45.057371623, -22.936520261 ], [ -45.056092161, -22.938495603 ], [ -45.056384194, -22.944586873 ], [ -45.060193823, -22.948214482 ], [ -45.061220204, -22.953174782 ], [ -45.064913923, -22.957627704 ], [ -45.067472609, -22.957890486 ], [ -45.068567701, -22.961137338 ], [ -45.072242186, -22.960941211 ], [ -45.082202465, -22.964597259 ], [ -45.083024439, -22.972009529 ], [ -45.08536126, -22.973149772 ], [ -45.085916235, -22.975735292 ], [ -45.09112432, -22.981152579 ], [ -45.090381245, -22.985254277 ], [ -45.092620481, -22.987031966 ], [ -45.094151379, -22.99210564 ], [ -45.101622952, -22.990960922 ], [ -45.103620021, -22.999263546 ], [ -45.110904391, -23.003283775 ], [ -45.11079414, -23.007736108 ], [ -45.115894774, -23.010750946 ], [ -45.118285332, -23.010807743 ], [ -45.123438127, -23.015287627 ], [ -45.127023665, -23.013348416 ], [ -45.129959561, -23.013835622 ], [ -45.125426297, -23.006374348 ], [ -45.129286815, -23.005314436 ], [ -45.129705385, -23.002639574 ], [ -45.13325462, -22.999908283 ], [ -45.136059165, -22.999967137 ], [ -45.138176261, -23.002661787 ], [ -45.140179130999989, -23.002652844 ], [ -45.14011616, -23.005094971 ], [ -45.141379113, -23.006886153 ], [ -45.143044811, -23.00689342 ], [ -45.143431015, -23.009831501 ], [ -45.145959436, -23.012828332 ], [ -45.14782325, -23.01059701 ], [ -45.155951222, -23.015428108999988 ], [ -45.158999442, -23.011410225 ], [ -45.157328008, -23.009838297 ], [ -45.163484603, -23.008662791 ], [ -45.164462279, -23.005663057 ], [ -45.168273833, -23.00485196 ], [ -45.173746758, -23.007168484 ], [ -45.17445855, -23.006432249 ], [ -45.175217919, -23.008160536 ], [ -45.181558131, -23.008310014 ], [ -45.184678612, -23.006709878 ], [ -45.185134878, -23.004218477 ], [ -45.187016565, -23.003298626 ], [ -45.191563913, -23.004754832 ], [ -45.191478199, -22.999566442 ], [ -45.195602068, -22.998426125 ], [ -45.211935585, -23.002730327 ], [ -45.215522625, -23.001983584 ], [ -45.216343107, -22.999516449 ], [ -45.219069293, -23.000341584 ], [ -45.223098995, -22.998992917 ], [ -45.224414799, -22.999719 ], [ -45.225686495, -22.998497315 ], [ -45.229627139, -23.000330289 ], [ -45.234641794, -23.000631426 ], [ -45.233861681, -22.995967035 ], [ -45.231521908, -22.992237253 ], [ -45.217333452, -22.991115238 ], [ -45.212056932, -22.98848229 ], [ -45.211081177, -22.982153946 ], [ -45.207874053, -22.982716509 ], [ -45.195104725, -22.977369326 ], [ -45.188421455, -22.969813321 ], [ -45.189622469, -22.965948772 ], [ -45.194621927999989, -22.966882266 ], [ -45.200506829, -22.96334783 ], [ -45.20221241, -22.960651828 ], [ -45.202367392, -22.95506733 ], [ -45.199170922, -22.95253976 ], [ -45.196217825, -22.946445878 ], [ -45.196692618, -22.945021134 ], [ -45.202042572, -22.941868068 ], [ -45.208449412, -22.944411534 ], [ -45.210190163999989, -22.943973331 ], [ -45.212138472, -22.941996191 ], [ -45.211476905, -22.940244781 ], [ -45.213188957, -22.937303503 ], [ -45.212894704, -22.931104936 ], [ -45.210590081, -22.923125791 ], [ -45.208789682, -22.921091609 ], [ -45.207795977, -22.914941613 ], [ -45.208622658, -22.910786585 ], [ -45.213343332, -22.908316516 ], [ -45.213845461, -22.901139747 ], [ -45.20991122, -22.896497141 ], [ -45.208499834, -22.892234632 ], [ -45.209045289, -22.890314807 ], [ -45.211771343, -22.889320507 ], [ -45.209340048, -22.885457999 ], [ -45.210033512, -22.881240996 ], [ -45.206548395, -22.868750835 ], [ -45.2083235, -22.864740868 ], [ -45.203811941, -22.858130585 ], [ -45.201830664, -22.857374532 ], [ -45.19966291, -22.852226172 ], [ -45.200218794, -22.841080697 ], [ -45.214321589, -22.829033768 ], [ -45.210954208, -22.814409122 ], [ -45.212397966, -22.810627115 ], [ -45.215146613, -22.809858389 ], [ -45.218126536, -22.810886279 ], [ -45.21721481, -22.815784697 ], [ -45.220535836, -22.818150443 ], [ -45.222673821, -22.817833693 ], [ -45.226605616, -22.814156816 ], [ -45.230322095, -22.814524333 ], [ -45.232860094, -22.81685433 ], [ -45.233679913, -22.821707671 ], [ -45.237455716, -22.824305768 ], [ -45.241896634, -22.819358419 ], [ -45.256606983, -22.816250406 ], [ -45.25842668, -22.818983519 ], [ -45.266221452, -22.822915558 ], [ -45.269350910999989, -22.826211521 ], [ -45.291187214, -22.826537218 ], [ -45.294363379, -22.828231143 ], [ -45.29599933, -22.824721585 ], [ -45.299413223, -22.82424268 ], [ -45.302133807, -22.820874129 ], [ -45.297525795, -22.814446834 ], [ -45.298911465, -22.810817054 ], [ -45.297939607, -22.805648915 ], [ -45.31154838, -22.797067904 ], [ -45.316088608, -22.796721843 ], [ -45.321580639, -22.794117692 ], [ -45.329272806, -22.796942098 ], [ -45.333601749, -22.791670718 ], [ -45.338607721, -22.789167774 ], [ -45.345315442, -22.789018085 ], [ -45.350295938, -22.78511406 ], [ -45.371198487, -22.783790546 ], [ -45.381111452, -22.785796369 ], [ -45.398779044, -22.782013179 ], [ -45.402474924, -22.776608582 ], [ -45.405622609, -22.766388627 ], [ -45.401892694, -22.755163648 ], [ -45.396847658, -22.749611207 ], [ -45.398420698, -22.745080453 ], [ -45.40387574, -22.740117097 ], [ -45.409302097, -22.737337055 ], [ -45.412298798, -22.733756312 ], [ -45.421602303, -22.731044274 ], [ -45.429206526, -22.720008484 ], [ -45.426180137, -22.713947886 ], [ -45.430380895, -22.709337522 ], [ -45.440325944, -22.711227364 ], [ -45.438346923, -22.708594855 ], [ -45.439621724, -22.704989985 ], [ -45.438811438, -22.702656936 ], [ -45.427663364, -22.695240753 ], [ -45.425530694, -22.692219282 ], [ -45.426883619, -22.68701052 ], [ -45.424650221, -22.685193231 ], [ -45.424800071, -22.682024231 ], [ -45.421955812, -22.678026075 ], [ -45.409497646, -22.673524073 ], [ -45.402160356, -22.665013371 ], [ -45.3999859, -22.653680296 ], [ -45.393304464, -22.649767185 ], [ -45.3864322, -22.648632542 ], [ -45.381251533, -22.642309465 ], [ -45.375352145, -22.640757793 ], [ -45.369321672, -22.637032828 ], [ -45.364983954, -22.639345454 ], [ -45.36095818, -22.638761397 ], [ -45.355075935, -22.634067512 ], [ -45.353860664, -22.630576115 ], [ -45.348953579, -22.626511157 ], [ -45.335797035, -22.622751776 ], [ -45.332961986, -22.617639217 ], [ -45.327512702, -22.616387999 ], [ -45.323326053, -22.616511202 ], [ -45.317327092, -22.61432462 ], [ -45.301265663, -22.615645295 ], [ -45.293852669, -22.61366859 ], [ -45.275865229, -22.6169584 ], [ -45.273155814, -22.613368533 ], [ -45.269105089, -22.611445717 ], [ -45.265480336, -22.61411543 ] ] ] } },
{ "type": "Feature", "properties": { "codibge": "3503505", "municipio": "Areias", "uf": "SP", "total_alertas": 1, "nivel_max": "moderado", "nivel_max_label": "Moderado", "tem_hidro": true, "tem_geo": false, "qtd_hidro": 1, "qtd_geo": 0, "tipos": "hidro", "cor": "#d6b52b", "severity_group": "moderado", "alertas": [ { "id": "2930", "municipio": "AREIAS", "codibge": "3503505", "uf": "SP", "bacia": "", "tipo": "hidro", "tipo_raw": "Risco Hidrológico - Moderado", "nivel_raw": "Moderado", "severity_group": "moderado", "severity_rank": 1, "latitude": -22.673131278751, "longitude": -44.712353598933, "created_at": "2026-10-09 16:58:34.592", "updated_at": "2026-10-09 16:58:34.592" } ], "updated_at": "2026-10-10T02:38:32.286131+00:00" }, "geometry": { "type": "Polygon", "coordinates": [ [ [ -44.678537565, -22.560323087 ], [ -44.674922457, -22.561342093 ], [ -44.667873632, -22.554073763 ], [ -44.661532701, -22.550936129 ], [ -44.659398047, -22.554240613 ], [ -44.655650524, -22.554169128 ], [ -44.650352662, -22.557013233 ], [ -44.648085294, -22.552493929 ], [ -44.641623355, -22.560202437 ], [ -44.642898536, -22.564496471 ], [ -44.642368184, -22.577634845 ], [ -44.64650333, -22.58152394 ], [ -44.647120179, -22.584641311 ], [ -44.643448401, -22.600485464 ], [ -44.645115988, -22.601239168 ], [ -44.645858287, -22.60390131 ], [ -44.648001554, -22.604039231 ], [ -44.650002195, -22.609414766 ], [ -44.653147753, -22.609732997 ], [ -44.652033239, -22.613473447 ], [ -44.658150669, -22.612628197 ], [ -44.664894334, -22.620418702 ], [ -44.672331618, -22.624199083 ], [ -44.672000282, -22.627635075 ], [ -44.674754954, -22.631053689 ], [ -44.6777779, -22.632178662 ], [ -44.682094957, -22.638395234 ], [ -44.685982589, -22.640840276 ], [ -44.688786353, -22.645622435 ], [ -44.683235246, -22.646721167 ], [ -44.677880717, -22.652818651 ], [ -44.680514895, -22.656037179 ], [ -44.67976309, -22.658773571 ], [ -44.678424464, -22.658818155 ], [ -44.678821125, -22.668291183 ], [ -44.675554316, -22.673820633 ], [ -44.676786744, -22.677437155 ], [ -44.676121677, -22.681455153 ], [ -44.679590509, -22.690495186 ], [ -44.674775531, -22.696706424 ], [ -44.674332855, -22.705372396 ], [ -44.670830596, -22.715790564 ], [ -44.680863714, -22.725951543 ], [ -44.67380934, -22.725588117 ], [ -44.671455344, -22.728317707 ], [ -44.666492877, -22.725805075 ], [ -44.662679528, -22.72552916 ], [ -44.657364745, -22.728020153 ], [ -44.662364007, -22.72953855 ], [ -44.665528174, -22.73673279 ], [ -44.664211813, -22.741994072 ], [ -44.660658536, -22.745317821 ], [ -44.6604407, -22.749633445 ], [ -44.651727302, -22.756565825 ], [ -44.657311626, -22.761627293 ], [ -44.660021605, -22.767589533 ], [ -44.658318063, -22.776272571 ], [ -44.656172641, -22.779294648 ], [ -44.651878834, -22.779017064 ], [ -44.647777086, -22.782374602 ], [ -44.651523437, -22.784201368 ], [ -44.655773476, -22.794232427 ], [ -44.650130362, -22.798709158 ], [ -44.661996471, -22.81291916 ], [ -44.667246312, -22.81594511 ], [ -44.669826305, -22.82110924 ], [ -44.676018527, -22.820937534 ], [ -44.678988122, -22.818756531 ], [ -44.683675653, -22.821108949 ], [ -44.686618869, -22.819822728 ], [ -44.688808534, -22.820713484 ], [ -44.689738868, -22.819544252 ], [ -44.697865042, -22.824050146 ], [ -44.698491366, -22.826418867 ], [ -44.703740707, -22.827958724 ], [ -44.704200689, -22.829551067 ], [ -44.706221137, -22.829196265 ], [ -44.711136309, -22.832069472 ], [ -44.716310609, -22.831943141 ], [ -44.718307871, -22.834152993 ], [ -44.721176587, -22.834312225 ], [ -44.723759794, -22.833307862 ], [ -44.719606108, -22.827517254 ], [ -44.722526336, -22.824993337 ], [ -44.711036445, -22.810107799 ], [ -44.704898002, -22.809289169 ], [ -44.704548285, -22.807140437 ], [ -44.706850296, -22.806002803 ], [ -44.704488521, -22.802180234 ], [ -44.70756157, -22.800312237 ], [ -44.709258239, -22.797049522 ], [ -44.714108081, -22.798695453 ], [ -44.716525635, -22.801319512 ], [ -44.724776008, -22.800388338 ], [ -44.732991192, -22.802103207 ], [ -44.733968296, -22.800625793 ], [ -44.732064469, -22.79736129 ], [ -44.733438486, -22.795972924 ], [ -44.741147398, -22.7961496 ], [ -44.744343787, -22.791212433 ], [ -44.754024957, -22.7886133 ], [ -44.748962418, -22.78438379 ], [ -44.744686022, -22.771126226 ], [ -44.749695052, -22.767925828 ], [ -44.749078873, -22.764158294 ], [ -44.750526136, -22.760260382 ], [ -44.752450432, -22.759866075 ], [ -44.758172761, -22.762474085 ], [ -44.765763011, -22.756761523 ], [ -44.759277888, -22.749609228 ], [ -44.750063183, -22.743000144 ], [ -44.747781264, -22.73567614 ], [ -44.744816275, -22.733747012 ], [ -44.745540421, -22.730881392 ], [ -44.758015962, -22.729002993 ], [ -44.758911199, -22.720223438 ], [ -44.767372912, -22.713216952 ], [ -44.767576125, -22.711149911 ], [ -44.774107786, -22.703824916 ], [ -44.771550116, -22.70141227 ], [ -44.770262663, -22.697462385 ], [ -44.771058991, -22.689629885 ], [ -44.769335654, -22.687383934 ], [ -44.769551581, -22.685645111 ], [ -44.773648643, -22.683349315 ], [ -44.772186375, -22.681092353 ], [ -44.774378223, -22.677667667 ], [ -44.774014388, -22.675416123 ], [ -44.771741872, -22.671065625 ], [ -44.772562812, -22.669330878 ], [ -44.770433258, -22.667934282 ], [ -44.771088961, -22.665512742 ], [ -44.765122208, -22.661908031 ], [ -44.765007427, -22.658249795 ], [ -44.766827497, -22.654232182 ], [ -44.760967747, -22.647720148 ], [ -44.766037652, -22.64439352 ], [ -44.763729204, -22.640567234 ], [ -44.764691203, -22.637112707 ], [ -44.76308658, -22.63619172 ], [ -44.766006817, -22.631953154 ], [ -44.763373753, -22.629835376 ], [ -44.763600585, -22.627438631 ], [ -44.766786212, -22.627545957 ], [ -44.766658505, -22.62508693 ], [ -44.768620022, -22.622921437 ], [ -44.767688229, -22.620520392 ], [ -44.773539973, -22.614358275 ], [ -44.776234484, -22.614634235 ], [ -44.776661326, -22.611967822 ], [ -44.77896266, -22.610017416 ], [ -44.779708933, -22.605496294 ], [ -44.79400126, -22.614746015 ], [ -44.799617135, -22.615432714 ], [ -44.80475405, -22.620225436 ], [ -44.808136085, -22.621354263 ], [ -44.813135222, -22.620501304 ], [ -44.813012759, -22.615754187 ], [ -44.816700504, -22.613684835 ], [ -44.814624276, -22.613052616 ], [ -44.813859972, -22.608866007 ], [ -44.810491872999989, -22.608929237 ], [ -44.808103283, -22.605891746 ], [ -44.808284864, -22.60367561 ], [ -44.805323613, -22.603282186 ], [ -44.802948896, -22.600243676 ], [ -44.797209647, -22.597743558 ], [ -44.79308217, -22.598498065 ], [ -44.788514759, -22.596877635 ], [ -44.792530271, -22.590150099 ], [ -44.790084531, -22.586723632 ], [ -44.777698952, -22.584054113 ], [ -44.773055011, -22.579172004 ], [ -44.769811115, -22.579934216 ], [ -44.759878942, -22.577115017 ], [ -44.754880304, -22.57773316 ], [ -44.754853772, -22.572161714 ], [ -44.748882358, -22.570401516 ], [ -44.747515688999989, -22.573640482 ], [ -44.745282595, -22.573946231 ], [ -44.739662721, -22.578563783 ], [ -44.737910487, -22.576504311 ], [ -44.732528202, -22.575239709 ], [ -44.733544826, -22.57059505 ], [ -44.731629358, -22.568271251 ], [ -44.732339739, -22.562156083 ], [ -44.73060367, -22.559513294 ], [ -44.726460494, -22.560468519 ], [ -44.721544626, -22.555462782 ], [ -44.718536625, -22.554956306 ], [ -44.71747237, -22.551644155 ], [ -44.718279152, -22.547352752 ], [ -44.715307867, -22.544861253 ], [ -44.715897769, -22.539365752 ], [ -44.697797034, -22.534244836 ], [ -44.697639716, -22.52798127 ], [ -44.689206687, -22.521162712 ], [ -44.686537971, -22.524018572 ], [ -44.6808209, -22.52569143 ], [ -44.678753073, -22.530615015 ], [ -44.669894376, -22.53864147 ], [ -44.676256388, -22.544913741 ], [ -44.678537565, -22.560323087 ] ] ] } },
{ "type": "Feature", "properties": { "codibge": "3550308", "municipio": "São Paulo", "uf": "SP", "total_alertas": 1, "nivel_max": "moderado", "nivel_max_label": "Moderado", "tem_hidro": true, "tem_geo": false, "qtd_hidro": 1, "qtd_geo": 0, "tipos": "hidro", "cor": "#d6b52b", "severity_group": "moderado", "alertas": [ { "id": "2931", "municipio": "SÃO PAULO", "codibge": "3550308", "uf": "SP", "bacia": "", "tipo": "hidro", "tipo_raw": "Risco Hidrológico - Moderado", "nivel_raw": "Moderado", "severity_group": "moderado", "severity_rank": 1, "latitude": -23.65008054018, "longitude": -46.648110850371, "created_at": "2026-10-09 17:10:23.138", "updated_at": "2026-10-09 17:10:23.138" } ], "updated_at": "2026-10-10T02:38:32.286696+00:00" }, "geometry": { "type": "Polygon", "coordinates": [ [ [ -46.549325, -23.356293999 ], [ -46.542137, -23.358151999 ], [ -46.540507, -23.360531999 ], [ -46.535438, -23.363304999 ], [ -46.537747, -23.366305999 ], [ -46.537231, -23.369583999 ], [ -46.54512, -23.376203999 ], [ -46.545534, -23.386874999 ], [ -46.556326, -23.397684999 ], [ -46.554957, -23.401901999 ], [ -46.55652, -23.405130999 ], [ -46.556436, -23.409588999 ], [ -46.566684, -23.415516999 ], [ -46.565358, -23.418005999 ], [ -46.56674, -23.421997999 ], [ -46.565626, -23.426937999 ], [ -46.568466, -23.432474998999989 ], [ -46.564811, -23.435803999 ], [ -46.565108, -23.440039998999989 ], [ -46.570683, -23.456840999 ], [ -46.567826, -23.464626999 ], [ -46.561795, -23.472588999 ], [ -46.560866, -23.476101999 ], [ -46.561446, -23.484439999 ], [ -46.560018, -23.493777999 ], [ -46.562136, -23.499826999 ], [ -46.559237, -23.506911999 ], [ -46.55547, -23.510096999 ], [ -46.552462, -23.507437999 ], [ -46.545903, -23.505851999 ], [ -46.533745, -23.493324999 ], [ -46.528538, -23.491201999 ], [ -46.522548, -23.484713999 ], [ -46.511097, -23.478791999 ], [ -46.493825, -23.475995999 ], [ -46.488446, -23.477639999 ], [ -46.479999, -23.476913999 ], [ -46.465908, -23.482267999 ], [ -46.460472, -23.483030999 ], [ -46.441974, -23.479448999 ], [ -46.437635, -23.479828999 ], [ -46.43495, -23.478353999 ], [ -46.435966, -23.475715999 ], [ -46.430996, -23.477920999 ], [ -46.431638, -23.476417999 ], [ -46.429837, -23.476043999 ], [ -46.430054, -23.473673999 ], [ -46.427062, -23.472007999 ], [ -46.418888, -23.474393999 ], [ -46.417101, -23.472418999 ], [ -46.41477, -23.474339999 ], [ -46.415206, -23.472582999 ], [ -46.410724, -23.470371999 ], [ -46.407614, -23.472618999 ], [ -46.410042, -23.475024999 ], [ -46.406942, -23.477721999 ], [ -46.405365, -23.476274999 ], [ -46.404409, -23.478202999 ], [ -46.405677, -23.479164999 ], [ -46.403964, -23.481025999 ], [ -46.406135, -23.481496999 ], [ -46.406345, -23.485520999 ], [ -46.404874, -23.486115999 ], [ -46.403611, -23.484883999 ], [ -46.401255, -23.486861999 ], [ -46.399392, -23.482972999 ], [ -46.396889, -23.484290999 ], [ -46.391899, -23.480563999 ], [ -46.387669, -23.481886999 ], [ -46.386289, -23.479449999 ], [ -46.386653, -23.474675999 ], [ -46.383638, -23.475527999 ], [ -46.384284, -23.474144999 ], [ -46.381939, -23.472088999 ], [ -46.377307, -23.484169999 ], [ -46.365313, -23.503168999 ], [ -46.365816, -23.509862999 ], [ -46.36639568, -23.512155806 ], [ -46.373453, -23.511546999 ], [ -46.375358, -23.512958999 ], [ -46.37455, -23.515482999 ], [ -46.380171, -23.516420999 ], [ -46.383267, -23.520546999 ], [ -46.386555, -23.521553999 ], [ -46.384186, -23.523551999 ], [ -46.386661, -23.525999999 ], [ -46.392303, -23.530518999 ], [ -46.395136, -23.529737999 ], [ -46.39328, -23.538418999 ], [ -46.387711, -23.545785999 ], [ -46.391968, -23.549326999 ], [ -46.395054, -23.548955999 ], [ -46.395074, -23.550852999 ], [ -46.393122, -23.552291999 ], [ -46.390761, -23.559815999 ], [ -46.38431, -23.562727999 ], [ -46.379783, -23.562531999 ], [ -46.382634, -23.566629999 ], [ -46.383536, -23.570831999 ], [ -46.380893, -23.573787999 ], [ -46.377825, -23.574938999 ], [ -46.383612, -23.577882999 ], [ -46.383741, -23.579220999 ], [ -46.379837, -23.583773999 ], [ -46.37728, -23.589642999 ], [ -46.380146, -23.588378999 ], [ -46.382476, -23.591320999 ], [ -46.384318, -23.596515999 ], [ -46.383043, -23.599266999 ], [ -46.384268, -23.600580999 ], [ -46.388897, -23.601239999 ], [ -46.390793, -23.603229999 ], [ -46.394919, -23.601934999 ], [ -46.39944, -23.605875999 ], [ -46.394787, -23.612157999 ], [ -46.397855, -23.616269999 ], [ -46.397689, -23.618720999 ], [ -46.403104, -23.623309999 ], [ -46.406764, -23.622940999 ], [ -46.407798, -23.626360999 ], [ -46.406988, -23.632008999 ], [ -46.414288, -23.635389999 ], [ -46.415547, -23.639672999 ], [ -46.420275, -23.640974999 ], [ -46.421087, -23.643655999 ], [ -46.423338, -23.644305999 ], [ -46.424581, -23.640082999 ], [ -46.430061, -23.636118999 ], [ -46.431763, -23.637600999 ], [ -46.431518, -23.641103999 ], [ -46.440014, -23.641874999 ], [ -46.443106, -23.643929999 ], [ -46.452421, -23.642481999 ], [ -46.454091, -23.640889999 ], [ -46.458222, -23.641870999 ], [ -46.465301, -23.638393999 ], [ -46.472313, -23.638834999 ], [ -46.47537, -23.633842999 ], [ -46.477261, -23.625987999 ], [ -46.482166, -23.623737999 ], [ -46.486659, -23.622837999 ], [ -46.493194, -23.625410999 ], [ -46.500014, -23.623799999 ], [ -46.506184, -23.625793999 ], [ -46.509878, -23.623715999 ], [ -46.513325, -23.618842999 ], [ -46.517413, -23.617599999 ], [ -46.521577, -23.613906999 ], [ -46.534495, -23.614356999 ], [ -46.546687, -23.605650999 ], [ -46.550324, -23.605810999 ], [ -46.554107, -23.610570999 ], [ -46.557491, -23.612043999 ], [ -46.579, -23.599523999 ], [ -46.58305, -23.625659999 ], [ -46.581414, -23.629222999 ], [ -46.58226, -23.632309999 ], [ -46.584943, -23.634942999 ], [ -46.583385, -23.641035999 ], [ -46.584591, -23.645173999 ], [ -46.596478, -23.652820999 ], [ -46.599202, -23.653015999 ], [ -46.614131, -23.660224999 ], [ -46.617227, -23.657340999 ], [ -46.622776, -23.661313999 ], [ -46.625979, -23.659236999 ], [ -46.62704, -23.668439999 ], [ -46.631084, -23.672859999 ], [ -46.630594, -23.679935999 ], [ -46.633458, -23.681830999 ], [ -46.63322, -23.686193999 ], [ -46.635492, -23.690979999 ], [ -46.632623, -23.691668999 ], [ -46.631721, -23.696401999 ], [ -46.629146, -23.697663999 ], [ -46.626272869, -23.702877331 ], [ -46.623964911, -23.702483512 ], [ -46.623986, -23.705601999 ], [ -46.61774, -23.707800999 ], [ -46.616357, -23.710512999 ], [ -46.622532445, -23.715785847 ], [ -46.627781547, -23.716354224 ], [ -46.636549865, -23.725254304 ], [ -46.652046, -23.730792999 ], [ -46.646271, -23.755895999 ], [ -46.625059, -23.781597999 ], [ -46.622844, -23.786234999 ], [ -46.624356, -23.818765999 ], [ -46.633506, -23.828792999 ], [ -46.635115711, -23.838503172 ], [ -46.631846, -23.852648999 ], [ -46.616541, -23.863099999 ], [ -46.617009, -23.869511999 ], [ -46.615596, -23.876340999 ], [ -46.617116, -23.878655999 ], [ -46.617706037, -23.888809791 ], [ -46.61331, -23.905448999 ], [ -46.608765, -23.904737999 ], [ -46.612776631, -23.908678083 ], [ -46.611896566, -23.91428434 ], [ -46.60867295, -23.915191578 ], [ -46.610066163, -23.918499274 ], [ -46.609102064, -23.922870589 ], [ -46.61076516, -23.924608365 ], [ -46.609365208, -23.927708118999988 ], [ -46.611623338, -23.928037803 ], [ -46.61389236, -23.931513108 ], [ -46.616572561, -23.930638241 ], [ -46.616882618, -23.93355847 ], [ -46.615645443, -23.936666965 ], [ -46.61325268, -23.938034075 ], [ -46.609844971, -23.936974251 ], [ -46.607131075, -23.938657198 ], [ -46.608780809, -23.941317365 ], [ -46.607115263, -23.944788628 ], [ -46.607771679, -23.948458045 ], [ -46.611241151, -23.950865885 ], [ -46.60709493, -23.953863835 ], [ -46.606607386, -23.95734025 ], [ -46.610178315, -23.960401253 ], [ -46.608289808, -23.961474484 ], [ -46.608197229, -23.963638323 ], [ -46.610812053, -23.964964754 ], [ -46.612539397, -23.969931641 ], [ -46.615273584, -23.967477533 ], [ -46.617982794, -23.967776759 ], [ -46.620545, -23.970806999 ], [ -46.629636, -23.973184999 ], [ -46.635708, -23.977318999 ], [ -46.633279, -23.983758999 ], [ -46.633264, -23.987838999 ], [ -46.629127, -23.990737999 ], [ -46.633723, -23.992731999 ], [ -46.634929, -23.994747999 ], [ -46.637901, -23.994342999 ], [ -46.640369, -23.997832999 ], [ -46.649908, -24.001600999 ], [ -46.653153, -23.996522999 ], [ -46.659706, -23.991598999 ], [ -46.661937, -23.988101999 ], [ -46.675374, -23.989424999 ], [ -46.680297, -23.987012999 ], [ -46.682907, -23.982587999 ], [ -46.685133, -23.982396999 ], [ -46.687808, -23.984770999 ], [ -46.692632, -23.984610999 ], [ -46.698918, -23.990136999 ], [ -46.703266, -23.991626999 ], [ -46.707884, -23.990887999 ], [ -46.714482, -23.996114999 ], [ -46.719534, -23.995031999 ], [ -46.720858, -23.993001999 ], [ -46.7311, -23.995494999 ], [ -46.737696, -23.991825999 ], [ -46.743319, -23.991891999 ], [ -46.744655, -23.993789999 ], [ -46.749549, -23.994427999 ], [ -46.750896, -23.996512999 ], [ -46.755048, -23.996782999 ], [ -46.763033, -24.006201999 ], [ -46.7669, -24.005349999 ], [ -46.769164, -24.008263999 ], [ -46.771199, -24.008185999 ], [ -46.774737, -24.002988999 ], [ -46.768084, -23.998663999 ], [ -46.766437, -23.991657999 ], [ -46.764606, -23.988610999 ], [ -46.762323, -23.988019999 ], [ -46.758204, -23.980583999 ], [ -46.759055, -23.978650999 ], [ -46.757007, -23.978169998999988 ], [ -46.755007, -23.975587999 ], [ -46.754843, -23.972892999 ], [ -46.758201, -23.972542999 ], [ -46.763051, -23.967871999 ], [ -46.762572, -23.964412999 ], [ -46.764893, -23.961726999 ], [ -46.771333, -23.961340999 ], [ -46.775113, -23.956784999 ], [ -46.774172, -23.950343999 ], [ -46.781103, -23.948723999 ], [ -46.783534, -23.946911999 ], [ -46.783596, -23.944606999 ], [ -46.786161, -23.941869999 ], [ -46.789596, -23.940765999 ], [ -46.793259, -23.943086999 ], [ -46.800124, -23.937999999 ], [ -46.806898, -23.938152999 ], [ -46.810684, -23.920463999 ], [ -46.809851, -23.917959999 ], [ -46.811818, -23.917102999 ], [ -46.810696, -23.911203999 ], [ -46.811879, -23.911267999 ], [ -46.811571, -23.907733999 ], [ -46.806718, -23.901321999 ], [ -46.80406, -23.892883999 ], [ -46.80688, -23.890886999 ], [ -46.80737, -23.886520999 ], [ -46.802149, -23.888182999 ], [ -46.799706, -23.893722999 ], [ -46.796583, -23.893067999 ], [ -46.787565, -23.894758999 ], [ -46.776699, -23.893022999 ], [ -46.776046, -23.855448999 ], [ -46.77954, -23.851285999 ], [ -46.778829, -23.846195999 ], [ -46.77995, -23.842391999 ], [ -46.778429, -23.841596999 ], [ -46.773514, -23.843815999 ], [ -46.764778, -23.842786999 ], [ -46.762508, -23.836360999 ], [ -46.763552, -23.834329999 ], [ -46.765427, -23.834914999 ], [ -46.765562, -23.833420999 ], [ -46.763639, -23.832040999 ], [ -46.762762, -23.827176999 ], [ -46.773799, -23.817738999 ], [ -46.782306, -23.813273999 ], [ -46.796832, -23.811029998999988 ], [ -46.801729, -23.808780999 ], [ -46.800471, -23.801560999 ], [ -46.79625, -23.799460999 ], [ -46.794405, -23.793916999 ], [ -46.789167, -23.789945999 ], [ -46.790271, -23.787478999 ], [ -46.787949, -23.786993999 ], [ -46.78974, -23.786066999 ], [ -46.789134, -23.783324999 ], [ -46.791018, -23.780013999 ], [ -46.79008, -23.776079999 ], [ -46.787589, -23.773552999 ], [ -46.781492, -23.772054999 ], [ -46.777216, -23.766967999 ], [ -46.771685, -23.764304999 ], [ -46.769122, -23.755967999 ], [ -46.769935, -23.752911999 ], [ -46.772233, -23.751880999 ], [ -46.775695, -23.752993999 ], [ -46.77698864, -23.750601621 ], [ -46.780017, -23.749373999 ], [ -46.781528589, -23.75065908 ], [ -46.790035, -23.744252999 ], [ -46.79008, -23.741186999 ], [ -46.796043, -23.739126999 ], [ -46.795668, -23.735636999 ], [ -46.798543, -23.729091999 ], [ -46.794784, -23.726146999 ], [ -46.792403, -23.721300999 ], [ -46.793233, -23.713334999 ], [ -46.791489038, -23.701751074 ], [ -46.800709, -23.697966999 ], [ -46.797015, -23.695419999 ], [ -46.801558, -23.684940999 ], [ -46.799633, -23.681299999 ], [ -46.799901, -23.678195999 ], [ -46.795448, -23.670162999 ], [ -46.794365, -23.659600999 ], [ -46.791877, -23.652023999 ], [ -46.792713, -23.647190999 ], [ -46.78948, -23.644862999 ], [ -46.788266, -23.641339999 ], [ -46.784921, -23.638398999 ], [ -46.777438, -23.635134999 ], [ -46.776292, -23.630703999 ], [ -46.769132999, -23.627157999 ], [ -46.761002, -23.617416999 ], [ -46.760391, -23.614928999 ], [ -46.752467, -23.610513999 ], [ -46.751703, -23.606616999 ], [ -46.749202, -23.604442999 ], [ -46.751443, -23.601945999 ], [ -46.758235, -23.599381999 ], [ -46.760685, -23.594915999 ], [ -46.763622, -23.598299999 ], [ -46.768838, -23.600258999 ], [ -46.772914, -23.599858999 ], [ -46.775523, -23.603004999 ], [ -46.779168, -23.602196999 ], [ -46.780691, -23.604045999 ], [ -46.784259, -23.603650999 ], [ -46.789322, -23.606469999 ], [ -46.791413, -23.605266999 ], [ -46.79445, -23.606482999 ], [ -46.798234, -23.604792999 ], [ -46.79986, -23.607719999 ], [ -46.807285, -23.609141999 ], [ -46.808999, -23.598646999 ], [ -46.805082, -23.588784999 ], [ -46.807381, -23.585820999 ], [ -46.806459, -23.584009999 ], [ -46.801897, -23.582465999 ], [ -46.797978, -23.583698999 ], [ -46.795043, -23.582463999 ], [ -46.791305, -23.577754999 ], [ -46.787737, -23.577182999 ], [ -46.785834, -23.574413999 ], [ -46.781833, -23.574751999 ], [ -46.779605, -23.570768999 ], [ -46.773135, -23.570177999 ], [ -46.771925, -23.565053999 ], [ -46.768689, -23.562639999 ], [ -46.765092, -23.563249999 ], [ -46.760125, -23.554834999 ], [ -46.759989, -23.549852999 ], [ -46.75878, -23.548922999 ], [ -46.760707, -23.545573999 ], [ -46.760264, -23.529493999 ], [ -46.756353, -23.524617999 ], [ -46.751437, -23.525412999 ], [ -46.749297, -23.524555999 ], [ -46.747045, -23.520376999 ], [ -46.751225, -23.520739999 ], [ -46.753125, -23.519695999 ], [ -46.753036, -23.517138999 ], [ -46.757661, -23.515945999 ], [ -46.757975, -23.513100999 ], [ -46.76199, -23.510197999 ], [ -46.761097, -23.509478999 ], [ -46.763971, -23.506405999 ], [ -46.761505, -23.501660999 ], [ -46.757452, -23.499758999 ], [ -46.755484, -23.496188999 ], [ -46.75928, -23.493351999 ], [ -46.766328, -23.491289999 ], [ -46.77018, -23.483316999 ], [ -46.770029, -23.475738999 ], [ -46.775115, -23.471786999 ], [ -46.774824, -23.464435999 ], [ -46.769252, -23.458477999 ], [ -46.772248, -23.458918999 ], [ -46.776738, -23.464983999 ], [ -46.780272, -23.465128999 ], [ -46.781602, -23.463819999 ], [ -46.784479, -23.466134999 ], [ -46.786863, -23.465767999 ], [ -46.792227, -23.461467999 ], [ -46.796131, -23.463075999 ], [ -46.797143, -23.469904999 ], [ -46.799528, -23.471382999 ], [ -46.800691, -23.470355999 ], [ -46.80077, -23.467227999 ], [ -46.805357, -23.462458999 ], [ -46.805937, -23.455758999 ], [ -46.808629, -23.451771999 ], [ -46.809469, -23.442275999 ], [ -46.811576, -23.440684999 ], [ -46.811549, -23.436912999 ], [ -46.815206, -23.433558999 ], [ -46.816949, -23.429719999 ], [ -46.819748, -23.428806999 ], [ -46.822602, -23.425324999 ], [ -46.823310472, -23.422374528 ], [ -46.819656, -23.417981999 ], [ -46.822399, -23.411867999 ], [ -46.826191, -23.408907999 ], [ -46.824193, -23.406269999 ], [ -46.82553, -23.404173999 ], [ -46.823046, -23.400994999 ], [ -46.820824, -23.402024999 ], [ -46.818196, -23.399502999 ], [ -46.80771, -23.399408999 ], [ -46.807655, -23.397876999 ], [ -46.802902, -23.396589999 ], [ -46.804344, -23.395578999 ], [ -46.802715, -23.394788999 ], [ -46.798819, -23.398848999 ], [ -46.798675, -23.400160999 ], [ -46.800645, -23.401418999 ], [ -46.799391, -23.402839999 ], [ -46.798604, -23.401974999 ], [ -46.796507, -23.402709999 ], [ -46.797259, -23.401565999 ], [ -46.793707, -23.399631999 ], [ -46.791301, -23.401442999 ], [ -46.792049, -23.402349999 ], [ -46.788448, -23.402688999 ], [ -46.789368, -23.403656999 ], [ -46.786, -23.405007999 ], [ -46.782589, -23.403448999 ], [ -46.783412, -23.398717999 ], [ -46.776445, -23.398863999 ], [ -46.777326, -23.397782999 ], [ -46.775453, -23.396812999 ], [ -46.77092, -23.397480999 ], [ -46.770214, -23.388710999 ], [ -46.767848, -23.389298999 ], [ -46.767517, -23.386867999 ], [ -46.764152, -23.384903999 ], [ -46.764427, -23.386192999 ], [ -46.761435, -23.387111999 ], [ -46.760283, -23.385988999 ], [ -46.754248, -23.387507999 ], [ -46.751542, -23.390273999 ], [ -46.735457, -23.388117999 ], [ -46.73033, -23.393993999 ], [ -46.725096, -23.394804999 ], [ -46.720307, -23.397545999 ], [ -46.719885, -23.403655999 ], [ -46.717205, -23.406642999 ], [ -46.710647, -23.406520999 ], [ -46.708468, -23.416493999 ], [ -46.700098, -23.417346999 ], [ -46.700414, -23.422486999 ], [ -46.698959, -23.423873999 ], [ -46.695861, -23.424319999 ], [ -46.692339, -23.422728999 ], [ -46.686588, -23.426961999 ], [ -46.684728, -23.419308999 ], [ -46.676971, -23.415439999 ], [ -46.672481, -23.419176999 ], [ -46.668956, -23.418918999 ], [ -46.664238, -23.423985999 ], [ -46.659858, -23.426226999 ], [ -46.656432, -23.430941999 ], [ -46.642444, -23.427528999 ], [ -46.635727, -23.427599999 ], [ -46.634253, -23.429274999 ], [ -46.631351, -23.428270999 ], [ -46.627187, -23.423220999 ], [ -46.621506, -23.422490999 ], [ -46.623173, -23.416598999 ], [ -46.619336, -23.418340999 ], [ -46.612607, -23.417354999 ], [ -46.61436, -23.412172999 ], [ -46.611447, -23.410182999 ], [ -46.611771, -23.406056999 ], [ -46.60585, -23.398032999 ], [ -46.59874, -23.394411999 ], [ -46.600605, -23.388439999 ], [ -46.585516, -23.380304999 ], [ -46.583275, -23.377443999 ], [ -46.581009, -23.376948999 ], [ -46.579913, -23.373801999 ], [ -46.56852, -23.375735999 ], [ -46.565401, -23.370810999 ], [ -46.560155, -23.368654999 ], [ -46.555169, -23.363803999 ], [ -46.551805, -23.357676999 ], [ -46.549325, -23.356293999 ] ] ] } },
{ "type": "Feature", "properties": { "codibge": "3501152", "municipio": "Alumínio", "uf": "SP", "total_alertas": 1, "nivel_max": "moderado", "nivel_max_label": "Moderado", "tem_hidro": true, "tem_geo": false, "qtd_hidro": 1, "qtd_geo": 0, "tipos": "hidro", "cor": "#d6b52b", "severity_group": "moderado", "alertas": [ { "id": "2932", "municipio": "ALUMÍNIO", "codibge": "3501152", "uf": "SP", "bacia": "", "tipo": "hidro", "tipo_raw": "Risco Hidrológico - Moderado", "nivel_raw": "Moderado", "severity_group": "moderado", "severity_rank": 1, "latitude": -23.533021161383, "longitude": -47.28125922001, "created_at": "2026-10-09 17:17:04.639", "updated_at": "2026-10-09 17:17:04.639" } ], "updated_at": "2026-10-10T02:38:32.287251+00:00" }, "geometry": { "type": "Polygon", "coordinates": [ [ [ -47.310077319, -23.472425246 ], [ -47.30466278, -23.471954083 ], [ -47.300560924, -23.46973245 ], [ -47.299379399, -23.478092046 ], [ -47.297285899, -23.477172112 ], [ -47.293216575, -23.477859861 ], [ -47.290626696, -23.476604059 ], [ -47.290558536, -23.474068616 ], [ -47.287658869, -23.477753114 ], [ -47.283257697, -23.477835042 ], [ -47.281355104, -23.476458479 ], [ -47.278299864, -23.478803333 ], [ -47.272881579, -23.478267079 ], [ -47.275597258, -23.482841971 ], [ -47.275845623, -23.486565966 ], [ -47.273227708, -23.48857176 ], [ -47.271446529, -23.494501096 ], [ -47.267432869, -23.494218086 ], [ -47.267356147, -23.497699821 ], [ -47.264087638, -23.4980814 ], [ -47.261585688, -23.501510898 ], [ -47.259016988, -23.500758702 ], [ -47.258426175, -23.502231329 ], [ -47.256449597, -23.50216689 ], [ -47.253159452, -23.508045224 ], [ -47.249722349, -23.508324825 ], [ -47.243447487, -23.504914315 ], [ -47.243280094, -23.507014398 ], [ -47.235405692, -23.509644351 ], [ -47.230006119, -23.513397898 ], [ -47.229769009, -23.514894976 ], [ -47.234097851, -23.523550697 ], [ -47.232332615, -23.529327109 ], [ -47.237782988, -23.53277089 ], [ -47.230090901, -23.542954788 ], [ -47.235133773, -23.548821791 ], [ -47.233291044, -23.552852375 ], [ -47.235311192, -23.55736645 ], [ -47.240799859, -23.561611803 ], [ -47.242730052, -23.558855566 ], [ -47.245648905, -23.559491255 ], [ -47.24789963, -23.557269096 ], [ -47.252885538, -23.558706556 ], [ -47.251059006, -23.561415313 ], [ -47.254387008, -23.568948622 ], [ -47.256858082, -23.570193882 ], [ -47.263500459, -23.569914812 ], [ -47.267566944, -23.577273505 ], [ -47.271085109, -23.578165606 ], [ -47.274233203, -23.581556208 ], [ -47.277201824, -23.587862471 ], [ -47.27727461100001, -23.597189453 ], [ -47.296846715, -23.603654361 ], [ -47.300294912, -23.598438005 ], [ -47.304782248, -23.596764805 ], [ -47.309988118, -23.597291773 ], [ -47.31001114, -23.585883444 ], [ -47.313340096, -23.581194463 ], [ -47.312897137, -23.574191481 ], [ -47.308119807, -23.562159723 ], [ -47.309189, -23.559172999 ], [ -47.304368, -23.549468999 ], [ -47.306079, -23.541886999 ], [ -47.304529, -23.532519999 ], [ -47.309301, -23.528950999 ], [ -47.308092, -23.527113999 ], [ -47.303817, -23.525504999 ], [ -47.303279, -23.520961999 ], [ -47.309211, -23.518335999 ], [ -47.308364, -23.517065999 ], [ -47.309453, -23.515197999 ], [ -47.313068, -23.513787999 ], [ -47.317855, -23.515478999 ], [ -47.324291, -23.513458999 ], [ -47.322536, -23.511807999 ], [ -47.32492, -23.502086999 ], [ -47.322609, -23.494485999 ], [ -47.32524, -23.490483999 ], [ -47.318748, -23.485291999 ], [ -47.317915, -23.481874999 ], [ -47.319106, -23.482291999 ], [ -47.320349, -23.475898999 ], [ -47.317783, -23.474155999 ], [ -47.320538, -23.468833999 ], [ -47.317351, -23.463608999 ], [ -47.31107483600001, -23.467819634 ], [ -47.310077319, -23.472425246 ] ] ] } },
{ "type": "Feature", "properties": { "codibge": "3508405", "municipio": "Cabreúva", "uf": "SP", "total_alertas": 1, "nivel_max": "moderado", "nivel_max_label": "Moderado", "tem_hidro": true, "tem_geo": false, "qtd_hidro": 1, "qtd_geo": 0, "tipos": "hidro", "cor": "#d6b52b", "severity_group": "moderado", "alertas": [ { "id": "2933", "municipio": "CABREÚVA", "codibge": "3508405", "uf": "SP", "bacia": "", "tipo": "hidro", "tipo_raw": "Risco Hidrológico - Moderado", "nivel_raw": "Moderado", "severity_group": "moderado", "severity_rank": 1, "latitude": -23.30130622974, "longitude": -47.080205828126, "created_at": "2026-10-09 17:17:09.711", "updated_at": "2026-10-09 17:17:09.711" } ], "updated_at": "2026-10-10T02:38:32.287827+00:00" }, "geometry": { "type": "Polygon", "coordinates": [ [ [ -47.096923015, -23.223502835 ], [ -47.0944501, -23.226763051 ], [ -47.091973545, -23.234838634 ], [ -47.088610172, -23.23741559 ], [ -47.077197711, -23.234160552 ], [ -47.061180485, -23.238268369 ], [ -47.056089709, -23.237609582 ], [ -47.051901995, -23.239600469 ], [ -47.050006304, -23.244122478 ], [ -47.047655218, -23.245267603 ], [ -47.0445488, -23.240664923 ], [ -47.044369319, -23.238044566 ], [ -47.038643042, -23.238094242 ], [ -47.03237022, -23.235156844 ], [ -47.029433106, -23.236065808 ], [ -47.028372544, -23.236668528 ], [ -47.026769646, -23.247430056 ], [ -47.017613864, -23.249893106 ], [ -47.014206478, -23.263623442 ], [ -47.011272878, -23.2670447 ], [ -47.007418039, -23.268363418 ], [ -47.003268625, -23.267910067 ], [ -46.999576571, -23.264280704 ], [ -46.989844525, -23.259634085 ], [ -46.980768849, -23.261472156 ], [ -46.977321025, -23.259498936 ], [ -46.969831191, -23.260408887 ], [ -46.971535069, -23.268346429 ], [ -46.964468874, -23.271026498 ], [ -46.964501421, -23.274210503 ], [ -46.967669105, -23.277415664 ], [ -46.963210192, -23.285265367 ], [ -46.966073559, -23.289102889 ], [ -46.965692316, -23.294949785 ], [ -46.967012449, -23.298472382 ], [ -46.972399768, -23.301410956 ], [ -46.970236867, -23.303132662 ], [ -46.971245604, -23.30497418 ], [ -46.969826289, -23.307255402 ], [ -46.965710325, -23.309592366 ], [ -46.96804486, -23.311275674 ], [ -46.969996973, -23.317288658 ], [ -46.967626541, -23.320910743 ], [ -46.960708889, -23.322610426 ], [ -46.958792541, -23.327632324 ], [ -46.960018062, -23.32794848 ], [ -46.964034077, -23.32357455 ], [ -46.970340421, -23.326235533 ], [ -46.974407331, -23.329986692 ], [ -46.978152866, -23.329632669 ], [ -46.983667138, -23.333640398 ], [ -46.987581527, -23.332703504 ], [ -46.988964606, -23.334154738 ], [ -46.991496196, -23.332651345 ], [ -46.992805747, -23.333752535 ], [ -46.995719285, -23.331000335 ], [ -46.999997469, -23.333245838 ], [ -47.000544334, -23.338141708 ], [ -47.003969846, -23.336858388999989 ], [ -47.015350943, -23.340333412 ], [ -47.017329803, -23.345357538 ], [ -47.021236275, -23.344125719 ], [ -47.025001112, -23.345776606 ], [ -47.031247744, -23.346012778 ], [ -47.041916661, -23.352249481 ], [ -47.04518339, -23.351118151 ], [ -47.048656703, -23.354867781 ], [ -47.057073002, -23.357247161 ], [ -47.066320248, -23.354519401 ], [ -47.065804106, -23.357784818 ], [ -47.072383687, -23.359043966 ], [ -47.076047935, -23.357535071 ], [ -47.082140146, -23.357588261 ], [ -47.087812808, -23.353230358 ], [ -47.09219056, -23.356179852 ], [ -47.09237326, -23.362717716 ], [ -47.096225753, -23.367395182 ], [ -47.094634843, -23.371229087 ], [ -47.102610102, -23.369484699 ], [ -47.105318932, -23.371663604 ], [ -47.103309139, -23.374517032 ], [ -47.101101415, -23.386821517 ], [ -47.097654559, -23.387905594 ], [ -47.09073369, -23.386400385 ], [ -47.087530712, -23.383086335 ], [ -47.081736018, -23.381324836 ], [ -47.080912049, -23.387638645 ], [ -47.083529998, -23.389587527 ], [ -47.083877187, -23.391605397 ], [ -47.081431081, -23.392480638 ], [ -47.080681769, -23.394508643 ], [ -47.082826858, -23.397825713 ], [ -47.083169703, -23.40159623 ], [ -47.085862581, -23.403240269 ], [ -47.090275747, -23.403057043 ], [ -47.092888424, -23.401488228 ], [ -47.094049688, -23.398901439 ], [ -47.096090942, -23.398390962 ], [ -47.097908032, -23.399231758 ], [ -47.098356413, -23.402244178 ], [ -47.100924199, -23.404582397 ], [ -47.105239765, -23.401776368 ], [ -47.12069225, -23.403719566 ], [ -47.122419001, -23.402946093 ], [ -47.123021593, -23.400374963 ], [ -47.119451604, -23.391338172 ], [ -47.119198294, -23.385896709 ], [ -47.120536512, -23.383225702 ], [ -47.117080973, -23.382029554 ], [ -47.117672054, -23.376639441 ], [ -47.120774385, -23.375655673 ], [ -47.129572779, -23.38204666 ], [ -47.13237807, -23.382053305 ], [ -47.133526458, -23.38003513 ], [ -47.131744702, -23.374937457 ], [ -47.138053439, -23.369075202 ], [ -47.136799935, -23.358642896 ], [ -47.138787068, -23.354236166 ], [ -47.14156593, -23.352828042 ], [ -47.142073162, -23.349109683 ], [ -47.156820397, -23.344450247 ], [ -47.15789225, -23.343122098 ], [ -47.165434915, -23.342767742 ], [ -47.171085857, -23.337846368 ], [ -47.169939341, -23.334839555 ], [ -47.173755653, -23.325600902 ], [ -47.164587384, -23.323703684 ], [ -47.16146482, -23.320544628 ], [ -47.161784402, -23.318173813 ], [ -47.166619112, -23.312504477 ], [ -47.165606116, -23.311455992 ], [ -47.16178207, -23.311591118 ], [ -47.161286717, -23.30766913 ], [ -47.166756691, -23.304162189 ], [ -47.168484192, -23.294010862 ], [ -47.179972654, -23.293866606 ], [ -47.186446538, -23.28505669 ], [ -47.185749137, -23.283060525 ], [ -47.191355885, -23.270093785 ], [ -47.19098348, -23.246101443 ], [ -47.185549156, -23.248921238 ], [ -47.182382316, -23.24804325 ], [ -47.179012956, -23.255245155 ], [ -47.176355229, -23.257227509 ], [ -47.156892592, -23.256931434 ], [ -47.149564285, -23.254978356 ], [ -47.147063233, -23.255901308 ], [ -47.1443244, -23.25314891 ], [ -47.141739736, -23.253890244 ], [ -47.13794943, -23.249290622 ], [ -47.132435713, -23.247218945 ], [ -47.126637371, -23.240094273 ], [ -47.12560222, -23.235460723 ], [ -47.122315212, -23.233490191 ], [ -47.121111609, -23.229034405 ], [ -47.116035401, -23.225058704 ], [ -47.110884953, -23.225962765 ], [ -47.107429572, -23.222959542 ], [ -47.099859213, -23.222500794 ], [ -47.096923015, -23.223502835 ] ] ] } },
{ "type": "Feature", "properties": { "codibge": "3516309", "municipio": "Francisco Morato", "uf": "SP", "total_alertas": 1, "nivel_max": "moderado", "nivel_max_label": "Moderado", "tem_hidro": true, "tem_geo": false, "qtd_hidro": 1, "qtd_geo": 0, "tipos": "hidro", "cor": "#d6b52b", "severity_group": "moderado", "alertas": [ { "id": "2934", "municipio": "FRANCISCO MORATO", "codibge": "3516309", "uf": "SP", "bacia": "", "tipo": "hidro", "tipo_raw": "Risco Hidrológico - Moderado", "nivel_raw": "Moderado", "severity_group": "moderado", "severity_rank": 1, "latitude": -23.273711625344, "longitude": -46.723631695575, "created_at": "2026-10-09 17:17:13.577", "updated_at": "2026-10-09 17:17:13.577" } ], "updated_at": "2026-10-10T02:38:32.288348+00:00" }, "geometry": { "type": "Polygon", "coordinates": [ [ [ -46.717152648, -23.253406093 ], [ -46.702111742, -23.251812296 ], [ -46.697939807, -23.253595862 ], [ -46.697179365, -23.254974917 ], [ -46.698803683, -23.256940073 ], [ -46.695740067, -23.257224976 ], [ -46.694200259, -23.259200994 ], [ -46.690939189, -23.257035285 ], [ -46.686565512, -23.258958204 ], [ -46.684312796, -23.257106624 ], [ -46.67577502, -23.26160181 ], [ -46.672090031, -23.256025754 ], [ -46.669051138, -23.256375926 ], [ -46.666694108, -23.258810195 ], [ -46.656313267, -23.259906461 ], [ -46.651344322999989, -23.259479695 ], [ -46.64365008, -23.254638781 ], [ -46.638447, -23.257665999 ], [ -46.640585, -23.261058999 ], [ -46.647654, -23.263626999 ], [ -46.651604, -23.267382999 ], [ -46.66228, -23.267517999 ], [ -46.664276545, -23.269396555 ], [ -46.673077, -23.271931999 ], [ -46.672913, -23.273355999 ], [ -46.678492, -23.274083999 ], [ -46.681543, -23.278772999 ], [ -46.687079, -23.278292999 ], [ -46.687282, -23.281394999 ], [ -46.682969, -23.283296999 ], [ -46.68613, -23.287657999 ], [ -46.687473, -23.287124999 ], [ -46.688904, -23.290530999 ], [ -46.697329, -23.289552999 ], [ -46.698338, -23.291718999 ], [ -46.705174374, -23.295880382 ], [ -46.711454, -23.294572999 ], [ -46.717389, -23.300267999 ], [ -46.717781, -23.302351999 ], [ -46.751497, -23.301647999 ], [ -46.750285, -23.300348999 ], [ -46.750938, -23.297548999 ], [ -46.755773, -23.297466999 ], [ -46.757846, -23.292768999 ], [ -46.76484, -23.289971998999988 ], [ -46.764962, -23.285674999 ], [ -46.767891, -23.285676999 ], [ -46.770036362, -23.282994546 ], [ -46.773819, -23.281398999 ], [ -46.783686, -23.265377999 ], [ -46.783991, -23.260877999 ], [ -46.778702, -23.256567999 ], [ -46.771508, -23.259852999 ], [ -46.763431, -23.257767999 ], [ -46.760845, -23.258395999 ], [ -46.757163, -23.253482999 ], [ -46.752561055, -23.2557441 ], [ -46.751160589, -23.253170996 ], [ -46.745465987, -23.25040488 ], [ -46.732832733, -23.253417599 ], [ -46.730212939, -23.252743951 ], [ -46.725363631, -23.248457587 ], [ -46.717152648, -23.253406093 ] ] ] } },
{ "type": "Feature", "properties": { "codibge": "3516408", "municipio": "Franco da Rocha", "uf": "SP", "total_alertas": 1, "nivel_max": "moderado", "nivel_max_label": "Moderado", "tem_hidro": true, "tem_geo": false, "qtd_hidro": 1, "qtd_geo": 0, "tipos": "hidro", "cor": "#d6b52b", "severity_group": "moderado", "alertas": [ { "id": "2935", "municipio": "FRANCO DA ROCHA", "codibge": "3516408", "uf": "SP", "bacia": "", "tipo": "hidro", "tipo_raw": "Risco Hidrológico - Moderado", "nivel_raw": "Moderado", "severity_group": "moderado", "severity_rank": 1, "latitude": -23.314537924216, "longitude": -46.736169175026, "created_at": "2026-10-09 17:17:17.993", "updated_at": "2026-10-09 17:17:17.993" } ], "updated_at": "2026-10-10T02:38:32.288943+00:00" }, "geometry": { "type": "Polygon", "coordinates": [ [ [ -46.791278, -23.266708999 ], [ -46.785528, -23.264958999 ], [ -46.782307, -23.266252999 ], [ -46.778689, -23.272230999 ], [ -46.777814, -23.276480999 ], [ -46.773819, -23.281398999 ], [ -46.770036362, -23.282994546 ], [ -46.767891, -23.285676999 ], [ -46.764962, -23.285674999 ], [ -46.76484, -23.289971998999988 ], [ -46.757846, -23.292768999 ], [ -46.755773, -23.297466999 ], [ -46.750938, -23.297548999 ], [ -46.750285, -23.300348999 ], [ -46.751497, -23.301647999 ], [ -46.717781, -23.302351999 ], [ -46.717389, -23.300267999 ], [ -46.711454, -23.294572999 ], [ -46.705174374, -23.295880382 ], [ -46.698338, -23.291718999 ], [ -46.697329, -23.289552999 ], [ -46.688904, -23.290530999 ], [ -46.687473, -23.287124999 ], [ -46.68613, -23.287657999 ], [ -46.682969, -23.283296999 ], [ -46.687282, -23.281394999 ], [ -46.687079, -23.278292999 ], [ -46.681543, -23.278772999 ], [ -46.678492, -23.274083999 ], [ -46.672913, -23.273355999 ], [ -46.673077, -23.271931999 ], [ -46.664276545, -23.269396555 ], [ -46.66228, -23.267517999 ], [ -46.651604, -23.267382999 ], [ -46.647654, -23.263626999 ], [ -46.640585, -23.261058999 ], [ -46.638447, -23.257665999 ], [ -46.636972, -23.258380999 ], [ -46.637768, -23.264448999 ], [ -46.638747, -23.265521999 ], [ -46.643048, -23.265445999 ], [ -46.647915, -23.272959999 ], [ -46.647661, -23.275407999 ], [ -46.656189, -23.278407999 ], [ -46.65918, -23.277897999 ], [ -46.660765, -23.281618999 ], [ -46.659448, -23.283253999 ], [ -46.653142, -23.284416999 ], [ -46.650953, -23.288178999 ], [ -46.647455, -23.287617999 ], [ -46.646531, -23.295446999 ], [ -46.638713, -23.300315999 ], [ -46.635834, -23.305294999 ], [ -46.641835, -23.309027999 ], [ -46.642869, -23.311526999 ], [ -46.645394, -23.311919999 ], [ -46.645337, -23.318601999 ], [ -46.663202, -23.325179999 ], [ -46.662909, -23.327068999 ], [ -46.658449, -23.329355999 ], [ -46.658032, -23.331332999 ], [ -46.660823, -23.334828999 ], [ -46.665472, -23.351742999 ], [ -46.670187, -23.363095999 ], [ -46.67707, -23.366714999 ], [ -46.681823, -23.367958999 ], [ -46.685275, -23.365170999 ], [ -46.688024, -23.368059999 ], [ -46.690512, -23.368155999 ], [ -46.698887, -23.361677999 ], [ -46.700666, -23.363123999 ], [ -46.706503, -23.363210999 ], [ -46.708699, -23.359948999 ], [ -46.716546577, -23.355289745 ], [ -46.722153659, -23.35561568 ], [ -46.722201053, -23.356924478 ], [ -46.724923, -23.357212999 ], [ -46.743405, -23.354734999 ], [ -46.743572, -23.352943999 ], [ -46.741851, -23.352778999 ], [ -46.741238, -23.349390999 ], [ -46.74005, -23.349083999 ], [ -46.74176, -23.348307999 ], [ -46.741764, -23.341307999 ], [ -46.747195, -23.331564999 ], [ -46.749969, -23.329823999 ], [ -46.749734, -23.327914999 ], [ -46.751393, -23.327982999 ], [ -46.752088, -23.326487999 ], [ -46.756265, -23.327931999 ], [ -46.757643, -23.330545999 ], [ -46.765301, -23.334534999 ], [ -46.773709, -23.334637999 ], [ -46.777928, -23.336722999 ], [ -46.778685, -23.344693999 ], [ -46.781285, -23.349216999 ], [ -46.782568, -23.349202999 ], [ -46.787751, -23.346109999 ], [ -46.788328, -23.343957999 ], [ -46.7914, -23.343988999 ], [ -46.793082, -23.345965999 ], [ -46.800161, -23.344487999 ], [ -46.801102, -23.341425999 ], [ -46.811018, -23.336197999 ], [ -46.814051, -23.337639999 ], [ -46.819329, -23.336818998999988 ], [ -46.821469, -23.332309999 ], [ -46.823673991, -23.330977196 ], [ -46.823878, -23.326603999 ], [ -46.825551, -23.323771999 ], [ -46.824583, -23.321305999 ], [ -46.825853, -23.319963999 ], [ -46.821804, -23.313587999 ], [ -46.828664, -23.309898999 ], [ -46.832764, -23.310531999 ], [ -46.834571, -23.309163999 ], [ -46.835908, -23.305983999 ], [ -46.840821, -23.302326999 ], [ -46.842734, -23.293822998999989 ], [ -46.842672, -23.291664999 ], [ -46.834275, -23.285910999 ], [ -46.834244, -23.280092999 ], [ -46.83169, -23.278988999 ], [ -46.822947, -23.280163999 ], [ -46.815947, -23.282621999 ], [ -46.813708, -23.280923999 ], [ -46.813753, -23.276683999 ], [ -46.809716, -23.274625999 ], [ -46.805451, -23.274672999 ], [ -46.805947, -23.272479999 ], [ -46.803069, -23.270398999 ], [ -46.802441, -23.257010999 ], [ -46.792796, -23.261191999 ], [ -46.791278, -23.266708999 ] ] ] } },
{ "type": "Feature", "properties": { "codibge": "3518305", "municipio": "Guararema", "uf": "SP", "total_alertas": 1, "nivel_max": "moderado", "nivel_max_label": "Moderado", "tem_hidro": true, "tem_geo": false, "qtd_hidro": 1, "qtd_geo": 0, "tipos": "hidro", "cor": "#d6b52b", "severity_group": "moderado", "alertas": [ { "id": "2936", "municipio": "GUARAREMA", "codibge": "3518305", "uf": "SP", "bacia": "", "tipo": "hidro", "tipo_raw": "Risco Hidrológico - Moderado", "nivel_raw": "Moderado", "severity_group": "moderado", "severity_rank": 1, "latitude": -23.427570102707, "longitude": -46.058561881785, "created_at": "2026-10-09 17:17:21.512", "updated_at": "2026-10-09 17:17:21.512" } ], "updated_at": "2026-10-10T02:38:32.289485+00:00" }, "geometry": { "type": "Polygon", "coordinates": [ [ [ -46.100753362, -23.308841722 ], [ -46.098649, -23.309238999 ], [ -46.097879, -23.320034999 ], [ -46.099545, -23.323723999 ], [ -46.098993, -23.326003999 ], [ -46.079966269, -23.341507345 ], [ -46.076856599, -23.340937637 ], [ -46.07370877, -23.342154613 ], [ -46.067967138, -23.348766679 ], [ -46.067827202, -23.354970552 ], [ -46.063506212999989, -23.358826399 ], [ -46.060572944, -23.357791559 ], [ -46.059696001, -23.360200687999988 ], [ -46.057458871, -23.361426304 ], [ -46.055948656, -23.366244209 ], [ -46.051412484, -23.368643675 ], [ -46.047902018, -23.37617885 ], [ -46.041286958, -23.384357135 ], [ -46.036724863, -23.388147674 ], [ -46.034645106, -23.387151815 ], [ -46.029529052, -23.391757206 ], [ -46.026610334, -23.392100087 ], [ -46.022213185, -23.387631237 ], [ -46.018422758, -23.388068852 ], [ -46.015694029, -23.391174772 ], [ -46.013676294, -23.387496381 ], [ -46.010948049, -23.387053961 ], [ -46.010539842999989, -23.384272503 ], [ -46.006459794, -23.383682526 ], [ -46.001424689, -23.386106932 ], [ -45.998332665, -23.391375313 ], [ -45.998979305, -23.393951814 ], [ -45.997102855, -23.402086526 ], [ -45.994623894, -23.405810024 ], [ -45.99118669, -23.417520065 ], [ -45.983941797, -23.420463394 ], [ -45.979706318, -23.418413418 ], [ -45.978349739, -23.426151662 ], [ -45.97653693, -23.428471833 ], [ -45.969746242, -23.426505566 ], [ -45.967046841, -23.427366863 ], [ -45.96532474, -23.42959373 ], [ -45.965496774, -23.433033038 ], [ -45.962291845, -23.436416382 ], [ -45.95959153, -23.442534844 ], [ -45.953903797, -23.447438461 ], [ -45.95186465, -23.451350177 ], [ -45.952835586, -23.456564853 ], [ -45.957465076, -23.465185667 ], [ -45.956904441, -23.468607186 ], [ -45.960046717, -23.468248746 ], [ -45.961811445, -23.471848489 ], [ -45.968452766, -23.476074368 ], [ -45.964685082, -23.478036839 ], [ -45.959718314, -23.484110921 ], [ -45.957232208, -23.488056248 ], [ -45.956003191, -23.494148436999989 ], [ -45.9752, -23.503455999 ], [ -45.977659, -23.506609999 ], [ -45.977736, -23.509466999 ], [ -45.984109, -23.518016999 ], [ -45.985889, -23.517304999 ], [ -45.995119, -23.520974999 ], [ -45.998382, -23.519152999 ], [ -46.005577, -23.525286999 ], [ -46.00652, -23.528000999 ], [ -46.012507, -23.527895999 ], [ -46.014713, -23.529753999 ], [ -46.018068, -23.528827999 ], [ -46.021209, -23.531196999 ], [ -46.024739, -23.529715999 ], [ -46.026233, -23.530349999 ], [ -46.027971, -23.527140999 ], [ -46.03086, -23.525672999 ], [ -46.034431, -23.525503999 ], [ -46.036083, -23.528333999 ], [ -46.035693, -23.532232999 ], [ -46.041134, -23.538319999 ], [ -46.051113, -23.539008999 ], [ -46.053062, -23.541212999 ], [ -46.056636, -23.542170999 ], [ -46.071196, -23.537325999 ], [ -46.076083, -23.533796999 ], [ -46.075777, -23.528049999 ], [ -46.071924, -23.524921999 ], [ -46.071402, -23.522986999 ], [ -46.074928, -23.521019999 ], [ -46.075332, -23.518200999 ], [ -46.077746, -23.516647999 ], [ -46.077017, -23.514776999 ], [ -46.078371, -23.512803999 ], [ -46.075916, -23.509559999 ], [ -46.071977, -23.512173999 ], [ -46.069893, -23.508960999 ], [ -46.066335, -23.507418999 ], [ -46.063957, -23.493088999 ], [ -46.051108, -23.488758999 ], [ -46.053196, -23.485000999 ], [ -46.051954, -23.481997999 ], [ -46.054407, -23.479243999 ], [ -46.053775, -23.473507999 ], [ -46.059124, -23.465032999 ], [ -46.073958, -23.452399999 ], [ -46.077948, -23.451013999 ], [ -46.083335, -23.452635999 ], [ -46.089698, -23.451779999 ], [ -46.100022, -23.455630999 ], [ -46.102769, -23.453964999 ], [ -46.105605, -23.455378999 ], [ -46.106588, -23.448178999 ], [ -46.111771, -23.445827999 ], [ -46.114266, -23.438406999 ], [ -46.121344, -23.435480999 ], [ -46.127754, -23.435826999 ], [ -46.131276, -23.438069999 ], [ -46.13412, -23.437005999 ], [ -46.139665, -23.440397999 ], [ -46.155151, -23.426356999 ], [ -46.153789, -23.423583999 ], [ -46.142089, -23.415326999 ], [ -46.142722, -23.410998999 ], [ -46.147559, -23.407931999 ], [ -46.146923, -23.404878999 ], [ -46.14814, -23.401890999 ], [ -46.155064, -23.393766999 ], [ -46.158764, -23.391952999 ], [ -46.160501, -23.388274999 ], [ -46.157818, -23.382359999 ], [ -46.158746, -23.379836999 ], [ -46.156681, -23.376216999 ], [ -46.156285, -23.371444999 ], [ -46.152938, -23.367470999 ], [ -46.155966496, -23.362957273 ], [ -46.154910546, -23.359977889 ], [ -46.157760459, -23.342273524 ], [ -46.156206721, -23.339831441 ], [ -46.152054275, -23.338534082 ], [ -46.151398, -23.336208999 ], [ -46.147612, -23.335205999 ], [ -46.140153, -23.328412999 ], [ -46.139382, -23.329193999 ], [ -46.13413, -23.326393999 ], [ -46.133607, -23.324043999 ], [ -46.131646, -23.322705999 ], [ -46.12468, -23.320729999 ], [ -46.114764, -23.313483999 ], [ -46.112702, -23.309723999 ], [ -46.105419, -23.310989999 ], [ -46.100753362, -23.308841722 ] ] ] } },
{ "type": "Feature", "properties": { "codibge": "3518800", "municipio": "Guarulhos", "uf": "SP", "total_alertas": 1, "nivel_max": "moderado", "nivel_max_label": "Moderado", "tem_hidro": true, "tem_geo": false, "qtd_hidro": 1, "qtd_geo": 0, "tipos": "hidro", "cor": "#d6b52b", "severity_group": "moderado", "alertas": [ { "id": "2937", "municipio": "GUARULHOS", "codibge": "3518800", "uf": "SP", "bacia": "", "tipo": "hidro", "tipo_raw": "Risco Hidrológico - Moderado", "nivel_raw": "Moderado", "severity_group": "moderado", "severity_rank": 1, "latitude": -23.402692986537, "longitude": -46.454874291621, "created_at": "2026-10-09 17:17:25.65", "updated_at": "2026-10-09 17:17:25.65" } ], "updated_at": "2026-10-10T02:38:32.290060+00:00" }, "geometry": { "type": "Polygon", "coordinates": [ [ [ -46.36549, -23.273849999 ], [ -46.361989, -23.276712999 ], [ -46.361641, -23.283143999 ], [ -46.356241, -23.289014999 ], [ -46.358212, -23.292103999 ], [ -46.355425, -23.298326999 ], [ -46.356395, -23.302872999 ], [ -46.358759, -23.305258999 ], [ -46.35807, -23.307819999 ], [ -46.355327, -23.310112999 ], [ -46.355861, -23.314438999 ], [ -46.358166, -23.317229999 ], [ -46.356853, -23.321525999 ], [ -46.353794, -23.326696999 ], [ -46.350419, -23.328997999 ], [ -46.336777, -23.329100999 ], [ -46.336004, -23.332991999 ], [ -46.336536, -23.334759998999989 ], [ -46.339864285, -23.335107261 ], [ -46.341762, -23.341270999 ], [ -46.34415394, -23.341809846 ], [ -46.343384418, -23.343275427 ], [ -46.346972, -23.347840999 ], [ -46.351446, -23.349968999 ], [ -46.352109, -23.352438999 ], [ -46.355888721, -23.35317245 ], [ -46.358244, -23.358503999 ], [ -46.362869, -23.359471999 ], [ -46.364632, -23.362672999 ], [ -46.369965, -23.365081999 ], [ -46.372129, -23.367660999 ], [ -46.369956, -23.378475999 ], [ -46.371263, -23.381342999 ], [ -46.370379, -23.383224999 ], [ -46.372848, -23.386013999 ], [ -46.370547, -23.387401999 ], [ -46.368581, -23.394220999 ], [ -46.376781, -23.397087999 ], [ -46.377608, -23.401728999 ], [ -46.375232272, -23.405042901 ], [ -46.375617733, -23.407847127 ], [ -46.372042586, -23.412193195 ], [ -46.371032478, -23.417810601 ], [ -46.367191406, -23.422850727 ], [ -46.366791, -23.430136999 ], [ -46.358421, -23.437277999 ], [ -46.359524, -23.438612998999989 ], [ -46.363808, -23.435169999 ], [ -46.367591, -23.437437999 ], [ -46.372051, -23.432718999 ], [ -46.375809875, -23.432181073 ], [ -46.379743, -23.434064999 ], [ -46.382748675, -23.433130031 ], [ -46.388121862, -23.437790822 ], [ -46.383954, -23.440506999 ], [ -46.38359789, -23.444527837 ], [ -46.385522, -23.445655999 ], [ -46.388761, -23.445158999 ], [ -46.38918, -23.448094999 ], [ -46.390911, -23.448870999 ], [ -46.39365, -23.448730999 ], [ -46.394884, -23.446604999 ], [ -46.397238, -23.446388999 ], [ -46.395406131, -23.451557534 ], [ -46.392559, -23.454191999 ], [ -46.393257, -23.457192999 ], [ -46.389374, -23.465998999 ], [ -46.389134, -23.470914999 ], [ -46.386348, -23.473173999 ], [ -46.386289, -23.479449999 ], [ -46.387608, -23.481824999 ], [ -46.392013, -23.480587999 ], [ -46.396889, -23.484290999 ], [ -46.399659, -23.483093999 ], [ -46.40115, -23.486844999 ], [ -46.403713, -23.484858999 ], [ -46.405717, -23.486081999 ], [ -46.406618, -23.483645999 ], [ -46.406078, -23.481419999 ], [ -46.403991, -23.481104999 ], [ -46.405677, -23.479164999 ], [ -46.404409, -23.478202999 ], [ -46.405365, -23.476274999 ], [ -46.406942, -23.477721999 ], [ -46.410042, -23.475024999 ], [ -46.407614, -23.472618999 ], [ -46.410724, -23.470371999 ], [ -46.415206, -23.472582999 ], [ -46.41477, -23.474339999 ], [ -46.417101, -23.472418999 ], [ -46.418888, -23.474393999 ], [ -46.427062, -23.472007999 ], [ -46.430054, -23.473673999 ], [ -46.429837, -23.476043999 ], [ -46.431638, -23.476417999 ], [ -46.430996, -23.477920999 ], [ -46.435966, -23.475715999 ], [ -46.43495, -23.478353999 ], [ -46.437635, -23.479828999 ], [ -46.441974, -23.479448999 ], [ -46.460472, -23.483030999 ], [ -46.465908, -23.482267999 ], [ -46.479999, -23.476913999 ], [ -46.488446, -23.477639999 ], [ -46.493825, -23.475995999 ], [ -46.503384, -23.477323999 ], [ -46.511472, -23.478921999 ], [ -46.522548, -23.484713999 ], [ -46.528113, -23.490858999 ], [ -46.533745, -23.493324999 ], [ -46.541036, -23.499930999 ], [ -46.545652, -23.505663999 ], [ -46.552876, -23.507621999 ], [ -46.55547, -23.510096999 ], [ -46.559237, -23.506911999 ], [ -46.562136, -23.499826999 ], [ -46.55999, -23.492626999 ], [ -46.561703, -23.472780999 ], [ -46.565478, -23.468507999 ], [ -46.570502, -23.458695999 ], [ -46.570336, -23.453745999 ], [ -46.568442, -23.451480999 ], [ -46.564765, -23.436101999 ], [ -46.568459, -23.432579999 ], [ -46.565626, -23.426937999 ], [ -46.56674, -23.421997999 ], [ -46.565358, -23.418005999 ], [ -46.566905, -23.416140999 ], [ -46.556436, -23.409588999 ], [ -46.55652, -23.405130999 ], [ -46.554957, -23.401901999 ], [ -46.556326, -23.397684999 ], [ -46.545534, -23.386874999 ], [ -46.54512, -23.376203999 ], [ -46.537231, -23.369583999 ], [ -46.536603, -23.364021999 ], [ -46.525586, -23.358625999 ], [ -46.520522, -23.354518998999989 ], [ -46.509912, -23.355392999 ], [ -46.506521, -23.352527999 ], [ -46.49881061, -23.35096086 ], [ -46.495943428, -23.348226224 ], [ -46.487355194, -23.350755797 ], [ -46.486666944, -23.35805379 ], [ -46.480521, -23.362240999 ], [ -46.477948, -23.361139999 ], [ -46.474511333, -23.361843304 ], [ -46.468471, -23.356546999 ], [ -46.462535, -23.357614999 ], [ -46.457994145, -23.356564056 ], [ -46.445, -23.358714999 ], [ -46.444293, -23.355945999 ], [ -46.448485, -23.349938999 ], [ -46.443765, -23.343234999 ], [ -46.444303, -23.340827999 ], [ -46.439095, -23.341988999 ], [ -46.438623, -23.339449999 ], [ -46.431663, -23.335424999 ], [ -46.433672, -23.330705999 ], [ -46.430416, -23.328793999 ], [ -46.427519, -23.323376999 ], [ -46.42546, -23.323394999 ], [ -46.422925, -23.319324999 ], [ -46.423279, -23.316405999 ], [ -46.421712, -23.315463999 ], [ -46.41867, -23.316381999 ], [ -46.417149, -23.315101999 ], [ -46.413499, -23.308319999 ], [ -46.410499, -23.305789999 ], [ -46.41199, -23.301669999 ], [ -46.4083, -23.300293999 ], [ -46.405078, -23.300967999 ], [ -46.402736, -23.299120999 ], [ -46.403438, -23.296154999 ], [ -46.400639, -23.295317999 ], [ -46.399971, -23.288778999 ], [ -46.396249, -23.285817999 ], [ -46.390332, -23.287515999 ], [ -46.38742, -23.286928999 ], [ -46.381483, -23.278079999 ], [ -46.376086, -23.278331999 ], [ -46.36549, -23.273849999 ] ] ] } },
{ "type": "Feature", "properties": { "codibge": "3523107", "municipio": "Itaquaquecetuba", "uf": "SP", "total_alertas": 1, "nivel_max": "moderado", "nivel_max_label": "Moderado", "tem_hidro": true, "tem_geo": false, "qtd_hidro": 1, "qtd_geo": 0, "tipos": "hidro", "cor": "#d6b52b", "severity_group": "moderado", "alertas": [ { "id": "2938", "municipio": "ITAQUAQUECETUBA", "codibge": "3523107", "uf": "SP", "bacia": "", "tipo": "hidro", "tipo_raw": "Risco Hidrológico - Moderado", "nivel_raw": "Moderado", "severity_group": "moderado", "severity_rank": 1, "latitude": -23.461431774118, "longitude": -46.333880093765, "created_at": "2026-10-09 17:17:30.27", "updated_at": "2026-10-09 17:17:30.27" } ], "updated_at": "2026-10-10T02:38:32.290612+00:00" }, "geometry": { "type": "Polygon", "coordinates": [ [ [ -46.310166007, -23.423904112 ], [ -46.302994, -23.424578999 ], [ -46.302398609, -23.426198014 ], [ -46.298688, -23.427824999 ], [ -46.29755, -23.430877999 ], [ -46.293012074, -23.429996376 ], [ -46.289153531, -23.434354513 ], [ -46.284646224, -23.435272577 ], [ -46.278176372, -23.433152778 ], [ -46.277028711, -23.434319587 ], [ -46.275459303, -23.433821001 ], [ -46.273752233, -23.432930782 ], [ -46.273097788, -23.429390456 ], [ -46.270599189, -23.429883076 ], [ -46.273217944, -23.437597602 ], [ -46.273280126, -23.444962719 ], [ -46.275865242, -23.446546816 ], [ -46.274197398, -23.447805802 ], [ -46.27409343, -23.450125063 ], [ -46.277887, -23.452914999 ], [ -46.27980989, -23.457104075 ], [ -46.287006086, -23.460012563 ], [ -46.286137, -23.466161999 ], [ -46.281486, -23.475908999 ], [ -46.281331, -23.481604999 ], [ -46.286333, -23.481881999 ], [ -46.28988, -23.485690999 ], [ -46.288128, -23.489648999 ], [ -46.298575227, -23.496384817 ], [ -46.303992768, -23.495696023 ], [ -46.306448, -23.492529999 ], [ -46.309306404, -23.491612798 ], [ -46.314154447, -23.492780767 ], [ -46.330957, -23.488859999 ], [ -46.333133473, -23.491912729 ], [ -46.332552, -23.494091999 ], [ -46.334251, -23.493335999 ], [ -46.334078, -23.495093999 ], [ -46.335461, -23.495391999 ], [ -46.334313, -23.497398999 ], [ -46.336030181, -23.500753509 ], [ -46.334384148, -23.500296537 ], [ -46.333809717, -23.501386533 ], [ -46.333329, -23.499428999 ], [ -46.332134274, -23.501144158 ], [ -46.330496, -23.500044999 ], [ -46.329860866, -23.50570479 ], [ -46.348215, -23.507933999 ], [ -46.350783, -23.507615999 ], [ -46.353634, -23.504812999 ], [ -46.36639568, -23.512155806 ], [ -46.36538, -23.503025999 ], [ -46.377307, -23.484169999 ], [ -46.381939, -23.472088999 ], [ -46.384472, -23.475587999 ], [ -46.387038, -23.474518999 ], [ -46.386348, -23.473173999 ], [ -46.389122, -23.470943999 ], [ -46.389374, -23.465998999 ], [ -46.393257, -23.457192999 ], [ -46.392559, -23.454191999 ], [ -46.395406131, -23.451557534 ], [ -46.397238, -23.446388999 ], [ -46.394884, -23.446604999 ], [ -46.39365, -23.448730999 ], [ -46.390911, -23.448870999 ], [ -46.38918, -23.448094999 ], [ -46.388761, -23.445158999 ], [ -46.385522, -23.445655999 ], [ -46.38359789, -23.444527837 ], [ -46.383954, -23.440506999 ], [ -46.388121862, -23.437790822 ], [ -46.382748675, -23.433130031 ], [ -46.379743, -23.434064999 ], [ -46.375809875, -23.432181073 ], [ -46.372051, -23.432718999 ], [ -46.367591, -23.437437999 ], [ -46.36344, -23.435170999 ], [ -46.359134, -23.438468999 ], [ -46.357434, -23.434750999 ], [ -46.357863, -23.429751999 ], [ -46.354848, -23.426239999 ], [ -46.354459, -23.422664999 ], [ -46.351718, -23.420631999 ], [ -46.347836, -23.420105999 ], [ -46.340112, -23.423589999 ], [ -46.336884, -23.422910999 ], [ -46.32814, -23.424727999 ], [ -46.32696372, -23.423464961 ], [ -46.322318103, -23.425512557 ], [ -46.317293, -23.423730999 ], [ -46.316589, -23.419945999 ], [ -46.31293236, -23.416129981 ], [ -46.310166007, -23.423904112 ] ] ] } },
{ "type": "Feature", "properties": { "codibge": "3528403", "municipio": "Mairinque", "uf": "SP", "total_alertas": 1, "nivel_max": "moderado", "nivel_max_label": "Moderado", "tem_hidro": true, "tem_geo": false, "qtd_hidro": 1, "qtd_geo": 0, "tipos": "hidro", "cor": "#d6b52b", "severity_group": "moderado", "alertas": [ { "id": "2939", "municipio": "MAIRINQUE", "codibge": "3528403", "uf": "SP", "bacia": "", "tipo": "hidro", "tipo_raw": "Risco Hidrológico - Moderado", "nivel_raw": "Moderado", "severity_group": "moderado", "severity_rank": 1, "latitude": -23.507895773812, "longitude": -47.229292272502, "created_at": "2026-10-09 17:17:33.603", "updated_at": "2026-10-09 17:17:33.603" } ], "updated_at": "2026-10-10T02:38:32.291153+00:00" }, "geometry": { "type": "Polygon", "coordinates": [ [ [ -47.285394579, -23.431584842 ], [ -47.278078765, -23.43137593 ], [ -47.265256479, -23.421870189 ], [ -47.258178095, -23.424433999 ], [ -47.252799351, -23.419919138 ], [ -47.246881391, -23.421385442 ], [ -47.242238892, -23.418270643 ], [ -47.235996569, -23.421125493 ], [ -47.227128142, -23.418112958 ], [ -47.207778583, -23.417447053 ], [ -47.203246836, -23.41883069 ], [ -47.200070470999989, -23.421820232 ], [ -47.196228939, -23.421528919 ], [ -47.195468293, -23.418222456 ], [ -47.193184357, -23.419035523 ], [ -47.190895836, -23.418032349 ], [ -47.190367448, -23.41943097 ], [ -47.188472955, -23.419546488 ], [ -47.187199, -23.417767999 ], [ -47.186673, -23.424298999 ], [ -47.188367, -23.426912999 ], [ -47.187284, -23.428450999 ], [ -47.189065, -23.434746999 ], [ -47.185747, -23.441258999 ], [ -47.176512, -23.444471999 ], [ -47.174514, -23.453117999 ], [ -47.177116, -23.455950999 ], [ -47.175855, -23.460312999 ], [ -47.177345, -23.465342999 ], [ -47.187132, -23.482244999 ], [ -47.183109, -23.491529999 ], [ -47.184241, -23.497960999 ], [ -47.179798, -23.501817999 ], [ -47.174011, -23.501809999 ], [ -47.169553, -23.503655999 ], [ -47.166779, -23.509726999 ], [ -47.165856, -23.517925999 ], [ -47.162218, -23.519787999 ], [ -47.165319, -23.524069999 ], [ -47.162635, -23.525480999 ], [ -47.161119, -23.531480999 ], [ -47.158016, -23.534876999 ], [ -47.157758, -23.538921999 ], [ -47.162531, -23.545393999 ], [ -47.166561, -23.546042999 ], [ -47.16976, -23.548723999 ], [ -47.169329, -23.560615999 ], [ -47.173835, -23.566650999 ], [ -47.173702, -23.570880999 ], [ -47.176399, -23.574035999 ], [ -47.174355, -23.576358999 ], [ -47.176816, -23.582140999 ], [ -47.180822, -23.584820999 ], [ -47.184859, -23.592442999 ], [ -47.185499, -23.597613999 ], [ -47.183239, -23.602069999 ], [ -47.189507, -23.605364999 ], [ -47.192696, -23.603850999 ], [ -47.195865, -23.606018999 ], [ -47.201905, -23.606686999 ], [ -47.205037, -23.610924999 ], [ -47.20888, -23.612977999 ], [ -47.205626, -23.616944999 ], [ -47.220519036, -23.618315634 ], [ -47.22938663, -23.616582672 ], [ -47.250206583, -23.620276936 ], [ -47.256170732, -23.619122199 ], [ -47.260065666, -23.615622185 ], [ -47.270225523, -23.614249042 ], [ -47.26797728, -23.610078363 ], [ -47.269215581, -23.602784217 ], [ -47.273748073, -23.59763786 ], [ -47.27727461100001, -23.597189453 ], [ -47.277201824, -23.587862471 ], [ -47.274233203, -23.581556208 ], [ -47.271085109, -23.578165606 ], [ -47.267566944, -23.577273505 ], [ -47.263500459, -23.569914812 ], [ -47.256858082, -23.570193882 ], [ -47.254387008, -23.568948622 ], [ -47.251059006, -23.561415313 ], [ -47.252885538, -23.558706556 ], [ -47.24789963, -23.557269096 ], [ -47.245648905, -23.559491255 ], [ -47.242730052, -23.558855566 ], [ -47.240799859, -23.561611803 ], [ -47.234024322, -23.555581793 ], [ -47.233291044, -23.552852375 ], [ -47.235133773, -23.548821791 ], [ -47.230090901, -23.542954788 ], [ -47.237782988, -23.53277089 ], [ -47.232332615, -23.529327109 ], [ -47.234097851, -23.523550697 ], [ -47.229769009, -23.514894976 ], [ -47.230006119, -23.513397898 ], [ -47.235405692, -23.509644351 ], [ -47.243280094, -23.507014398 ], [ -47.243447487, -23.504914315 ], [ -47.249722349, -23.508324825 ], [ -47.253159452, -23.508045224 ], [ -47.256449597, -23.50216689 ], [ -47.258426175, -23.502231329 ], [ -47.259016988, -23.500758702 ], [ -47.261585688, -23.501510898 ], [ -47.264087638, -23.4980814 ], [ -47.267356147, -23.497699821 ], [ -47.267432869, -23.494218086 ], [ -47.271446529, -23.494501096 ], [ -47.273227708, -23.48857176 ], [ -47.275845623, -23.486565966 ], [ -47.275597258, -23.482841971 ], [ -47.272881579, -23.478267079 ], [ -47.278299864, -23.478803333 ], [ -47.281355104, -23.476458479 ], [ -47.283257697, -23.477835042 ], [ -47.287658869, -23.477753114 ], [ -47.290558536, -23.474068616 ], [ -47.290626696, -23.476604059 ], [ -47.293216575, -23.477859861 ], [ -47.299939239, -23.477893104 ], [ -47.300165, -23.469926723 ], [ -47.30466278, -23.471954083 ], [ -47.310407528, -23.472328798 ], [ -47.31107483600001, -23.467819634 ], [ -47.316797, -23.464092999 ], [ -47.316579, -23.461637999 ], [ -47.321352, -23.460071999 ], [ -47.321668, -23.455114999 ], [ -47.324216, -23.455706999 ], [ -47.322144, -23.450598999 ], [ -47.326391, -23.439922999 ], [ -47.325605, -23.436762999 ], [ -47.32224978, -23.435118405 ], [ -47.315714416, -23.435746073 ], [ -47.315219611, -23.433847558 ], [ -47.317389951, -23.430966105 ], [ -47.308803707, -23.425388612 ], [ -47.302695289, -23.418493846 ], [ -47.298100636, -23.417426051 ], [ -47.294316113, -23.426512079 ], [ -47.29191281, -23.428531213 ], [ -47.288635809, -23.428730835 ], [ -47.285394579, -23.431584842 ] ] ] } },
{ "type": "Feature", "properties": { "codibge": "3528502", "municipio": "Mairiporã", "uf": "SP", "total_alertas": 1, "nivel_max": "moderado", "nivel_max_label": "Moderado", "tem_hidro": true, "tem_geo": false, "qtd_hidro": 1, "qtd_geo": 0, "tipos": "hidro", "cor": "#d6b52b", "severity_group": "moderado", "alertas": [ { "id": "2940", "municipio": "MAIRIPORÃ", "codibge": "3528502", "uf": "SP", "bacia": "", "tipo": "hidro", "tipo_raw": "Risco Hidrológico - Moderado", "nivel_raw": "Moderado", "severity_group": "moderado", "severity_rank": 1, "latitude": -23.317269189105, "longitude": -46.561274604135, "created_at": "2026-10-09 17:17:36.894", "updated_at": "2026-10-09 17:17:36.894" } ], "updated_at": "2026-10-10T02:38:32.291740+00:00" }, "geometry": { "type": "Polygon", "coordinates": [ [ [ -46.604096, -23.235163999 ], [ -46.601173, -23.234240999 ], [ -46.589858, -23.236680999 ], [ -46.583386, -23.232774999 ], [ -46.575295, -23.232542999 ], [ -46.568253, -23.233734999 ], [ -46.566764, -23.235864999 ], [ -46.563602, -23.236547999 ], [ -46.558956, -23.235208999 ], [ -46.553512, -23.236245999 ], [ -46.551501, -23.239338999 ], [ -46.546229, -23.241378999 ], [ -46.539578, -23.239765999 ], [ -46.529002, -23.241543999 ], [ -46.5238, -23.238072999 ], [ -46.520164, -23.237443999 ], [ -46.516779, -23.238512999 ], [ -46.515380094, -23.23750189 ], [ -46.515324, -23.244158999 ], [ -46.513474, -23.247481999 ], [ -46.514195, -23.250162999 ], [ -46.503069, -23.247941999 ], [ -46.499896, -23.252782999 ], [ -46.491828, -23.255251999 ], [ -46.482865, -23.265321999 ], [ -46.483138, -23.266947999 ], [ -46.478456, -23.269391998999989 ], [ -46.476232, -23.274900999 ], [ -46.472741, -23.276642999 ], [ -46.472356, -23.280915999 ], [ -46.470818, -23.282659999 ], [ -46.462804, -23.280064999 ], [ -46.460636, -23.278070999 ], [ -46.46184, -23.272438999 ], [ -46.459384, -23.270337999 ], [ -46.454015, -23.273105999 ], [ -46.447892, -23.270023999 ], [ -46.446926, -23.271494999 ], [ -46.439744, -23.273438999 ], [ -46.434303, -23.279627999 ], [ -46.43748, -23.284436999 ], [ -46.427461, -23.291595999 ], [ -46.427635, -23.294937999 ], [ -46.425434, -23.297357999 ], [ -46.425915, -23.301849999 ], [ -46.42165, -23.307641999 ], [ -46.418334, -23.315978999 ], [ -46.423279, -23.316405999 ], [ -46.422925, -23.319324999 ], [ -46.42546, -23.323394999 ], [ -46.427519, -23.323376999 ], [ -46.430416, -23.328793999 ], [ -46.433672, -23.330705999 ], [ -46.431663, -23.335424999 ], [ -46.438623, -23.339449999 ], [ -46.439095, -23.341988999 ], [ -46.444303, -23.340827999 ], [ -46.443765, -23.343234999 ], [ -46.448485, -23.349938999 ], [ -46.444293, -23.355945999 ], [ -46.445, -23.358714999 ], [ -46.457994145, -23.356564056 ], [ -46.462535, -23.357614999 ], [ -46.468471, -23.356546999 ], [ -46.474511333, -23.361843304 ], [ -46.477948, -23.361139999 ], [ -46.480521, -23.362240999 ], [ -46.486666944, -23.35805379 ], [ -46.487355194, -23.350755797 ], [ -46.495943428, -23.348226224 ], [ -46.49881061, -23.35096086 ], [ -46.506521, -23.352527999 ], [ -46.509912, -23.355392999 ], [ -46.520522, -23.354518998999989 ], [ -46.525586, -23.358625999 ], [ -46.535438, -23.363304999 ], [ -46.540507, -23.360531999 ], [ -46.542137, -23.358151999 ], [ -46.549432, -23.356292999 ], [ -46.552011, -23.357913999 ], [ -46.554968, -23.363556999 ], [ -46.560155, -23.368654999 ], [ -46.565795, -23.371202999 ], [ -46.56852, -23.375735999 ], [ -46.579913, -23.373801999 ], [ -46.581009, -23.376948999 ], [ -46.583275, -23.377443999 ], [ -46.585516, -23.380304999 ], [ -46.600605, -23.388439999 ], [ -46.59874, -23.394411999 ], [ -46.60585, -23.398032999 ], [ -46.611771, -23.406056999 ], [ -46.611447, -23.410182999 ], [ -46.61436, -23.412172999 ], [ -46.612823, -23.417549999 ], [ -46.619336, -23.418340999 ], [ -46.623173, -23.416598999 ], [ -46.621506, -23.422490999 ], [ -46.627187, -23.423220999 ], [ -46.631351, -23.428270999 ], [ -46.634253, -23.429274999 ], [ -46.635727, -23.427599999 ], [ -46.642444, -23.427528999 ], [ -46.656006, -23.431037999 ], [ -46.659858, -23.426226999 ], [ -46.6638, -23.424327999 ], [ -46.669751374, -23.418592964 ], [ -46.66948804, -23.415851822 ], [ -46.666560255, -23.412943516 ], [ -46.664100005, -23.406514908 ], [ -46.654939686, -23.394980776 ], [ -46.657325489, -23.393979721 ], [ -46.656366117, -23.391071668 ], [ -46.659224657, -23.389668845 ], [ -46.655684414, -23.386458982 ], [ -46.656745106, -23.384109416 ], [ -46.660639, -23.382308999 ], [ -46.659499, -23.380963999 ], [ -46.660089388, -23.375211855 ], [ -46.664351, -23.375926999 ], [ -46.66741, -23.374248999 ], [ -46.667447, -23.370039999 ], [ -46.670187, -23.363095999 ], [ -46.665472, -23.351742999 ], [ -46.660823, -23.334828999 ], [ -46.657909, -23.330919999 ], [ -46.658449, -23.329355999 ], [ -46.662909, -23.327068999 ], [ -46.663202, -23.325179999 ], [ -46.645337, -23.318601999 ], [ -46.645394, -23.311919999 ], [ -46.642869, -23.311526999 ], [ -46.641835, -23.309027999 ], [ -46.635834, -23.305294999 ], [ -46.638713, -23.300315999 ], [ -46.646531, -23.295446999 ], [ -46.647455, -23.287617999 ], [ -46.650953, -23.288178999 ], [ -46.653142, -23.284416999 ], [ -46.659448, -23.283253999 ], [ -46.660735, -23.280887999 ], [ -46.658706, -23.277676999 ], [ -46.656189, -23.278407999 ], [ -46.647761, -23.275510999 ], [ -46.647915, -23.272959999 ], [ -46.643048, -23.265445999 ], [ -46.638062, -23.264935999 ], [ -46.637107, -23.258079999 ], [ -46.634297, -23.257462999 ], [ -46.629729, -23.259107999 ], [ -46.626406, -23.256210999 ], [ -46.622848, -23.256857999 ], [ -46.622563, -23.244618999 ], [ -46.621772, -23.242178999 ], [ -46.617603, -23.240312999 ], [ -46.617, -23.233300999 ], [ -46.61453, -23.230747999 ], [ -46.615501, -23.227562999 ], [ -46.609922, -23.225822999 ], [ -46.606979, -23.226719999 ], [ -46.60501, -23.229132999 ], [ -46.604096, -23.235163999 ] ] ] } },
{ "type": "Feature", "properties": { "codibge": "3530607", "municipio": "Mogi das Cruzes", "uf": "SP", "total_alertas": 1, "nivel_max": "moderado", "nivel_max_label": "Moderado", "tem_hidro": true, "tem_geo": false, "qtd_hidro": 1, "qtd_geo": 0, "tipos": "hidro", "cor": "#d6b52b", "severity_group": "moderado", "alertas": [ { "id": "2941", "municipio": "MOGI DAS CRUZES", "codibge": "3530607", "uf": "SP", "bacia": "", "tipo": "hidro", "tipo_raw": "Risco Hidrológico - Moderado", "nivel_raw": "Moderado", "severity_group": "moderado", "severity_rank": 1, "latitude": -23.569573845642, "longitude": -46.186087194658, "created_at": "2026-10-09 17:17:40.589", "updated_at": "2026-10-09 17:17:40.589" } ], "updated_at": "2026-10-10T02:38:32.292276+00:00" }, "geometry": { "type": "Polygon", "coordinates": [ [ [ -46.157430315, -23.342797286999989 ], [ -46.15691, -23.352772999 ], [ -46.154910546, -23.359977889 ], [ -46.155966496, -23.362957273 ], [ -46.152938, -23.367470999 ], [ -46.156285, -23.371444999 ], [ -46.156681, -23.376216999 ], [ -46.158746, -23.379836999 ], [ -46.157818, -23.382359999 ], [ -46.160501, -23.388274999 ], [ -46.158764, -23.391952999 ], [ -46.155064, -23.393766999 ], [ -46.14814, -23.401890999 ], [ -46.146923, -23.404878999 ], [ -46.147559, -23.407931999 ], [ -46.142722, -23.410998999 ], [ -46.142089, -23.415326999 ], [ -46.153789, -23.423583999 ], [ -46.15505, -23.426602999 ], [ -46.139665, -23.440397999 ], [ -46.13412, -23.437005999 ], [ -46.131276, -23.438069999 ], [ -46.127754, -23.435826999 ], [ -46.121344, -23.435480999 ], [ -46.114266, -23.438406999 ], [ -46.111771, -23.445827999 ], [ -46.106588, -23.448178999 ], [ -46.105605, -23.455378999 ], [ -46.102769, -23.453964999 ], [ -46.099927, -23.455612999 ], [ -46.089544, -23.451751999 ], [ -46.083335, -23.452635999 ], [ -46.077948, -23.451013999 ], [ -46.073958, -23.452399999 ], [ -46.059124, -23.465032999 ], [ -46.053775, -23.473507999 ], [ -46.054407, -23.479243999 ], [ -46.051954, -23.481997999 ], [ -46.053196, -23.485000999 ], [ -46.051108, -23.488758999 ], [ -46.063957, -23.493088999 ], [ -46.066058, -23.506866999 ], [ -46.069893, -23.508960999 ], [ -46.071409, -23.511837999 ], [ -46.076225, -23.509673999 ], [ -46.078328, -23.512326999 ], [ -46.077039, -23.514674999 ], [ -46.085307, -23.513016999 ], [ -46.085972, -23.509979999 ], [ -46.088148, -23.508033999 ], [ -46.093945, -23.510629999 ], [ -46.09743, -23.510114999 ], [ -46.098577, -23.506887999 ], [ -46.103466, -23.507420999 ], [ -46.10389, -23.512473999 ], [ -46.107963, -23.511245999 ], [ -46.100003, -23.521439999 ], [ -46.099621, -23.524115999 ], [ -46.101704, -23.526947999 ], [ -46.108586, -23.531458999 ], [ -46.112126, -23.540788999 ], [ -46.108849, -23.544794999 ], [ -46.108465, -23.547358999 ], [ -46.10997, -23.548340999 ], [ -46.10884, -23.551005999 ], [ -46.11117, -23.552709999 ], [ -46.106535522, -23.555383806 ], [ -46.105255872, -23.554601797 ], [ -46.102337, -23.555604999 ], [ -46.099425, -23.560625999 ], [ -46.094493, -23.562313999 ], [ -46.09386, -23.565186999 ], [ -46.089764, -23.569487999 ], [ -46.08801, -23.575430999 ], [ -46.088579, -23.580444999 ], [ -46.090596, -23.582592999 ], [ -46.089709, -23.589475999 ], [ -46.091286, -23.592978999 ], [ -46.089935, -23.594009999 ], [ -46.087645, -23.602602999 ], [ -46.087783, -23.607437999 ], [ -46.08907, -23.608859999 ], [ -46.088065, -23.612008999 ], [ -46.094737, -23.623536999 ], [ -46.093774, -23.623337999 ], [ -46.094598, -23.625004999 ], [ -46.088426, -23.638636999 ], [ -46.088907, -23.640883999 ], [ -46.090734, -23.641869999 ], [ -46.09216, -23.648230998999988 ], [ -46.098551, -23.653482999 ], [ -46.097765, -23.660906999 ], [ -46.100491, -23.661881999 ], [ -46.103138, -23.665713999 ], [ -46.100855, -23.667528999 ], [ -46.096559, -23.667508999 ], [ -46.091241, -23.665170999 ], [ -46.088678, -23.665878999 ], [ -46.084595, -23.664265999 ], [ -46.082689, -23.664748999 ], [ -46.081534, -23.673748999 ], [ -46.082743, -23.683047999 ], [ -46.086661, -23.688522999 ], [ -46.093219, -23.704896999 ], [ -46.099058, -23.712766998999989 ], [ -46.099276, -23.716663999 ], [ -46.100905, -23.718449999 ], [ -46.104004, -23.715300999 ], [ -46.103127, -23.712715999 ], [ -46.104585, -23.711244999 ], [ -46.106503, -23.711597999 ], [ -46.109027, -23.715428999 ], [ -46.111467, -23.714881999 ], [ -46.113919, -23.717800999 ], [ -46.118191, -23.715765999 ], [ -46.122546, -23.718719999 ], [ -46.12357, -23.717137998999988 ], [ -46.122408, -23.714878999 ], [ -46.124325, -23.714983999 ], [ -46.12612, -23.712894999 ], [ -46.131817, -23.724868999 ], [ -46.136225, -23.724702999 ], [ -46.137776, -23.726384999 ], [ -46.139854, -23.725855999 ], [ -46.147793, -23.728264999 ], [ -46.150235, -23.732526999 ], [ -46.155867, -23.736212999 ], [ -46.158596, -23.732220999 ], [ -46.163963, -23.732706999 ], [ -46.165844, -23.734364999 ], [ -46.17035, -23.732327999 ], [ -46.174156, -23.735783999 ], [ -46.176869, -23.735896999 ], [ -46.178418, -23.745671999 ], [ -46.186406, -23.744682999 ], [ -46.194087, -23.754227999 ], [ -46.196616, -23.752796999 ], [ -46.1992, -23.753072999 ], [ -46.201109, -23.751302999 ], [ -46.208104, -23.751280999 ], [ -46.207993, -23.745531999 ], [ -46.210245, -23.741720999 ], [ -46.217723, -23.744113999 ], [ -46.222641, -23.740463999 ], [ -46.225217, -23.740453998999989 ], [ -46.227006, -23.736975999 ], [ -46.234897, -23.737212999 ], [ -46.238761, -23.735358999 ], [ -46.241995, -23.741092999 ], [ -46.247877, -23.746288999 ], [ -46.246703, -23.752353999 ], [ -46.248858, -23.756895999 ], [ -46.255655, -23.759956999 ], [ -46.255331, -23.763048999 ], [ -46.257983, -23.766185999 ], [ -46.26028, -23.767912999 ], [ -46.273441, -23.765987999 ], [ -46.278391, -23.770306999 ], [ -46.283478, -23.766930999 ], [ -46.283487, -23.764522999 ], [ -46.285494, -23.762934999 ], [ -46.285926, -23.757739999 ], [ -46.294472, -23.748788999 ], [ -46.296698, -23.748716999 ], [ -46.298509, -23.751016999 ], [ -46.302403, -23.751244999 ], [ -46.306136, -23.747998999 ], [ -46.312199, -23.747309999 ], [ -46.315265, -23.744565999 ], [ -46.319966, -23.745377999 ], [ -46.321927, -23.744428999 ], [ -46.319438, -23.744358999 ], [ -46.312724, -23.740583999 ], [ -46.308018, -23.735925999 ], [ -46.306816, -23.731970999 ], [ -46.297186, -23.723179999 ], [ -46.295155, -23.717963999 ], [ -46.29673, -23.715216999 ], [ -46.295194, -23.710909999 ], [ -46.297867, -23.704862999 ], [ -46.297077, -23.703515999 ], [ -46.277843, -23.690906999 ], [ -46.270745, -23.688834999 ], [ -46.266078, -23.684830999 ], [ -46.267443, -23.682999999 ], [ -46.264565, -23.676611999 ], [ -46.260492751, -23.673519383 ], [ -46.260237617, -23.669537113 ], [ -46.257841047, -23.669818596 ], [ -46.257060263, -23.666895225 ], [ -46.25902593, -23.666328787 ], [ -46.25765324, -23.662502465 ], [ -46.258712189, -23.659969077 ], [ -46.257392841, -23.659609273 ], [ -46.257943023, -23.656452788 ], [ -46.254520689, -23.651732641 ], [ -46.258300173, -23.643029311 ], [ -46.257052171, -23.640195728 ], [ -46.259580225, -23.637499565 ], [ -46.25917361, -23.634933078 ], [ -46.264526521, -23.630874733 ], [ -46.263450962, -23.630745877 ], [ -46.264696242, -23.628507345 ], [ -46.263600551, -23.624182567 ], [ -46.261460914, -23.620537826 ], [ -46.261864899, -23.615034364 ], [ -46.259001165, -23.611784506 ], [ -46.263578, -23.609142999 ], [ -46.266196, -23.603689999 ], [ -46.265024, -23.600744999 ], [ -46.2681, -23.592243999 ], [ -46.279024, -23.578796999 ], [ -46.281692453, -23.570358457 ], [ -46.28498307000001, -23.565956551 ], [ -46.280512989, -23.559091905 ], [ -46.280709991, -23.556313391 ], [ -46.278803347, -23.555087851 ], [ -46.281358446, -23.550946139 ], [ -46.279502863, -23.545942229 ], [ -46.27132534, -23.544891157 ], [ -46.270484507, -23.539874809 ], [ -46.26814, -23.539650453 ], [ -46.269314928, -23.537424375 ], [ -46.263312696, -23.534413794 ], [ -46.264727208, -23.531995111 ], [ -46.262171, -23.524247999 ], [ -46.266103, -23.519684999 ], [ -46.267403, -23.513861999 ], [ -46.269493, -23.512797999 ], [ -46.268085, -23.510367999 ], [ -46.269148, -23.504358999 ], [ -46.265453, -23.500490999 ], [ -46.264152, -23.496391999 ], [ -46.265136, -23.488911999 ], [ -46.267803527, -23.48578356 ], [ -46.271659449, -23.485079231 ], [ -46.282973238, -23.487453032 ], [ -46.285920289, -23.489327573 ], [ -46.288822, -23.489104999 ], [ -46.289466, -23.484942999 ], [ -46.286029, -23.481694999 ], [ -46.281185, -23.481209999 ], [ -46.281486, -23.475908999 ], [ -46.286137, -23.466161999 ], [ -46.287006086, -23.460012563 ], [ -46.27980989, -23.457104075 ], [ -46.277887, -23.452914999 ], [ -46.27409343, -23.450125063 ], [ -46.274197398, -23.447805802 ], [ -46.275865242, -23.446546816 ], [ -46.273280126, -23.444962719 ], [ -46.273217944, -23.437597602 ], [ -46.270599189, -23.429883076 ], [ -46.267963, -23.429955999 ], [ -46.2602479, -23.426396824 ], [ -46.259888445, -23.422883409 ], [ -46.25714698, -23.421974641 ], [ -46.257936, -23.420499999 ], [ -46.255929943, -23.419844325 ], [ -46.256173255, -23.417811368 ], [ -46.249107386, -23.414488737 ], [ -46.250450405, -23.408142725 ], [ -46.247678, -23.405620999 ], [ -46.245189, -23.407713999 ], [ -46.242215, -23.405014999 ], [ -46.244263, -23.402938999 ], [ -46.240663, -23.400596999 ], [ -46.241113, -23.392548999 ], [ -46.23756, -23.390927999 ], [ -46.232063, -23.390779999 ], [ -46.226284, -23.383146999 ], [ -46.219736, -23.386017999 ], [ -46.215925, -23.377840999 ], [ -46.211842, -23.378226999 ], [ -46.211402, -23.374530999 ], [ -46.204524, -23.371555999 ], [ -46.202915, -23.367919999 ], [ -46.193487, -23.363401999 ], [ -46.189256, -23.363633999 ], [ -46.187429, -23.359859999 ], [ -46.183876, -23.357628999 ], [ -46.180412, -23.356382999 ], [ -46.175823, -23.358328999 ], [ -46.167422, -23.357830999 ], [ -46.165075, -23.352840999 ], [ -46.16174, -23.350069999 ], [ -46.162972, -23.346020999 ], [ -46.157430315, -23.342797286999989 ] ] ] } },
{ "type": "Feature", "properties": { "codibge": "3547304", "municipio": "Santana de Parnaíba", "uf": "SP", "total_alertas": 1, "nivel_max": "moderado", "nivel_max_label": "Moderado", "tem_hidro": true, "tem_geo": false, "qtd_hidro": 1, "qtd_geo": 0, "tipos": "hidro", "cor": "#d6b52b", "severity_group": "moderado", "alertas": [ { "id": "2942", "municipio": "SANTANA DE PARNAÍBA", "codibge": "3547304", "uf": "SP", "bacia": "", "tipo": "hidro", "tipo_raw": "Risco Hidrológico - Moderado", "nivel_raw": "Moderado", "severity_group": "moderado", "severity_rank": 1, "latitude": -23.449451942956, "longitude": -46.91681027042, "created_at": "2026-10-09 17:17:44.724", "updated_at": "2026-10-09 17:17:44.724" } ], "updated_at": "2026-10-10T02:38:32.292848+00:00" }, "geometry": { "type": "Polygon", "coordinates": [ [ [ -46.932981805, -23.385230993 ], [ -46.92836993, -23.38777126 ], [ -46.927856226, -23.389704481 ], [ -46.923870402, -23.388873707 ], [ -46.918945394, -23.390186268 ], [ -46.913483679, -23.386638556 ], [ -46.912800749, -23.389913302 ], [ -46.914752168, -23.390720585 ], [ -46.91464182, -23.392369998 ], [ -46.912266432, -23.392399037 ], [ -46.909560001, -23.395750133 ], [ -46.908468136, -23.394315609 ], [ -46.906661913, -23.395111276 ], [ -46.902689382, -23.399722664 ], [ -46.901522016, -23.398497219 ], [ -46.901359398, -23.399542622 ], [ -46.891875272, -23.399920129 ], [ -46.889046877, -23.397899017 ], [ -46.886688914, -23.39949616 ], [ -46.887670431, -23.398578528 ], [ -46.885916477, -23.398247484 ], [ -46.886475691, -23.396289716999988 ], [ -46.885027885, -23.395279702 ], [ -46.880004192, -23.396200527 ], [ -46.879839749, -23.397382041 ], [ -46.878510147, -23.396855545 ], [ -46.878367774, -23.397895084 ], [ -46.873493609, -23.39931031 ], [ -46.872419167, -23.401348846 ], [ -46.870545, -23.400902999 ], [ -46.869923, -23.403110999 ], [ -46.867261, -23.404946999 ], [ -46.869698223, -23.411129047 ], [ -46.867852915, -23.411746054 ], [ -46.869024885, -23.415630739 ], [ -46.865423, -23.416531998999989 ], [ -46.862815144, -23.419514891 ], [ -46.857221825, -23.418887963 ], [ -46.853099365, -23.421583359 ], [ -46.849744694, -23.42024066 ], [ -46.848880046, -23.421587516 ], [ -46.842500764, -23.421036577 ], [ -46.832122023, -23.430229684 ], [ -46.830371069, -23.429692725 ], [ -46.829460572, -23.424447643 ], [ -46.824448951, -23.421871794 ], [ -46.823310472, -23.422374528 ], [ -46.821461, -23.427109999 ], [ -46.816949, -23.429719999 ], [ -46.815206, -23.433558999 ], [ -46.811549, -23.436912999 ], [ -46.811576, -23.440684999 ], [ -46.809469, -23.442275999 ], [ -46.808629, -23.451771999 ], [ -46.805937, -23.455758999 ], [ -46.805357, -23.462458999 ], [ -46.800385, -23.468157999 ], [ -46.801376, -23.471926999 ], [ -46.806428, -23.475889999 ], [ -46.808242496, -23.484703834 ], [ -46.810568039, -23.48553242 ], [ -46.812590039, -23.48441442 ], [ -46.81449, -23.486054999 ], [ -46.815253, -23.483787999 ], [ -46.81951, -23.482290999 ], [ -46.820783, -23.480487999 ], [ -46.831993, -23.482643999 ], [ -46.835274, -23.484608999 ], [ -46.83725, -23.482804999 ], [ -46.839768, -23.483353999 ], [ -46.84425, -23.481826999 ], [ -46.846473, -23.482761999 ], [ -46.848662, -23.480915999 ], [ -46.852566, -23.483907999 ], [ -46.861484512, -23.482932653 ], [ -46.869734058, -23.477381957 ], [ -46.877616414, -23.480080807 ], [ -46.879186109, -23.477239434 ], [ -46.879170854, -23.470827607 ], [ -46.888363, -23.474693999 ], [ -46.888668848, -23.484126022 ], [ -46.896587262, -23.485004302 ], [ -46.899495, -23.491399999 ], [ -46.912587, -23.491304999 ], [ -46.915121, -23.488224999 ], [ -46.91971, -23.487071999 ], [ -46.925446, -23.488792999 ], [ -46.930205, -23.488342999 ], [ -46.932443, -23.486846999 ], [ -46.936579, -23.487838999 ], [ -46.94182, -23.485957999 ], [ -46.943853, -23.487870999 ], [ -46.947134, -23.484899999 ], [ -46.953253, -23.483828999 ], [ -46.954189268, -23.486138158 ], [ -46.956032967, -23.485445946 ], [ -46.955718595, -23.489484326 ], [ -46.957273034, -23.491344757 ], [ -46.964279, -23.494782999 ], [ -46.966267, -23.501424999 ], [ -46.970894, -23.501067999 ], [ -46.979901, -23.504877999 ], [ -46.985537, -23.503615999 ], [ -46.989079, -23.508153999 ], [ -47.001066, -23.505534999 ], [ -47.00392, -23.499388999 ], [ -47.00893, -23.494663999 ], [ -47.013295, -23.485470999 ], [ -47.017917, -23.483251999 ], [ -47.013662, -23.478063999 ], [ -47.017211, -23.472586999 ], [ -47.012936, -23.467800999 ], [ -47.011652, -23.464284999 ], [ -47.011195, -23.460256999 ], [ -47.013989, -23.457647999 ], [ -47.013237, -23.454529999 ], [ -47.010404, -23.454798999 ], [ -47.01213, -23.452721999 ], [ -47.010633, -23.449744999 ], [ -47.012279, -23.448185999 ], [ -47.010532, -23.445722999 ], [ -47.014134, -23.445815999 ], [ -47.015542, -23.444023999 ], [ -47.016764, -23.445723999 ], [ -47.024192, -23.440777999 ], [ -47.029318, -23.442485999 ], [ -47.032939, -23.438040999 ], [ -47.037523, -23.435568999 ], [ -47.031298, -23.435640999 ], [ -47.022579, -23.432223999 ], [ -47.010626, -23.432908999 ], [ -47.00683, -23.431354999 ], [ -46.998333, -23.430917999 ], [ -46.995502, -23.429409999 ], [ -46.990638, -23.431051999 ], [ -46.990018, -23.433551999 ], [ -46.985249, -23.433086999 ], [ -46.974959, -23.426361999 ], [ -46.970943, -23.425476999 ], [ -46.967199, -23.419031999 ], [ -46.965087, -23.411547999 ], [ -46.955985, -23.410249999 ], [ -46.953411, -23.411013999 ], [ -46.951215, -23.409044999 ], [ -46.95009, -23.405141999 ], [ -46.944396, -23.402100999 ], [ -46.947463, -23.399024999 ], [ -46.954833, -23.398679999 ], [ -46.954989997, -23.39612249 ], [ -46.952363433, -23.396772305 ], [ -46.949839757, -23.392570936 ], [ -46.946961751, -23.391176551 ], [ -46.942257874, -23.39081351 ], [ -46.94058523, -23.391858912 ], [ -46.939615143, -23.388778856 ], [ -46.935887265, -23.388458458 ], [ -46.935660221, -23.385063795 ], [ -46.932981805, -23.385230993 ] ] ] } },
{ "type": "Feature", "properties": { "codibge": "3511508", "municipio": "Cerquilho", "uf": "SP", "total_alertas": 1, "nivel_max": "moderado", "nivel_max_label": "Moderado", "tem_hidro": true, "tem_geo": false, "qtd_hidro": 1, "qtd_geo": 0, "tipos": "hidro", "cor": "#d6b52b", "severity_group": "moderado", "alertas": [ { "id": "2943", "municipio": "CERQUILHO", "codibge": "3511508", "uf": "SP", "bacia": "", "tipo": "hidro", "tipo_raw": "Risco Hidrológico - Moderado", "nivel_raw": "Moderado", "severity_group": "moderado", "severity_rank": 1, "latitude": -23.187123398293, "longitude": -47.757133292621, "created_at": "2026-10-09 17:47:03.922", "updated_at": "2026-10-09 17:47:03.922" } ], "updated_at": "2026-10-10T02:38:32.293404+00:00" }, "geometry": { "type": "Polygon", "coordinates": [ [ [ -47.749647571, -23.126405622 ], [ -47.749427338, -23.129291603 ], [ -47.74164676, -23.139400273 ], [ -47.739604789, -23.139010228 ], [ -47.734853971, -23.13379657 ], [ -47.731739436, -23.13712637 ], [ -47.730814828, -23.140687567 ], [ -47.717421038, -23.139385258 ], [ -47.713976302, -23.140673806 ], [ -47.713349782, -23.152133552 ], [ -47.71439684300001, -23.15538349 ], [ -47.712136275, -23.159779823 ], [ -47.70848188, -23.160502317 ], [ -47.69951767, -23.166680094 ], [ -47.69101457, -23.169624184 ], [ -47.687541082, -23.172973529 ], [ -47.687983528, -23.177881785 ], [ -47.68565254, -23.182517486 ], [ -47.68693288, -23.187131898 ], [ -47.684258902, -23.196526638 ], [ -47.686849007, -23.197126445 ], [ -47.688722153, -23.199827732 ], [ -47.695540684, -23.198547862 ], [ -47.695400249, -23.201904305 ], [ -47.699488176, -23.20481614 ], [ -47.700796442, -23.208951511 ], [ -47.703767815, -23.210245187 ], [ -47.703999449, -23.216025438 ], [ -47.706454991, -23.219203932 ], [ -47.701799816, -23.227581375 ], [ -47.714985236, -23.231314201 ], [ -47.719664965, -23.234435447 ], [ -47.72949335, -23.230610576 ], [ -47.742544261, -23.229610446 ], [ -47.745919075, -23.232059712 ], [ -47.748644143, -23.237718688 ], [ -47.75195776, -23.240374082 ], [ -47.761760189, -23.242290575 ], [ -47.771320393, -23.251506244 ], [ -47.777032649, -23.253142631 ], [ -47.782217068, -23.252483737 ], [ -47.781225498, -23.238503037 ], [ -47.786209963, -23.235041935 ], [ -47.779979843, -23.232126594 ], [ -47.782237015, -23.227961888 ], [ -47.779711715, -23.225170867 ], [ -47.780337827, -23.223272862 ], [ -47.783618824, -23.222512659 ], [ -47.7832487, -23.228708566 ], [ -47.785086825, -23.23138977 ], [ -47.787446306, -23.231965558 ], [ -47.792027294, -23.228928081 ], [ -47.795234135, -23.228734891 ], [ -47.800901003, -23.234669002 ], [ -47.807181917, -23.236900332 ], [ -47.811469841, -23.233427165 ], [ -47.812515658, -23.229424812 ], [ -47.814904094, -23.227451755 ], [ -47.810092469, -23.22219463 ], [ -47.806253319, -23.225234864 ], [ -47.802143625, -23.225773267 ], [ -47.801832509, -23.222125149 ], [ -47.805083414, -23.217850578 ], [ -47.802784671, -23.211976035 ], [ -47.804512015, -23.211309952 ], [ -47.808898045, -23.216054035 ], [ -47.811379237, -23.216489416 ], [ -47.818858491, -23.212684956 ], [ -47.827733445, -23.204132136 ], [ -47.819014576, -23.200239859 ], [ -47.818586245, -23.191894428 ], [ -47.815156478, -23.190816879 ], [ -47.813277333, -23.194269586 ], [ -47.81203258, -23.190441916 ], [ -47.809272109, -23.189438116 ], [ -47.810567618, -23.187234252 ], [ -47.806841896, -23.186450735 ], [ -47.808935279, -23.18341839 ], [ -47.81823709, -23.177908824 ], [ -47.818477283999989, -23.174734594 ], [ -47.813916055, -23.17081508 ], [ -47.805091804, -23.170905015 ], [ -47.804301415, -23.169922589 ], [ -47.805965389, -23.16462515 ], [ -47.814354646, -23.154073359 ], [ -47.817140542, -23.152644368 ], [ -47.818912339, -23.132455321 ], [ -47.81286314, -23.137232843 ], [ -47.801384931, -23.138973795 ], [ -47.794352212, -23.147331619 ], [ -47.794117941, -23.151130964 ], [ -47.791710808, -23.153008729 ], [ -47.78947119, -23.151771573 ], [ -47.788250612, -23.145874687 ], [ -47.78249159, -23.144599162 ], [ -47.778851971, -23.138355478 ], [ -47.772834531, -23.135726909 ], [ -47.765405176, -23.127180282 ], [ -47.75918627, -23.12642195 ], [ -47.752915795, -23.121749619 ], [ -47.751014655, -23.122076619 ], [ -47.751600298, -23.124382005 ], [ -47.749647571, -23.126405622 ] ] ] } },
{ "type": "Feature", "properties": { "codibge": "3511607", "municipio": "Cesário Lange", "uf": "SP", "total_alertas": 1, "nivel_max": "moderado", "nivel_max_label": "Moderado", "tem_hidro": true, "tem_geo": false, "qtd_hidro": 1, "qtd_geo": 0, "tipos": "hidro", "cor": "#d6b52b", "severity_group": "moderado", "alertas": [ { "id": "2944", "municipio": "CESÁRIO LANGE", "codibge": "3511607", "uf": "SP", "bacia": "", "tipo": "hidro", "tipo_raw": "Risco Hidrológico - Moderado", "nivel_raw": "Moderado", "severity_group": "moderado", "severity_rank": 1, "latitude": -23.216639989255, "longitude": -47.904002280184, "created_at": "2026-10-09 17:47:07.149", "updated_at": "2026-10-09 17:47:07.149" } ], "updated_at": "2026-10-10T02:38:32.293978+00:00" }, "geometry": { "type": "Polygon", "coordinates": [ [ [ -47.828359923, -23.150474159 ], [ -47.814354646, -23.154073359 ], [ -47.805381862, -23.165534891 ], [ -47.804301415, -23.169922589 ], [ -47.805091804, -23.170905015 ], [ -47.813916055, -23.17081508 ], [ -47.818477283999989, -23.174734594 ], [ -47.81823709, -23.177908824 ], [ -47.808935279, -23.18341839 ], [ -47.806841896, -23.186450735 ], [ -47.810567618, -23.187234252 ], [ -47.809272109, -23.189438116 ], [ -47.81203258, -23.190441916 ], [ -47.813277333, -23.194269586 ], [ -47.815156478, -23.190816879 ], [ -47.818586245, -23.191894428 ], [ -47.819014576, -23.200239859 ], [ -47.827733445, -23.204132136 ], [ -47.818858491, -23.212684956 ], [ -47.811379237, -23.216489416 ], [ -47.808898045, -23.216054035 ], [ -47.804512015, -23.211309952 ], [ -47.803031081, -23.211659252 ], [ -47.805083414, -23.217850578 ], [ -47.801797187, -23.222380965 ], [ -47.802379011, -23.225927295 ], [ -47.806868961, -23.224948748 ], [ -47.809754710999989, -23.222202974 ], [ -47.812936488, -23.224365532 ], [ -47.814904094, -23.227451755 ], [ -47.814410059, -23.230817455 ], [ -47.819625992, -23.233683758 ], [ -47.814609992, -23.239263647 ], [ -47.817455188, -23.241522724 ], [ -47.816118102, -23.243744731 ], [ -47.821646752, -23.24463849 ], [ -47.825287758, -23.25114202 ], [ -47.8249528, -23.253140725 ], [ -47.831296036, -23.248476689 ], [ -47.834114866, -23.249705665 ], [ -47.840989795, -23.247414645 ], [ -47.839579349, -23.239141289 ], [ -47.843378827, -23.238208528 ], [ -47.845101862999989, -23.235812388 ], [ -47.846364842, -23.237864511 ], [ -47.851590637, -23.238600608 ], [ -47.849983348, -23.242521272 ], [ -47.851121576, -23.243545938 ], [ -47.853225278, -23.244270051 ], [ -47.860459548, -23.242956209 ], [ -47.858904301, -23.250834479 ], [ -47.861070236, -23.251165211 ], [ -47.861222203, -23.252413167 ], [ -47.864100135, -23.251979213 ], [ -47.863882289, -23.24971599 ], [ -47.865932241, -23.249696779 ], [ -47.868715617, -23.252877287 ], [ -47.867244315, -23.253734767 ], [ -47.871060651, -23.255146743 ], [ -47.870283111, -23.257830884 ], [ -47.871593155, -23.257719599 ], [ -47.871830778, -23.260040077 ], [ -47.87509373, -23.262007564 ], [ -47.877428746, -23.259819722 ], [ -47.878462185, -23.262015079 ], [ -47.883568345, -23.261178903 ], [ -47.885326203, -23.26301351 ], [ -47.888613545, -23.263212007 ], [ -47.891771953, -23.266164844 ], [ -47.894240324, -23.266156122 ], [ -47.895939167, -23.263149229 ], [ -47.904029278, -23.265609632 ], [ -47.907261019, -23.267195711 ], [ -47.908590119, -23.272870512 ], [ -47.9132293, -23.272115772 ], [ -47.913321776, -23.275445802 ], [ -47.916552893, -23.273709422 ], [ -47.919964266, -23.274376237 ], [ -47.92818749500001, -23.279275994 ], [ -47.931636615, -23.279408524 ], [ -47.940597741, -23.276254056 ], [ -47.941660394, -23.274786048 ], [ -47.946249051, -23.275381348 ], [ -47.951077126, -23.279548362 ], [ -47.956837759, -23.277721247 ], [ -47.97603819, -23.275976371 ], [ -47.987782042, -23.283578806 ], [ -47.989907724, -23.282756783 ], [ -47.989305807, -23.273271708 ], [ -47.984884467, -23.264995649 ], [ -47.985501413, -23.259680527 ], [ -47.983302068, -23.255740383 ], [ -47.983952376, -23.252723917 ], [ -47.987303745, -23.249104305 ], [ -47.986493033, -23.243347007 ], [ -47.987518678, -23.242410022 ], [ -47.989809289, -23.243671307 ], [ -47.996753937, -23.243808553 ], [ -47.998077558, -23.246452612 ], [ -48.004265766, -23.242536736 ], [ -48.007306626, -23.239438011 ], [ -48.009001724, -23.223559699 ], [ -47.997069155, -23.223841328 ], [ -47.99036004, -23.220860502 ], [ -47.983385902, -23.220061471 ], [ -47.981318996, -23.218752156 ], [ -47.982539121, -23.216668603 ], [ -47.981405655, -23.215194274 ], [ -47.975935812, -23.213935979 ], [ -47.971966628, -23.208645647 ], [ -47.978589814, -23.201710271 ], [ -47.977602586, -23.197616743 ], [ -47.980140734, -23.191542794 ], [ -47.978614788, -23.188102494 ], [ -47.974361953, -23.187630989 ], [ -47.970126865, -23.189068797 ], [ -47.96906708800001, -23.186028523 ], [ -47.962716703, -23.183012066 ], [ -47.956152621, -23.183809152999988 ], [ -47.947112453, -23.181267653 ], [ -47.945274049, -23.178878414 ], [ -47.949069377, -23.169550396 ], [ -47.94280773, -23.167407433 ], [ -47.939733355, -23.16252339 ], [ -47.932707426, -23.160691728 ], [ -47.927007048, -23.157563289 ], [ -47.922800097, -23.162274978 ], [ -47.915761973, -23.162355246 ], [ -47.90658756, -23.160367137 ], [ -47.892998802, -23.161452131 ], [ -47.891154398, -23.160529185 ], [ -47.885714881, -23.16189188000001 ], [ -47.885095953, -23.16424894 ], [ -47.879400885, -23.160059667 ], [ -47.876066894, -23.160081763 ], [ -47.868792874, -23.166692961 ], [ -47.865782381, -23.167631229 ], [ -47.86480818, -23.170017281 ], [ -47.859844626, -23.171700781 ], [ -47.859770551, -23.175752291 ], [ -47.857757713, -23.175925053 ], [ -47.851476933, -23.172814712 ], [ -47.839391393, -23.17444263 ], [ -47.840778612, -23.172120567 ], [ -47.836790841, -23.168685308 ], [ -47.839260536, -23.167758048 ], [ -47.839139911, -23.165531952 ], [ -47.840941138, -23.164877207 ], [ -47.841386842, -23.162982531 ], [ -47.844210625, -23.164155461 ], [ -47.843955924, -23.160056174 ], [ -47.845119944, -23.159141841 ], [ -47.84318407, -23.157514242 ], [ -47.839195568, -23.157997554 ], [ -47.839424866, -23.156409233 ], [ -47.836555622, -23.154336033 ], [ -47.829813726, -23.152228791 ], [ -47.828359923, -23.150474159 ] ] ] } },
{ "type": "Feature", "properties": { "codibge": "3521002", "municipio": "Iperó", "uf": "SP", "total_alertas": 1, "nivel_max": "moderado", "nivel_max_label": "Moderado", "tem_hidro": true, "tem_geo": false, "qtd_hidro": 1, "qtd_geo": 0, "tipos": "hidro", "cor": "#d6b52b", "severity_group": "moderado", "alertas": [ { "id": "2945", "municipio": "IPERÓ", "codibge": "3521002", "uf": "SP", "bacia": "", "tipo": "hidro", "tipo_raw": "Risco Hidrológico - Moderado", "nivel_raw": "Moderado", "severity_group": "moderado", "severity_rank": 1, "latitude": -23.404477449171, "longitude": -47.629111944835, "created_at": "2026-10-09 17:47:10.41", "updated_at": "2026-10-09 17:47:10.41" } ], "updated_at": "2026-10-10T02:38:32.294549+00:00" }, "geometry": { "type": "Polygon", "coordinates": [ [ [ -47.69113328, -23.329849955 ], [ -47.682696711, -23.334900263 ], [ -47.682036478, -23.339259906 ], [ -47.683139029, -23.340940669 ], [ -47.680655458, -23.347538834 ], [ -47.67811188, -23.347508555 ], [ -47.677000046, -23.350160457 ], [ -47.675138513, -23.350771667 ], [ -47.673536332, -23.349614747 ], [ -47.673913617, -23.352464975 ], [ -47.671202632, -23.353748696 ], [ -47.675932245, -23.357913267 ], [ -47.677481957, -23.357068332 ], [ -47.677206373, -23.359177481 ], [ -47.678585309, -23.358732991 ], [ -47.675561986, -23.368343949 ], [ -47.672969421, -23.370689824 ], [ -47.667548615, -23.370216154 ], [ -47.666543857, -23.374491601 ], [ -47.664191379, -23.375718526 ], [ -47.664845537, -23.377910952 ], [ -47.663052967, -23.37913884 ], [ -47.659771513, -23.376402545 ], [ -47.661624990999989, -23.371396239 ], [ -47.659370517, -23.372272783 ], [ -47.659560637, -23.37081305 ], [ -47.657355456, -23.369632519 ], [ -47.653208414, -23.37262109 ], [ -47.652391247, -23.369254993 ], [ -47.648095097, -23.371490212 ], [ -47.648229393, -23.365693551 ], [ -47.642942567, -23.361832103 ], [ -47.641098567, -23.365137332 ], [ -47.636423296, -23.363534742 ], [ -47.636356443, -23.364787202 ], [ -47.638653572, -23.365943828 ], [ -47.634967769, -23.368698777 ], [ -47.632782893, -23.367936855 ], [ -47.633939811, -23.366165706 ], [ -47.6330604, -23.365435976 ], [ -47.623195034, -23.366271486 ], [ -47.621321573, -23.368078192 ], [ -47.615572431, -23.365559311 ], [ -47.618365178, -23.36356972 ], [ -47.618312144, -23.360903551 ], [ -47.609649923, -23.357123534 ], [ -47.60853421600001, -23.359946265 ], [ -47.611514641, -23.361809813 ], [ -47.610033942, -23.362328654 ], [ -47.611526831, -23.364141639 ], [ -47.608800155, -23.364816618 ], [ -47.610694693, -23.367519852 ], [ -47.608949797, -23.371899386 ], [ -47.60601157, -23.364397544 ], [ -47.601538769, -23.360855734 ], [ -47.599451156, -23.361047684 ], [ -47.598783826, -23.362381711 ], [ -47.596567678, -23.361827553 ], [ -47.596446475, -23.363752916 ], [ -47.592433628, -23.363812395 ], [ -47.593071541, -23.366215516 ], [ -47.591426287, -23.365860758 ], [ -47.590220338, -23.368737139 ], [ -47.58311693, -23.363721924 ], [ -47.570718878, -23.36509623 ], [ -47.574843931, -23.370469417 ], [ -47.571629994, -23.372869710999989 ], [ -47.570041427, -23.376296593 ], [ -47.573873957, -23.378291883 ], [ -47.574979701, -23.38051008 ], [ -47.57357619, -23.381691568 ], [ -47.567308881, -23.381405462 ], [ -47.565003, -23.382651999 ], [ -47.570441, -23.388433999 ], [ -47.566648, -23.391973999 ], [ -47.564364, -23.390408999 ], [ -47.561941, -23.391150999 ], [ -47.553903, -23.388263999 ], [ -47.546105, -23.390565999 ], [ -47.545678, -23.392599999 ], [ -47.550134, -23.391469999 ], [ -47.552908, -23.393831999 ], [ -47.551961, -23.398737999 ], [ -47.543034, -23.399775999 ], [ -47.544297, -23.403775999 ], [ -47.549478, -23.405938999 ], [ -47.550023, -23.408136999 ], [ -47.54132, -23.410241999 ], [ -47.54096, -23.414739999 ], [ -47.542889, -23.418357999 ], [ -47.540078, -23.425058999 ], [ -47.538253, -23.426239999 ], [ -47.534405, -23.425348999 ], [ -47.540242, -23.436838999 ], [ -47.54298, -23.438785999 ], [ -47.542911, -23.443273999 ], [ -47.547582, -23.461302999 ], [ -47.560213, -23.460445999 ], [ -47.562669, -23.461561999 ], [ -47.565712899, -23.468477981 ], [ -47.575505241, -23.469599023 ], [ -47.581411399, -23.472584993 ], [ -47.585224625, -23.471968716 ], [ -47.580780427, -23.478072126 ], [ -47.58664671, -23.481099634 ], [ -47.588788255, -23.480236688 ], [ -47.591476464, -23.472734992 ], [ -47.597874199, -23.472301103 ], [ -47.602937151, -23.46921819 ], [ -47.605858607, -23.470843406 ], [ -47.608811126, -23.464918425 ], [ -47.623823519, -23.462282452 ], [ -47.628031464, -23.45939484 ], [ -47.630804133, -23.45457142 ], [ -47.640016551, -23.457572721 ], [ -47.651609214, -23.45804002 ], [ -47.65486187, -23.453586123 ], [ -47.65082268, -23.445933666 ], [ -47.654521772, -23.432874158 ], [ -47.674504768, -23.427206435 ], [ -47.683522071, -23.415856229 ], [ -47.684869925, -23.40507991 ], [ -47.687855406, -23.401960237 ], [ -47.684413695, -23.393438832 ], [ -47.687975726, -23.39344446 ], [ -47.694296053, -23.397859788 ], [ -47.701467551, -23.398258214 ], [ -47.707380908, -23.391263926 ], [ -47.718322624, -23.387737306 ], [ -47.719392297, -23.388451794 ], [ -47.720640644, -23.386694281 ], [ -47.725632143, -23.385536816 ], [ -47.725136085, -23.382443461 ], [ -47.729521163, -23.380211319 ], [ -47.728537461, -23.369384942 ], [ -47.730715584, -23.367521416 ], [ -47.730359582, -23.360419503 ], [ -47.726515157, -23.357934454 ], [ -47.726128879, -23.355562179 ], [ -47.727586021, -23.355364034 ], [ -47.726499582, -23.354386398 ], [ -47.730220838, -23.351677976 ], [ -47.73271504, -23.352528257 ], [ -47.733476253, -23.350832969 ], [ -47.732123373, -23.350087546 ], [ -47.733773366, -23.34936827 ], [ -47.736467305, -23.350902671 ], [ -47.735940497, -23.357740146 ], [ -47.737993, -23.35622936 ], [ -47.738928677, -23.352221851 ], [ -47.740249889, -23.352102696 ], [ -47.739854673, -23.350185073 ], [ -47.742282725, -23.348386107 ], [ -47.742062942, -23.345298361 ], [ -47.744059476, -23.345199733 ], [ -47.744891401, -23.343598893 ], [ -47.744275508, -23.341002563 ], [ -47.737033218, -23.331548492 ], [ -47.7330317, -23.333014089 ], [ -47.727815231, -23.331557223 ], [ -47.728518464, -23.333415174 ], [ -47.726275697, -23.33471237 ], [ -47.727021799, -23.336740191 ], [ -47.723977036, -23.339620361 ], [ -47.723687558, -23.343369348 ], [ -47.721712778, -23.344147496 ], [ -47.717172242, -23.341532936 ], [ -47.717149869, -23.337820997 ], [ -47.714877049, -23.339169851 ], [ -47.713351606, -23.338082907 ], [ -47.714377608, -23.334328343 ], [ -47.713173973, -23.330657354 ], [ -47.70917684, -23.331859012 ], [ -47.706433043, -23.334061142 ], [ -47.706509397, -23.335633298 ], [ -47.700753786, -23.33601623 ], [ -47.699368883, -23.334403382 ], [ -47.699381774, -23.336156421 ], [ -47.697218056, -23.336686606 ], [ -47.696685533, -23.335552079 ], [ -47.695364346, -23.335941547 ], [ -47.695679665, -23.334100059 ], [ -47.69113328, -23.329849955 ] ] ] } },
{ "type": "Feature", "properties": { "codibge": "3523909", "municipio": "Itu", "uf": "SP", "total_alertas": 1, "nivel_max": "moderado", "nivel_max_label": "Moderado", "tem_hidro": true, "tem_geo": false, "qtd_hidro": 1, "qtd_geo": 0, "tipos": "hidro", "cor": "#d6b52b", "severity_group": "moderado", "alertas": [ { "id": "2946", "municipio": "ITU", "codibge": "3523909", "uf": "SP", "bacia": "", "tipo": "hidro", "tipo_raw": "Risco Hidrológico - Moderado", "nivel_raw": "Moderado", "severity_group": "moderado", "severity_rank": 1, "latitude": -23.307276880355, "longitude": -47.284587913099, "created_at": "2026-10-09 17:47:14.559", "updated_at": "2026-10-09 17:47:14.559" } ], "updated_at": "2026-10-10T02:38:32.295086+00:00" }, "geometry": { "type": "Polygon", "coordinates": [ [ [ -47.381181, -23.160527999 ], [ -47.385275, -23.162711999 ], [ -47.384755, -23.163736999 ], [ -47.376632, -23.166363999 ], [ -47.370599, -23.176203999 ], [ -47.363412, -23.181076999 ], [ -47.362868, -23.189074999 ], [ -47.360297, -23.194306999 ], [ -47.354011, -23.198193999 ], [ -47.346315, -23.197684999 ], [ -47.344137, -23.199056999 ], [ -47.34376, -23.214319999 ], [ -47.341432, -23.218576999 ], [ -47.331597, -23.226319999 ], [ -47.325731, -23.234290999 ], [ -47.320631, -23.232898999 ], [ -47.312723, -23.225149999 ], [ -47.308028346, -23.223408699 ], [ -47.301785, -23.227634999 ], [ -47.297478, -23.233129999 ], [ -47.282305, -23.232269999 ], [ -47.276893, -23.235409999 ], [ -47.275596, -23.232450999 ], [ -47.273534, -23.235575999 ], [ -47.270689, -23.233609999 ], [ -47.266892, -23.236349999 ], [ -47.261692, -23.235582999 ], [ -47.259901446, -23.23706031 ], [ -47.257398, -23.229998999 ], [ -47.253349, -23.230977999 ], [ -47.2437, -23.230025999 ], [ -47.243728, -23.222785999 ], [ -47.240671, -23.217378999 ], [ -47.237495, -23.217815999 ], [ -47.236497, -23.213617999 ], [ -47.228305, -23.211044999 ], [ -47.211596, -23.189855999 ], [ -47.207717, -23.190949999 ], [ -47.204575, -23.189061999 ], [ -47.202413, -23.190924999 ], [ -47.199536, -23.190319998999989 ], [ -47.198128, -23.187777999 ], [ -47.195877152, -23.186961246 ], [ -47.193356216, -23.191035663 ], [ -47.189621895, -23.193340606 ], [ -47.17894793, -23.196440797 ], [ -47.167580325, -23.197678119 ], [ -47.157436487, -23.20175202 ], [ -47.150740582, -23.201178289 ], [ -47.139668718, -23.204051656 ], [ -47.129968422, -23.203211929 ], [ -47.127689222, -23.207677175 ], [ -47.127714599, -23.214396183 ], [ -47.122344377, -23.220019804 ], [ -47.118076391, -23.221760372 ], [ -47.116035401, -23.225058704 ], [ -47.121111609, -23.229034405 ], [ -47.122899597, -23.234280224 ], [ -47.12560222, -23.235460723 ], [ -47.12603597, -23.238892901 ], [ -47.12907407, -23.243859777 ], [ -47.133572868, -23.247953033 ], [ -47.13794943, -23.249290622 ], [ -47.141739736, -23.253890244 ], [ -47.1443244, -23.25314891 ], [ -47.146277808, -23.255707283 ], [ -47.149564285, -23.254978356 ], [ -47.156892592, -23.256931434 ], [ -47.176355229, -23.257227509 ], [ -47.179012956, -23.255245155 ], [ -47.182382316, -23.24804325 ], [ -47.185549156, -23.248921238 ], [ -47.19098348, -23.246101443 ], [ -47.191355885, -23.270093785 ], [ -47.185749137, -23.283060525 ], [ -47.186446538, -23.28505669 ], [ -47.179972654, -23.293866606 ], [ -47.168484192, -23.294010862 ], [ -47.166756691, -23.304162189 ], [ -47.161286717, -23.30766913 ], [ -47.16178207, -23.311591118 ], [ -47.165606116, -23.311455992 ], [ -47.166619112, -23.312504477 ], [ -47.161784402, -23.318173813 ], [ -47.16146482, -23.320544628 ], [ -47.164587384, -23.323703684 ], [ -47.173755653, -23.325600902 ], [ -47.169939341, -23.334839555 ], [ -47.171085857, -23.337846368 ], [ -47.165434915, -23.342767742 ], [ -47.15789225, -23.343122098 ], [ -47.156820397, -23.344450247 ], [ -47.142967296, -23.348307638 ], [ -47.14156593, -23.352828042 ], [ -47.138787068, -23.354236166 ], [ -47.136799935, -23.358642896 ], [ -47.138053439, -23.369075202 ], [ -47.131994487, -23.374557522 ], [ -47.131764031, -23.376171927 ], [ -47.134485423, -23.382148927 ], [ -47.136771462, -23.38176264 ], [ -47.13854628, -23.384064781 ], [ -47.138528594, -23.386640004 ], [ -47.140858144, -23.38967347 ], [ -47.139375207, -23.390889119 ], [ -47.142448122, -23.392654891 ], [ -47.139311696, -23.397187528 ], [ -47.140498755, -23.401822601 ], [ -47.136991979, -23.401887814 ], [ -47.135403321, -23.404743023 ], [ -47.140635265, -23.407490922 ], [ -47.137382596, -23.410135116999989 ], [ -47.138373, -23.411530999 ], [ -47.145054, -23.414248999 ], [ -47.155087, -23.413935999 ], [ -47.15714, -23.417628999 ], [ -47.163337, -23.417100999 ], [ -47.169991, -23.419696999 ], [ -47.174648, -23.418372999 ], [ -47.181561, -23.418960999 ], [ -47.186933, -23.417716999 ], [ -47.189740451, -23.419604159 ], [ -47.190895836, -23.418032349 ], [ -47.193184357, -23.419035523 ], [ -47.195468293, -23.418222456 ], [ -47.196228939, -23.421528919 ], [ -47.200070470999989, -23.421820232 ], [ -47.203246836, -23.41883069 ], [ -47.207778583, -23.417447053 ], [ -47.227128142, -23.418112958 ], [ -47.235996569, -23.421125493 ], [ -47.242238892, -23.418270643 ], [ -47.246881391, -23.421385442 ], [ -47.252799351, -23.419919138 ], [ -47.258178095, -23.424433999 ], [ -47.265256479, -23.421870189 ], [ -47.279274301, -23.431753349 ], [ -47.285394579, -23.431584842 ], [ -47.288635809, -23.428730835 ], [ -47.29191281, -23.428531213 ], [ -47.294316113, -23.426512079 ], [ -47.297775998, -23.417802231 ], [ -47.300753794, -23.417392785 ], [ -47.309971397, -23.426375746 ], [ -47.317389951, -23.430966105 ], [ -47.315219611, -23.433847558 ], [ -47.315714416, -23.435746073 ], [ -47.322747579, -23.435212386 ], [ -47.325605, -23.436762999 ], [ -47.326391, -23.439922999 ], [ -47.331003, -23.436232999 ], [ -47.337243, -23.437366999 ], [ -47.340547, -23.436651999 ], [ -47.343272, -23.432235999 ], [ -47.34814, -23.430577999 ], [ -47.350977, -23.428060999 ], [ -47.353295, -23.420935999 ], [ -47.355204, -23.419615999 ], [ -47.358578, -23.419697999 ], [ -47.364278, -23.413936999 ], [ -47.369259, -23.404104999 ], [ -47.366129, -23.399854998999988 ], [ -47.352559, -23.394024999 ], [ -47.350903, -23.390114999 ], [ -47.357772, -23.391269999 ], [ -47.361086, -23.390690999 ], [ -47.363776, -23.388053999 ], [ -47.368414, -23.387636999 ], [ -47.371856, -23.389748999 ], [ -47.381041, -23.389543999 ], [ -47.384925, -23.393199999 ], [ -47.390797, -23.381497999 ], [ -47.397704, -23.375774999 ], [ -47.399541, -23.365077999 ], [ -47.404298, -23.356114999 ], [ -47.407162, -23.354793999 ], [ -47.412506, -23.361169999 ], [ -47.41877, -23.356957999 ], [ -47.417685, -23.348377999 ], [ -47.420169, -23.341880999 ], [ -47.418280851, -23.336411409 ], [ -47.42087688, -23.323664545 ], [ -47.425109549, -23.318899409 ], [ -47.424467297, -23.31656613 ], [ -47.418374484, -23.314673954 ], [ -47.410144447, -23.308885602 ], [ -47.403973288, -23.297460292 ], [ -47.409461151, -23.288733849 ], [ -47.409492256999989, -23.28610605 ], [ -47.414362015, -23.280859844 ], [ -47.412636305, -23.278874135 ], [ -47.415848146, -23.268495375 ], [ -47.415070476, -23.264627553 ], [ -47.421388715, -23.260335741 ], [ -47.426235213, -23.248712355 ], [ -47.429014351, -23.247597522 ], [ -47.430146727, -23.243428992 ], [ -47.433776628, -23.240842948 ], [ -47.433974201, -23.238295688 ], [ -47.430985258, -23.235327383 ], [ -47.425555192, -23.223508901 ], [ -47.422447524, -23.221730164 ], [ -47.424130115, -23.217723902 ], [ -47.42872155, -23.213944641 ], [ -47.428277707, -23.211453429 ], [ -47.430221041, -23.207545975 ], [ -47.434475524, -23.206755559 ], [ -47.437353266, -23.204466086 ], [ -47.436392966, -23.2032505 ], [ -47.431981722, -23.203930211 ], [ -47.430383701, -23.20281844 ], [ -47.439312445, -23.194859371 ], [ -47.439146362, -23.192621484 ], [ -47.427090973, -23.189121448 ], [ -47.423328845, -23.193475503 ], [ -47.419071649, -23.194169396 ], [ -47.420005139, -23.191011939 ], [ -47.423907827, -23.186762687 ], [ -47.417820308, -23.175042958999988 ], [ -47.418539578, -23.168677598 ], [ -47.415709251, -23.165794157 ], [ -47.403297827, -23.161619228 ], [ -47.39834041, -23.161841336 ], [ -47.392690864, -23.155554872 ], [ -47.389562, -23.154663999 ], [ -47.383506, -23.156938999 ], [ -47.381181, -23.160527999 ] ] ] } },
{ "type": "Feature", "properties": { "codibge": "3552205", "municipio": "Sorocaba", "uf": "SP", "total_alertas": 1, "nivel_max": "moderado", "nivel_max_label": "Moderado", "tem_hidro": true, "tem_geo": false, "qtd_hidro": 1, "qtd_geo": 0, "tipos": "hidro", "cor": "#d6b52b", "severity_group": "moderado", "alertas": [ { "id": "2947", "municipio": "SOROCABA", "codibge": "3552205", "uf": "SP", "bacia": "", "tipo": "hidro", "tipo_raw": "Risco Hidrológico - Moderado", "nivel_raw": "Moderado", "severity_group": "moderado", "severity_rank": 1, "latitude": -23.464522516105, "longitude": -47.446782619358, "created_at": "2026-10-09 17:47:18.946", "updated_at": "2026-10-09 17:47:18.946" } ], "updated_at": "2026-10-10T02:38:32.295659+00:00" }, "geometry": { "type": "Polygon", "coordinates": [ [ [ -47.461669, -23.353224999 ], [ -47.447572, -23.351977999 ], [ -47.440026, -23.356456999 ], [ -47.438668, -23.356521999 ], [ -47.437106, -23.354322999 ], [ -47.434522, -23.354458999 ], [ -47.425572, -23.357017999 ], [ -47.423269, -23.358926999 ], [ -47.417406, -23.357893999 ], [ -47.412835, -23.361175999 ], [ -47.405899, -23.354631999 ], [ -47.402307, -23.358586999 ], [ -47.399751, -23.364517999 ], [ -47.397704, -23.375774999 ], [ -47.390797, -23.381497999 ], [ -47.384925, -23.393199999 ], [ -47.381041, -23.389543999 ], [ -47.371856, -23.389748999 ], [ -47.368414, -23.387636999 ], [ -47.363776, -23.388053999 ], [ -47.361086, -23.390690999 ], [ -47.357772, -23.391269999 ], [ -47.350903, -23.390114999 ], [ -47.352559, -23.394024999 ], [ -47.366545, -23.400126999 ], [ -47.369127, -23.404858999 ], [ -47.364278, -23.413936999 ], [ -47.358578, -23.419697999 ], [ -47.353549, -23.420632999 ], [ -47.350977, -23.428060999 ], [ -47.34814, -23.430577999 ], [ -47.343272, -23.432235999 ], [ -47.340547, -23.436651999 ], [ -47.337243, -23.437366999 ], [ -47.333084, -23.435784999 ], [ -47.32766, -23.437880999 ], [ -47.322202, -23.450153999 ], [ -47.324216, -23.455706999 ], [ -47.321842, -23.454966999 ], [ -47.321352, -23.460071999 ], [ -47.316455, -23.461901999 ], [ -47.320538, -23.468833999 ], [ -47.317783, -23.474155999 ], [ -47.320349, -23.475898999 ], [ -47.319106, -23.482291999 ], [ -47.317915, -23.481874999 ], [ -47.318748, -23.485291999 ], [ -47.32524, -23.490483999 ], [ -47.322609, -23.494485999 ], [ -47.32492, -23.502086999 ], [ -47.322536, -23.511807999 ], [ -47.324291, -23.513458999 ], [ -47.317855, -23.515478999 ], [ -47.313068, -23.513787999 ], [ -47.309453, -23.515197999 ], [ -47.308364, -23.517065999 ], [ -47.309211, -23.518335999 ], [ -47.303279, -23.520961999 ], [ -47.303817, -23.525504999 ], [ -47.308092, -23.527113999 ], [ -47.309301, -23.528950999 ], [ -47.308079, -23.530868999 ], [ -47.30499, -23.531920999 ], [ -47.304318, -23.534809999 ], [ -47.306081, -23.540782999 ], [ -47.304368, -23.549468999 ], [ -47.309189, -23.559172999 ], [ -47.308119807, -23.562159723 ], [ -47.308701352, -23.56117536 ], [ -47.312714243, -23.561282419 ], [ -47.314548349, -23.559305497 ], [ -47.319867091, -23.561057184 ], [ -47.322214219, -23.559827362 ], [ -47.327922204, -23.560557378 ], [ -47.33013477, -23.5582279 ], [ -47.338385823, -23.558094483 ], [ -47.342445944, -23.556684766 ], [ -47.345487544, -23.560405775 ], [ -47.358155275, -23.562015144 ], [ -47.356768429, -23.558022223 ], [ -47.359810084, -23.55312458 ], [ -47.357631426, -23.549783811 ], [ -47.363198666, -23.546513194 ], [ -47.361705763, -23.541899251 ], [ -47.362381636, -23.539188437 ], [ -47.366812688, -23.538317677 ], [ -47.362289448, -23.530863546 ], [ -47.364248591, -23.529511303 ], [ -47.36537509, -23.523551565 ], [ -47.372985373, -23.522001001 ], [ -47.37313505, -23.518322257 ], [ -47.378361167, -23.522193549 ], [ -47.394654525, -23.522707003 ], [ -47.398173699, -23.526735797 ], [ -47.405387152, -23.523609183 ], [ -47.411753761999989, -23.525473778999988 ], [ -47.424124847, -23.524094103 ], [ -47.426659826, -23.522795711 ], [ -47.436059558, -23.525489526 ], [ -47.444129672, -23.522359323 ], [ -47.447980376, -23.528897388 ], [ -47.450864986, -23.531211506 ], [ -47.461007490999989, -23.530610243 ], [ -47.464685387, -23.536007336 ], [ -47.466571623, -23.545174201 ], [ -47.47184033, -23.545468926 ], [ -47.477705644, -23.548682028 ], [ -47.482173543, -23.547213464 ], [ -47.489830408, -23.539620046 ], [ -47.498164568, -23.539892245 ], [ -47.500881, -23.535467 ], [ -47.507978567, -23.539669106 ], [ -47.516019, -23.541310999 ], [ -47.517831505, -23.543609023 ], [ -47.516239252, -23.542576589 ], [ -47.510807495, -23.543225007 ], [ -47.508488318, -23.546359607 ], [ -47.505541176, -23.547752837 ], [ -47.503783862, -23.546370921 ], [ -47.501683088, -23.549803024 ], [ -47.501133425, -23.557159756 ], [ -47.496585383, -23.559059664 ], [ -47.493518474, -23.558741403 ], [ -47.491603236, -23.568737041 ], [ -47.49366608, -23.580512931 ], [ -47.492826, -23.583323999 ], [ -47.49507, -23.585474999 ], [ -47.501721, -23.586066999 ], [ -47.514, -23.583542999 ], [ -47.51975, -23.588904999 ], [ -47.533436, -23.585513999 ], [ -47.535926, -23.581350999 ], [ -47.546086, -23.574762999 ], [ -47.550003, -23.573550999 ], [ -47.55386, -23.575536999 ], [ -47.557327, -23.574350999 ], [ -47.55423, -23.565066999 ], [ -47.559236, -23.554113999 ], [ -47.563892, -23.552047999 ], [ -47.565477, -23.541824999 ], [ -47.562354, -23.536500999 ], [ -47.55832, -23.534689999 ], [ -47.554663, -23.529341999 ], [ -47.554853, -23.523116999 ], [ -47.549565, -23.505515999 ], [ -47.551425, -23.502902999 ], [ -47.550237, -23.501516999 ], [ -47.550858, -23.497294999 ], [ -47.55464, -23.492154999 ], [ -47.552222, -23.487607999 ], [ -47.55385, -23.484427999 ], [ -47.555595, -23.484051999 ], [ -47.555254, -23.482210999 ], [ -47.556744, -23.482132999 ], [ -47.563281, -23.475719999 ], [ -47.565004, -23.467497999 ], [ -47.562669, -23.461561999 ], [ -47.560213, -23.460445999 ], [ -47.547582, -23.461302999 ], [ -47.542911, -23.443273999 ], [ -47.54298, -23.438785999 ], [ -47.540242, -23.436838999 ], [ -47.534405, -23.425348999 ], [ -47.538253, -23.426239999 ], [ -47.540078, -23.425058999 ], [ -47.542889, -23.418357999 ], [ -47.54096, -23.414739999 ], [ -47.54132, -23.410241999 ], [ -47.550023, -23.408136999 ], [ -47.549478, -23.405938999 ], [ -47.544297, -23.403775999 ], [ -47.543034, -23.399775999 ], [ -47.551961, -23.398737999 ], [ -47.552908, -23.393831999 ], [ -47.550134, -23.391469999 ], [ -47.545678, -23.392599999 ], [ -47.546105, -23.390565999 ], [ -47.553903, -23.388263999 ], [ -47.561941, -23.391150999 ], [ -47.564364, -23.390408999 ], [ -47.566648, -23.391973999 ], [ -47.570488, -23.387991999 ], [ -47.565003, -23.382651999 ], [ -47.561904, -23.382643999 ], [ -47.5584, -23.385196999 ], [ -47.547765, -23.379165999 ], [ -47.5436, -23.381044999 ], [ -47.538193, -23.379219999 ], [ -47.53129, -23.376109999 ], [ -47.527526, -23.368934999 ], [ -47.524528, -23.366914999 ], [ -47.51219, -23.365164999 ], [ -47.504401, -23.359713999 ], [ -47.498442, -23.360324999 ], [ -47.491789, -23.358100999 ], [ -47.486579, -23.361470999 ], [ -47.47647, -23.362696999 ], [ -47.472708, -23.360251999 ], [ -47.47065, -23.353529999 ], [ -47.464997, -23.350828999 ], [ -47.461669, -23.353224999 ] ] ] } },
{ "type": "Feature", "properties": { "codibge": "3557006", "municipio": "Votorantim", "uf": "SP", "total_alertas": 1, "nivel_max": "moderado", "nivel_max_label": "Moderado", "tem_hidro": true, "tem_geo": false, "qtd_hidro": 1, "qtd_geo": 0, "tipos": "hidro", "cor": "#d6b52b", "severity_group": "moderado", "alertas": [ { "id": "2948", "municipio": "VOTORANTIM", "codibge": "3557006", "uf": "SP", "bacia": "", "tipo": "hidro", "tipo_raw": "Risco Hidrológico - Moderado", "nivel_raw": "Moderado", "severity_group": "moderado", "severity_rank": 1, "latitude": -23.579911397867, "longitude": -47.406445189693, "created_at": "2026-10-09 17:47:22.244", "updated_at": "2026-10-09 17:47:22.244" } ], "updated_at": "2026-10-10T02:38:32.296236+00:00" }, "geometry": { "type": "Polygon", "coordinates": [ [ [ -47.372985373, -23.522001001 ], [ -47.36594147, -23.522913172 ], [ -47.364248591, -23.529511303 ], [ -47.362289448, -23.530863546 ], [ -47.366812688, -23.538317677 ], [ -47.362381636, -23.539188437 ], [ -47.361705763, -23.541899251 ], [ -47.363198666, -23.546513194 ], [ -47.357631426, -23.549783811 ], [ -47.359810084, -23.55312458 ], [ -47.356768429, -23.558022223 ], [ -47.358155275, -23.562015144 ], [ -47.345487544, -23.560405775 ], [ -47.342445944, -23.556684766 ], [ -47.338385823, -23.558094483 ], [ -47.33013477, -23.5582279 ], [ -47.327922204, -23.560557378 ], [ -47.322214219, -23.559827362 ], [ -47.319867091, -23.561057184 ], [ -47.314548349, -23.559305497 ], [ -47.312050545, -23.561511053 ], [ -47.308701352, -23.56117536 ], [ -47.309311857, -23.567080945 ], [ -47.312897137, -23.574191481 ], [ -47.313340096, -23.581194463 ], [ -47.31001114, -23.585883444 ], [ -47.309988118, -23.597291773 ], [ -47.303545765, -23.597065861 ], [ -47.300294912, -23.598438005 ], [ -47.296745149, -23.602301036 ], [ -47.299770551, -23.606828349 ], [ -47.299920735, -23.614241992 ], [ -47.311270618, -23.622318774 ], [ -47.316557109, -23.623535803 ], [ -47.320389678, -23.622520849 ], [ -47.325838019, -23.624009642 ], [ -47.328796347, -23.617692181 ], [ -47.334081399, -23.615268588 ], [ -47.335720455, -23.611446995 ], [ -47.337107173, -23.611569136 ], [ -47.359039888, -23.622456554 ], [ -47.361958455, -23.629373868 ], [ -47.367657453, -23.633775128 ], [ -47.383011927, -23.631335678 ], [ -47.392031068, -23.633043984 ], [ -47.398539778999989, -23.625088194 ], [ -47.404515293, -23.621183005 ], [ -47.408374147, -23.620330457 ], [ -47.413567381999989, -23.621561977999988 ], [ -47.418404581, -23.620310947 ], [ -47.42088277, -23.623141765 ], [ -47.424565818, -23.624327213 ], [ -47.427454035, -23.622190115 ], [ -47.436066627, -23.623590188 ], [ -47.440182973, -23.621449675 ], [ -47.443955615, -23.621374616 ], [ -47.454233569, -23.625535036 ], [ -47.461632015, -23.630655547 ], [ -47.463384909, -23.633375464 ], [ -47.464006876, -23.638649418 ], [ -47.468602816, -23.638737818 ], [ -47.470920789, -23.637129683 ], [ -47.470408588, -23.638785618 ], [ -47.472668745999989, -23.642475104 ], [ -47.477228347, -23.641640347 ], [ -47.477057527, -23.643377126 ], [ -47.483119281, -23.646526245 ], [ -47.49416751, -23.650012947 ], [ -47.493107067, -23.647262813 ], [ -47.486436829, -23.642868732 ], [ -47.485295533, -23.639103894 ], [ -47.481346238, -23.637178635 ], [ -47.477124777, -23.630688814 ], [ -47.472542179, -23.6264752 ], [ -47.466750602, -23.624166005 ], [ -47.483107849, -23.608555471 ], [ -47.485085627, -23.60979322 ], [ -47.488483164, -23.60752321 ], [ -47.493735161, -23.606820016 ], [ -47.495319587, -23.594476938 ], [ -47.491467658, -23.592250564 ], [ -47.49130542, -23.589586508 ], [ -47.49366608, -23.580512931 ], [ -47.491603236, -23.568737041 ], [ -47.493518474, -23.558741403 ], [ -47.496585383, -23.559059664 ], [ -47.501133425, -23.557159756 ], [ -47.501683088, -23.549803024 ], [ -47.503783862, -23.546370921 ], [ -47.505541176, -23.547752837 ], [ -47.508488318, -23.546359607 ], [ -47.510807495, -23.543225007 ], [ -47.516239252, -23.542576589 ], [ -47.517831505, -23.543609023 ], [ -47.517126, -23.542104999 ], [ -47.507978567, -23.539669106 ], [ -47.500881, -23.535467 ], [ -47.498164568, -23.539892245 ], [ -47.489830408, -23.539620046 ], [ -47.482173543, -23.547213464 ], [ -47.477705644, -23.548682028 ], [ -47.47184033, -23.545468926 ], [ -47.466571623, -23.545174201 ], [ -47.464685387, -23.536007336 ], [ -47.461007490999989, -23.530610243 ], [ -47.450864986, -23.531211506 ], [ -47.447980376, -23.528897388 ], [ -47.444129672, -23.522359323 ], [ -47.436059558, -23.525489526 ], [ -47.426659826, -23.522795711 ], [ -47.424124847, -23.524094103 ], [ -47.411753761999989, -23.525473778999988 ], [ -47.405387152, -23.523609183 ], [ -47.398173699, -23.526735797 ], [ -47.394654525, -23.522707003 ], [ -47.378361167, -23.522193549 ], [ -47.37313505, -23.518322257 ], [ -47.372985373, -23.522001001 ] ] ] } },
{ "type": "Feature", "properties": { "codibge": "3300407", "municipio": "Barra Mansa", "uf": "RJ", "total_alertas": 1, "nivel_max": "moderado", "nivel_max_label": "Moderado", "tem_hidro": true, "tem_geo": false, "qtd_hidro": 1, "qtd_geo": 0, "tipos": "hidro", "cor": "#d6b52b", "severity_group": "moderado", "alertas": [ { "id": "2949", "municipio": "BARRA MANSA", "codibge": "3300407", "uf": "RJ", "bacia": "", "tipo": "hidro", "tipo_raw": "Risco Hidrológico - Moderado", "nivel_raw": "Moderado", "severity_group": "moderado", "severity_rank": 1, "latitude": -22.506594790582, "longitude": -44.188461841645, "created_at": "2026-10-09 17:50:06.381", "updated_at": "2026-10-09 17:50:06.381" } ], "updated_at": "2026-10-10T02:38:32.296793+00:00" }, "geometry": { "type": "Polygon", "coordinates": [ [ [ -44.023816358, -22.297878148 ], [ -44.022585489, -22.304222466 ], [ -44.025817715, -22.307704379 ], [ -44.031899516, -22.311563425 ], [ -44.034534522, -22.311515309 ], [ -44.036653448, -22.314288237 ], [ -44.045162206, -22.318990693 ], [ -44.052661434, -22.327687353 ], [ -44.056490306, -22.328431726 ], [ -44.056783948, -22.329995106 ], [ -44.058744971, -22.329719984 ], [ -44.060287616, -22.330969881 ], [ -44.059845471, -22.332184944 ], [ -44.063133289, -22.333456722 ], [ -44.065663182, -22.343804833 ], [ -44.068623107, -22.345080168 ], [ -44.068345549, -22.354948084 ], [ -44.072745243, -22.355195377 ], [ -44.075903462, -22.356877438 ], [ -44.079868585, -22.367537663 ], [ -44.08461412, -22.372657477 ], [ -44.084853692, -22.3804718 ], [ -44.084165736, -22.382011642 ], [ -44.057755855, -22.391021795 ], [ -44.005642945, -22.407085157 ], [ -44.088800182, -22.406272594 ], [ -44.099122277, -22.412338477 ], [ -44.109200573, -22.421418873 ], [ -44.13220868, -22.426717617 ], [ -44.138062466, -22.431312677 ], [ -44.142034758, -22.435326089 ], [ -44.151252647, -22.452644652 ], [ -44.154425851, -22.463313255 ], [ -44.153748056, -22.483433282 ], [ -44.155847614, -22.495866598 ], [ -44.156015447, -22.51667904 ], [ -44.141222436, -22.531829236 ], [ -44.138980962, -22.532230173 ], [ -44.138508582, -22.535394157 ], [ -44.136558169, -22.537438843 ], [ -44.126774811, -22.536894969 ], [ -44.107619422, -22.533147616 ], [ -44.106767983, -22.533928831 ], [ -44.101238211, -22.532146418 ], [ -44.10000886, -22.530224797 ], [ -44.098909522, -22.531858195 ], [ -44.091579741, -22.530679807999988 ], [ -44.09095801, -22.529273581 ], [ -44.090023631, -22.530498527 ], [ -44.089821671, -22.535062882 ], [ -44.087324655, -22.539653135 ], [ -44.089161292, -22.541137011 ], [ -44.08867883, -22.54336793 ], [ -44.086504041, -22.542790649 ], [ -44.086102948, -22.545677283 ], [ -44.084695422, -22.545394891 ], [ -44.088860563, -22.550183326 ], [ -44.086374096, -22.554294493 ], [ -44.087455882, -22.55459881 ], [ -44.087175563, -22.558008657 ], [ -44.090857213, -22.559576884 ], [ -44.088663819, -22.562717941 ], [ -44.089994965, -22.563351713 ], [ -44.089095078, -22.564824438 ], [ -44.095530031, -22.572194953 ], [ -44.094877069, -22.573378341 ], [ -44.096658428, -22.573038948 ], [ -44.097850397, -22.577180925 ], [ -44.097445425, -22.578910042 ], [ -44.093490218, -22.579216944 ], [ -44.092758835, -22.5778571 ], [ -44.091136631, -22.578891368 ], [ -44.091960439, -22.582564063 ], [ -44.090487965, -22.583170299 ], [ -44.095737505, -22.589141139 ], [ -44.096848949, -22.596269984 ], [ -44.087621108, -22.604427079 ], [ -44.091015705, -22.606370912 ], [ -44.088793437, -22.614291278 ], [ -44.08884015, -22.620008944 ], [ -44.09063618, -22.621218003 ], [ -44.088806279, -22.62185463 ], [ -44.087388667, -22.624871444 ], [ -44.087296027, -22.626968624 ], [ -44.089867824, -22.629580402 ], [ -44.085459718, -22.646825385 ], [ -44.08800314, -22.648714783 ], [ -44.093997527, -22.649262668 ], [ -44.116300663, -22.643626982 ], [ -44.148287378, -22.648791739 ], [ -44.147149978, -22.652764557 ], [ -44.165612828, -22.673445549 ], [ -44.171449753, -22.659428447 ], [ -44.175191043, -22.655754214 ], [ -44.181106267, -22.654322576 ], [ -44.190126752, -22.648583983 ], [ -44.191060165, -22.645058294 ], [ -44.189161233, -22.642456959 ], [ -44.186163661, -22.641417535 ], [ -44.184276293, -22.637299138 ], [ -44.189779266, -22.633184133 ], [ -44.191205395, -22.629934906 ], [ -44.198502547, -22.63049046 ], [ -44.204367768, -22.626343751 ], [ -44.202583367, -22.622861984 ], [ -44.204351042, -22.618823395 ], [ -44.20394579, -22.615971023 ], [ -44.207425939, -22.612021667 ], [ -44.210033887, -22.615607339 ], [ -44.214898884, -22.61420258 ], [ -44.216387873, -22.617115869 ], [ -44.219364037, -22.617536627 ], [ -44.224435109, -22.611534464 ], [ -44.224400427, -22.607955585 ], [ -44.226369058, -22.604560027 ], [ -44.232638289, -22.609154601 ], [ -44.238094965, -22.607549308 ], [ -44.241933135, -22.609299936 ], [ -44.245606151, -22.606419657 ], [ -44.248235396, -22.606485718 ], [ -44.249358441, -22.607278456 ], [ -44.248975285, -22.609590606 ], [ -44.253388189, -22.612470885 ], [ -44.260337853, -22.609590606 ], [ -44.264314752, -22.604107506 ], [ -44.267921707, -22.602158694 ], [ -44.268735611, -22.598774253 ], [ -44.272043941, -22.602066208 ], [ -44.274441972, -22.601686354 ], [ -44.283333842, -22.604381661 ], [ -44.283360267, -22.60806789 ], [ -44.285690584, -22.60973098 ], [ -44.295277751, -22.601706173 ], [ -44.295429693, -22.598462556 ], [ -44.299155558, -22.599582297 ], [ -44.304238986, -22.599096746 ], [ -44.31326298, -22.595767249 ], [ -44.314755968, -22.597616969 ], [ -44.316988845, -22.597280056 ], [ -44.327519039, -22.588183395 ], [ -44.333054989, -22.591050462 ], [ -44.341867585, -22.589464987 ], [ -44.341669592, -22.586863321 ], [ -44.344281276, -22.584725873 ], [ -44.344481381, -22.58061599 ], [ -44.347191427, -22.575459717 ], [ -44.346600076, -22.573610816999988 ], [ -44.343439085, -22.572500347 ], [ -44.341853034, -22.573706646 ], [ -44.337376904, -22.573340825 ], [ -44.335088579, -22.57138945 ], [ -44.32783888, -22.572917752 ], [ -44.329523323, -22.568999351 ], [ -44.326758537, -22.569144979 ], [ -44.327583405, -22.565748683 ], [ -44.324797972, -22.565171312 ], [ -44.323926091, -22.561951123 ], [ -44.327157939, -22.555986783 ], [ -44.323991745, -22.55197376 ], [ -44.321609121, -22.552322903 ], [ -44.320552191, -22.5501511 ], [ -44.321884995, -22.548924314 ], [ -44.320403206, -22.545420139 ], [ -44.321636523, -22.543596984 ], [ -44.321481201, -22.539085387 ], [ -44.325680737, -22.534099555 ], [ -44.32361349, -22.527685821 ], [ -44.324794807, -22.526924565 ], [ -44.32427406, -22.524937729 ], [ -44.328486021, -22.520014793 ], [ -44.327849822, -22.518559131 ], [ -44.323977263, -22.518671815 ], [ -44.324870494, -22.513941575 ], [ -44.320314329, -22.512024128 ], [ -44.318760505, -22.507400753 ], [ -44.32088833, -22.505534891 ], [ -44.323187838, -22.499474743 ], [ -44.332073846, -22.493787005 ], [ -44.32990562, -22.491851476 ], [ -44.329390131, -22.487631805 ], [ -44.33116156, -22.483555929 ], [ -44.334649675, -22.480327876 ], [ -44.332531335, -22.476143355 ], [ -44.334379211, -22.474206572 ], [ -44.339325115, -22.47257055 ], [ -44.335909141, -22.468853888 ], [ -44.333189941, -22.467161701 ], [ -44.327162513, -22.468299381 ], [ -44.324012745, -22.467173352 ], [ -44.319138097, -22.469597722 ], [ -44.313580793, -22.462789881 ], [ -44.310914997, -22.452963724 ], [ -44.307839477, -22.453029024 ], [ -44.301145436, -22.449387655 ], [ -44.293483485, -22.451561375 ], [ -44.285807906, -22.461467805 ], [ -44.279475902, -22.464466086 ], [ -44.272625609, -22.470332973 ], [ -44.268303197, -22.470290424 ], [ -44.264966801, -22.47413834 ], [ -44.259597483, -22.47435176 ], [ -44.259044487, -22.479843407 ], [ -44.255491064, -22.480759013 ], [ -44.25462668, -22.484047922 ], [ -44.25282733, -22.485153269 ], [ -44.242191241, -22.486358953 ], [ -44.239266312, -22.483543646 ], [ -44.234218862, -22.484135779 ], [ -44.233803794, -22.479144474 ], [ -44.230946006, -22.476968231 ], [ -44.22565925, -22.477383195 ], [ -44.223195294, -22.479883748 ], [ -44.221655177, -22.479645338 ], [ -44.223262944, -22.475036181 ], [ -44.225245811, -22.474427411 ], [ -44.221644679, -22.473098048 ], [ -44.223633419, -22.471579082 ], [ -44.218424286, -22.467491254 ], [ -44.219480962, -22.466680927 ], [ -44.217602148, -22.463352726 ], [ -44.222396866, -22.463913441 ], [ -44.223864854, -22.460287675 ], [ -44.223078466, -22.458683757 ], [ -44.225591022, -22.45878611 ], [ -44.224979003, -22.455686427 ], [ -44.226095073, -22.45487299 ], [ -44.223442804, -22.454971027 ], [ -44.222344334, -22.453535595 ], [ -44.220490031, -22.454294184 ], [ -44.219614533, -22.452204318 ], [ -44.222346617, -22.449098742 ], [ -44.221109462, -22.446132323 ], [ -44.223962168, -22.443866692 ], [ -44.219894579, -22.442065764 ], [ -44.220539986, -22.437602611 ], [ -44.222292816, -22.436919451 ], [ -44.222084914, -22.434001339 ], [ -44.220817147, -22.434565247 ], [ -44.217270332, -22.431684231 ], [ -44.218756374, -22.429523179 ], [ -44.215574279, -22.425471298 ], [ -44.21661452, -22.422674755 ], [ -44.212881157, -22.421544775 ], [ -44.211518877, -22.419555221 ], [ -44.212897174, -22.41790137 ], [ -44.21102189, -22.416430354 ], [ -44.21221146900001, -22.416400474 ], [ -44.214247674, -22.412352033 ], [ -44.213713544, -22.4096131 ], [ -44.211001024, -22.409538789999988 ], [ -44.211870306, -22.403723422 ], [ -44.208673647, -22.402734764 ], [ -44.209447885, -22.401118176 ], [ -44.206773434, -22.400607033 ], [ -44.208043362, -22.397300377 ], [ -44.20473167, -22.393522083 ], [ -44.206635674, -22.391402195 ], [ -44.204643237, -22.388768489 ], [ -44.206346576, -22.388986107 ], [ -44.208142408, -22.38729765 ], [ -44.202746226, -22.383774702 ], [ -44.192038019, -22.382895861 ], [ -44.191569123, -22.381653839 ], [ -44.189672792, -22.382025489 ], [ -44.189511935, -22.380315084 ], [ -44.185937779, -22.381324408 ], [ -44.182861675, -22.380412698 ], [ -44.181052202, -22.377747766 ], [ -44.178741471, -22.378365491 ], [ -44.175177517, -22.375599163 ], [ -44.173282034, -22.376309229 ], [ -44.170543159, -22.374990477 ], [ -44.166402334, -22.37680414 ], [ -44.161090428, -22.374559316 ], [ -44.158084698, -22.376052376 ], [ -44.155157615, -22.37384919 ], [ -44.1592206, -22.360603863 ], [ -44.160949484, -22.359675526 ], [ -44.160078428, -22.356125477 ], [ -44.16179881, -22.349177185 ], [ -44.16517676, -22.339293642 ], [ -44.169634987, -22.331455571 ], [ -44.169563755, -22.327490695 ], [ -44.163822509, -22.324735106 ], [ -44.162647545, -22.326898696 ], [ -44.157513146, -22.326232229 ], [ -44.153818158, -22.330576694 ], [ -44.146025485, -22.331972859 ], [ -44.140484812, -22.338697201 ], [ -44.137350131, -22.336786763 ], [ -44.131802578, -22.337952421 ], [ -44.129366741, -22.337253956 ], [ -44.124187264, -22.339131129 ], [ -44.11812956, -22.329716539 ], [ -44.112814914, -22.328576744 ], [ -44.108691205, -22.329381431 ], [ -44.102722828, -22.327543993 ], [ -44.099524972, -22.328461989 ], [ -44.099323697, -22.32998143 ], [ -44.094848542, -22.329842337 ], [ -44.089798411, -22.325684526 ], [ -44.08753251, -22.32590712 ], [ -44.084154552, -22.321192624 ], [ -44.081127993, -22.321707799 ], [ -44.074123358, -22.319000612 ], [ -44.071820515, -22.319836147 ], [ -44.067304889, -22.315655916 ], [ -44.065924054, -22.316830231 ], [ -44.062985993, -22.314919418 ], [ -44.051512709, -22.313345477 ], [ -44.05129824, -22.30959586 ], [ -44.047909395, -22.306566993 ], [ -44.04363739, -22.306076803 ], [ -44.040648648, -22.303403743 ], [ -44.03341047, -22.302292051 ], [ -44.026438452, -22.297265239 ], [ -44.023816358, -22.297878148 ] ] ] } },
{ "type": "Feature", "properties": { "codibge": "3304201", "municipio": "Resende", "uf": "RJ", "total_alertas": 1, "nivel_max": "moderado", "nivel_max_label": "Moderado", "tem_hidro": true, "tem_geo": false, "qtd_hidro": 1, "qtd_geo": 0, "tipos": "hidro", "cor": "#d6b52b", "severity_group": "moderado", "alertas": [ { "id": "2950", "municipio": "RESENDE", "codibge": "3304201", "uf": "RJ", "bacia": "", "tipo": "hidro", "tipo_raw": "Risco Hidrológico - Moderado", "nivel_raw": "Moderado", "severity_group": "moderado", "severity_rank": 1, "latitude": -22.440721485792, "longitude": -44.484941700208, "created_at": "2026-10-09 17:50:13.943", "updated_at": "2026-10-09 17:50:13.943" } ], "updated_at": "2026-10-10T02:38:32.297332+00:00" }, "geometry": { "type": "Polygon", "coordinates": [ [ [ -44.291509622, -22.24306137 ], [ -44.289448781, -22.247462562 ], [ -44.2845176, -22.243562684 ], [ -44.274004623, -22.243366476 ], [ -44.268804605, -22.244821348 ], [ -44.267342578, -22.248368149 ], [ -44.264668192, -22.244126839 ], [ -44.262737694, -22.244084004 ], [ -44.262823213, -22.251297309 ], [ -44.261043792, -22.254663035 ], [ -44.262312836, -22.258077041 ], [ -44.26004373, -22.261760029 ], [ -44.26174038700001, -22.263415304 ], [ -44.260326173, -22.269784304 ], [ -44.258505469, -22.271781378 ], [ -44.260233939, -22.272928037 ], [ -44.25863711, -22.272892159 ], [ -44.258071473, -22.274502074 ], [ -44.25755164, -22.281749662 ], [ -44.259455428, -22.283444303 ], [ -44.257745992, -22.28491113 ], [ -44.256400993, -22.291680196 ], [ -44.257294632, -22.298753771 ], [ -44.260178662, -22.301154833 ], [ -44.247253109, -22.309702881 ], [ -44.234636695, -22.315269678999989 ], [ -44.238583858, -22.318284862 ], [ -44.243325881, -22.317108754 ], [ -44.245780673, -22.314321658 ], [ -44.250682012, -22.313235384 ], [ -44.257662616, -22.304201684 ], [ -44.2631439, -22.309739735 ], [ -44.266385492, -22.309972745 ], [ -44.267810117, -22.311445937 ], [ -44.272411279, -22.310857149 ], [ -44.271406955, -22.316621326 ], [ -44.272627183, -22.320263175 ], [ -44.278775396, -22.321210968 ], [ -44.284759272, -22.319395713 ], [ -44.292450071, -22.319306082 ], [ -44.301074196, -22.328183061 ], [ -44.30843691, -22.329375251 ], [ -44.30902318, -22.331099867 ], [ -44.31402766, -22.331958459 ], [ -44.319845597, -22.335720403 ], [ -44.325067558, -22.33222158 ], [ -44.32818467, -22.331942485 ], [ -44.331692658, -22.335611013 ], [ -44.331584713, -22.339707344 ], [ -44.333806861, -22.343826609 ], [ -44.330609726, -22.347343944 ], [ -44.333699157, -22.3513167 ], [ -44.331330527, -22.355962019 ], [ -44.332964738, -22.358727863 ], [ -44.335656711, -22.35742526 ], [ -44.3411148, -22.360044754 ], [ -44.340829537, -22.36579356 ], [ -44.339349468, -22.367580462 ], [ -44.342582318, -22.369810293 ], [ -44.339474438, -22.376148127 ], [ -44.342394947, -22.378323724 ], [ -44.33938887, -22.381977179 ], [ -44.336727858, -22.381133145 ], [ -44.335934353, -22.383817616 ], [ -44.333068324, -22.38500012 ], [ -44.335998696, -22.388379863 ], [ -44.329014176, -22.396663105 ], [ -44.321296756, -22.398167421 ], [ -44.321461438, -22.400128469 ], [ -44.319891275, -22.400220152 ], [ -44.319049717, -22.402314014 ], [ -44.313676038, -22.402119985 ], [ -44.321592109, -22.411467172 ], [ -44.327307581, -22.415248597 ], [ -44.351453687, -22.413826074 ], [ -44.351546338, -22.432720122 ], [ -44.350497436, -22.434570257 ], [ -44.354262949, -22.443431444 ], [ -44.357209574, -22.446606754 ], [ -44.369190832, -22.452625061 ], [ -44.373361427, -22.461021688 ], [ -44.370170982, -22.461997765 ], [ -44.369252318, -22.465480292 ], [ -44.367196767, -22.465225074 ], [ -44.364653792, -22.467031357 ], [ -44.362856604, -22.470423436 ], [ -44.364230402, -22.474269725 ], [ -44.361418832, -22.475668191 ], [ -44.362892206, -22.476528853 ], [ -44.358925639, -22.478336535 ], [ -44.357941984999989, -22.483701627 ], [ -44.35147814, -22.491422656 ], [ -44.343642671, -22.491237678 ], [ -44.342150494, -22.489786244 ], [ -44.332073846, -22.493787005 ], [ -44.323187838, -22.499474743 ], [ -44.32088833, -22.505534891 ], [ -44.318760505, -22.507400753 ], [ -44.320314329, -22.512024128 ], [ -44.324870494, -22.513941575 ], [ -44.323977263, -22.518671815 ], [ -44.327849822, -22.518559131 ], [ -44.328486021, -22.520014793 ], [ -44.32427406, -22.524937729 ], [ -44.324794807, -22.526924565 ], [ -44.32361349, -22.527685821 ], [ -44.325680737, -22.534099555 ], [ -44.321481201, -22.539085387 ], [ -44.321636523, -22.543596984 ], [ -44.320403206, -22.545420139 ], [ -44.321609121, -22.552322903 ], [ -44.323991745, -22.55197376 ], [ -44.327157939, -22.555986783 ], [ -44.323926091, -22.561951123 ], [ -44.324446826, -22.564736281 ], [ -44.327477671, -22.565535756 ], [ -44.326758537, -22.569144979 ], [ -44.329523323, -22.568999351 ], [ -44.328304521, -22.573165771 ], [ -44.335088579, -22.57138945 ], [ -44.337376904, -22.573340825 ], [ -44.341853034, -22.573706646 ], [ -44.343439085, -22.572500347 ], [ -44.346600076, -22.573610816999988 ], [ -44.347191427, -22.575459717 ], [ -44.344481381, -22.58061599 ], [ -44.344281276, -22.584725873 ], [ -44.341669592, -22.586863321 ], [ -44.342070137, -22.589254198 ], [ -44.344990275, -22.587848741 ], [ -44.347384183, -22.590906068 ], [ -44.345239111, -22.596639262 ], [ -44.350148385, -22.59531417 ], [ -44.350166674, -22.598203815 ], [ -44.351829965, -22.600236609 ], [ -44.348656591, -22.605709715 ], [ -44.34885573, -22.608105805 ], [ -44.349898264, -22.609624319 ], [ -44.352649391, -22.61004359 ], [ -44.356023693, -22.614899292 ], [ -44.361190306, -22.612841791 ], [ -44.359842659, -22.609386879 ], [ -44.362744862, -22.605910299 ], [ -44.35986161, -22.593054087 ], [ -44.362251062, -22.591839279 ], [ -44.365753386, -22.594038519 ], [ -44.37042054, -22.589746487999989 ], [ -44.364613394, -22.586637352 ], [ -44.364240812, -22.584485368 ], [ -44.361584412, -22.582648365 ], [ -44.3605182, -22.583171694 ], [ -44.35991436, -22.581022922 ], [ -44.363845746, -22.577955541 ], [ -44.371213883, -22.580406234 ], [ -44.382397778, -22.573494188 ], [ -44.389598553, -22.574198521 ], [ -44.392007834, -22.572355243 ], [ -44.395702278, -22.581562141 ], [ -44.400247786, -22.582190752 ], [ -44.400942448, -22.585267113 ], [ -44.403522622, -22.588029222 ], [ -44.409650535, -22.588430307 ], [ -44.404928486, -22.59143224 ], [ -44.40594567, -22.598999095 ], [ -44.401124383, -22.60329525 ], [ -44.398172069, -22.602852817 ], [ -44.401794236, -22.606685863 ], [ -44.403484765, -22.606095597 ], [ -44.406619657, -22.608848413 ], [ -44.415439386, -22.602104401 ], [ -44.431474505, -22.598651764 ], [ -44.439301859, -22.604730058 ], [ -44.44232507, -22.604312498 ], [ -44.445276563, -22.606330298 ], [ -44.446725759, -22.610512542 ], [ -44.454609236, -22.609468647 ], [ -44.464876737, -22.615969573 ], [ -44.471846852, -22.613427268 ], [ -44.478469642, -22.612848923 ], [ -44.484820839, -22.603872068 ], [ -44.488666231, -22.60675558 ], [ -44.488916002, -22.609175578 ], [ -44.485602381, -22.609802779 ], [ -44.485174996, -22.611051631 ], [ -44.492990035, -22.6180119 ], [ -44.491144189, -22.620685691 ], [ -44.495938208, -22.622874807 ], [ -44.495520868, -22.625619844 ], [ -44.500370239, -22.628688173 ], [ -44.508588432, -22.640947014 ], [ -44.510724935, -22.640135787 ], [ -44.515599965, -22.63010656 ], [ -44.521463674, -22.631796104 ], [ -44.526684359, -22.629928146 ], [ -44.532271782, -22.630727716 ], [ -44.534532788, -22.633088107 ], [ -44.531231432, -22.639496735 ], [ -44.535004867, -22.638107045 ], [ -44.53781249, -22.633038415 ], [ -44.534184941, -22.626404473 ], [ -44.528490989, -22.623663471 ], [ -44.526303901, -22.619291592 ], [ -44.530650593, -22.619119341 ], [ -44.53299406, -22.615836123 ], [ -44.535628641, -22.618341986 ], [ -44.53753784500001, -22.618194089999989 ], [ -44.541383142, -22.611924193 ], [ -44.545787086, -22.609497236 ], [ -44.546029412, -22.606961681 ], [ -44.549445614, -22.606190376 ], [ -44.550278978, -22.603761208 ], [ -44.553056859, -22.605611158 ], [ -44.555085401, -22.610256873 ], [ -44.564086764, -22.611992722 ], [ -44.571607926, -22.6057498 ], [ -44.572213811, -22.601431907 ], [ -44.574057033, -22.601733571 ], [ -44.57584037, -22.606632131 ], [ -44.579906257, -22.611785647 ], [ -44.58086238, -22.614541532 ], [ -44.579721633, -22.616433607 ], [ -44.583776997, -22.62285512 ], [ -44.583656655, -22.626213227 ], [ -44.589157669, -22.623494129 ], [ -44.591831898, -22.623547973 ], [ -44.593267725, -22.621681397 ], [ -44.59289082, -22.616916245 ], [ -44.596884215, -22.613739477 ], [ -44.596955108, -22.609993847 ], [ -44.602076008, -22.607771539 ], [ -44.604605808, -22.613700888 ], [ -44.610797355, -22.617384266 ], [ -44.612784959, -22.61734483 ], [ -44.617292563, -22.613259198 ], [ -44.622987208, -22.605123427 ], [ -44.624872278, -22.606929623 ], [ -44.633098753, -22.609327369 ], [ -44.640248553, -22.608057923 ], [ -44.646116541, -22.603386614 ], [ -44.643448401, -22.600485464 ], [ -44.647120179, -22.584641311 ], [ -44.64650333, -22.58152394 ], [ -44.642368184, -22.577634845 ], [ -44.642898536, -22.564496471 ], [ -44.641623355, -22.560202437 ], [ -44.644427613, -22.555598616 ], [ -44.648085294, -22.552493929 ], [ -44.650352662, -22.557013233 ], [ -44.655650524, -22.554169128 ], [ -44.659398047, -22.554240613 ], [ -44.661532701, -22.550936129 ], [ -44.667873632, -22.554073763 ], [ -44.674922457, -22.561342093 ], [ -44.677426102, -22.561500142 ], [ -44.67884438, -22.558901235 ], [ -44.677124383, -22.547528433 ], [ -44.674922743, -22.542946882 ], [ -44.66992646, -22.539268285 ], [ -44.671007247, -22.536664736 ], [ -44.678753073, -22.530615015 ], [ -44.6808209, -22.52569143 ], [ -44.686537971, -22.524018572 ], [ -44.688860474, -22.519807297 ], [ -44.697463255, -22.518033638 ], [ -44.69695346, -22.515442183 ], [ -44.700145299, -22.513167804 ], [ -44.698865719, -22.511465837 ], [ -44.70138761, -22.510745297 ], [ -44.704086094, -22.512428973 ], [ -44.708232744999989, -22.511950339 ], [ -44.714543194, -22.514949256 ], [ -44.716220807, -22.514236191 ], [ -44.715289073, -22.512571494 ], [ -44.717177386, -22.510476647 ], [ -44.712790288, -22.509367015 ], [ -44.714411877, -22.505968051 ], [ -44.713689597, -22.503078932 ], [ -44.710241066, -22.501110366 ], [ -44.711253674, -22.496259762 ], [ -44.712266126, -22.492822248 ], [ -44.720074326, -22.492771472 ], [ -44.722016872, -22.485078283 ], [ -44.724968946, -22.483793771 ], [ -44.722482983, -22.479335739 ], [ -44.72382232, -22.476165654999988 ], [ -44.722765625, -22.473380991 ], [ -44.721084634, -22.472484342 ], [ -44.721365264, -22.470724801 ], [ -44.717960715, -22.470718377 ], [ -44.717695991, -22.467359087 ], [ -44.719345017, -22.466989433 ], [ -44.71924545, -22.463421081 ], [ -44.723311638, -22.462149193 ], [ -44.725013912, -22.456567018 ], [ -44.724217376, -22.450830675 ], [ -44.726992404, -22.45056088 ], [ -44.728810305, -22.448614506 ], [ -44.731508249, -22.441432836 ], [ -44.730223514, -22.439634206 ], [ -44.733852891, -22.436030524 ], [ -44.733942822, -22.43289577 ], [ -44.741445677, -22.424827632 ], [ -44.749165241, -22.420978293 ], [ -44.755333665, -22.415269201 ], [ -44.763234788, -22.416977899 ], [ -44.771174452, -22.415076491 ], [ -44.774257817, -22.412288615 ], [ -44.776351935, -22.412083058 ], [ -44.778484596, -22.408896914 ], [ -44.783597842, -22.407933363 ], [ -44.793792217, -22.409076777 ], [ -44.799798355, -22.407355232 ], [ -44.805386953, -22.403847904 ], [ -44.809421022, -22.406083344 ], [ -44.809085869, -22.403383601 ], [ -44.804795975, -22.40008363 ], [ -44.803665408, -22.393814121 ], [ -44.795879912, -22.389908526 ], [ -44.793386479, -22.386871139 ], [ -44.787589544, -22.388091368 ], [ -44.78030892, -22.382906719 ], [ -44.776000954, -22.384293223 ], [ -44.767667124, -22.378268824 ], [ -44.761770189, -22.377433746 ], [ -44.75642569, -22.374658718 ], [ -44.744696057, -22.375590151 ], [ -44.730241244, -22.361119875 ], [ -44.725986887, -22.359024178 ], [ -44.721165883, -22.360229429 ], [ -44.707953094, -22.368828085 ], [ -44.704715107, -22.367856689 ], [ -44.695450864, -22.371562386 ], [ -44.690288072, -22.370159258 ], [ -44.688219358, -22.372893559 ], [ -44.679294358999989, -22.374248497 ], [ -44.676454669, -22.372156017 ], [ -44.670392436, -22.374818362 ], [ -44.665481493, -22.372893553 ], [ -44.661854406, -22.380484972 ], [ -44.662885829, -22.399757188 ], [ -44.655562843, -22.399187616 ], [ -44.653547034, -22.400272725 ], [ -44.652912739, -22.403194374 ], [ -44.650310801, -22.404377917 ], [ -44.651417567, -22.409428441 ], [ -44.648650179, -22.408540178 ], [ -44.648236087, -22.411485575 ], [ -44.644615799, -22.414980978 ], [ -44.644678677, -22.419356582 ], [ -44.641912907, -22.419925871 ], [ -44.63730193, -22.434917872 ], [ -44.639760142, -22.439802323 ], [ -44.639957876, -22.443606807 ], [ -44.650613323, -22.452486375 ], [ -44.646592963, -22.468963763 ], [ -44.651764117, -22.471247352 ], [ -44.654234638, -22.4807117 ], [ -44.656800795, -22.481963853 ], [ -44.659382011, -22.481051214 ], [ -44.662207051, -22.483618129 ], [ -44.652223465, -22.491603755 ], [ -44.649416098, -22.491132511 ], [ -44.647039942, -22.49618137 ], [ -44.620739904, -22.508885613 ], [ -44.624106847, -22.516895045 ], [ -44.626610124, -22.535386552 ], [ -44.624468938, -22.537053083 ], [ -44.622667496, -22.543632075 ], [ -44.615482331, -22.557370548 ], [ -44.610186481, -22.559375484 ], [ -44.604507753999989, -22.564484348 ], [ -44.595147507, -22.565864045 ], [ -44.585996244, -22.560491826 ], [ -44.583590551, -22.547454702 ], [ -44.578225234, -22.540598271 ], [ -44.563243515, -22.53182932 ], [ -44.564614997, -22.529151693 ], [ -44.577099982999989, -22.527606095 ], [ -44.578150745, -22.526036922 ], [ -44.577219656, -22.517024412 ], [ -44.567457167, -22.50774497 ], [ -44.558487307999989, -22.504569352 ], [ -44.549741752, -22.496240057 ], [ -44.544973627, -22.498955519 ], [ -44.535497852, -22.495124698 ], [ -44.532121423, -22.488132812999989 ], [ -44.530043559, -22.486591812 ], [ -44.521004648, -22.487793437 ], [ -44.513157495, -22.48446819 ], [ -44.51372618, -22.476041826 ], [ -44.512452516, -22.472695621 ], [ -44.496949944, -22.468584539 ], [ -44.487855924, -22.468746918 ], [ -44.489535543, -22.463127643 ], [ -44.488037651, -22.46113167 ], [ -44.484631419, -22.460828774 ], [ -44.483810255, -22.459238872 ], [ -44.480054764, -22.458022845 ], [ -44.478510515, -22.453777336 ], [ -44.479809371, -22.453210937 ], [ -44.480559329, -22.448659294 ], [ -44.487104922, -22.443897482 ], [ -44.48698224, -22.435970992 ], [ -44.59686686, -22.398237774 ], [ -44.599049198, -22.398540434 ], [ -44.602865034, -22.392786909 ], [ -44.607385850999989, -22.392332133 ], [ -44.626333465, -22.372762544 ], [ -44.616297378, -22.376265944 ], [ -44.614224611, -22.379520551 ], [ -44.611429525, -22.3809862 ], [ -44.605682915, -22.37715723 ], [ -44.601340622, -22.372053409 ], [ -44.593714724, -22.369334206 ], [ -44.58846947, -22.362210484 ], [ -44.584704094, -22.360398652 ], [ -44.579198266, -22.361680102 ], [ -44.578460221, -22.359202278 ], [ -44.575816091, -22.357364983 ], [ -44.565900732, -22.365458115 ], [ -44.564252, -22.36443166 ], [ -44.562929966, -22.366216013 ], [ -44.560918867, -22.364708514 ], [ -44.559490264, -22.365915721 ], [ -44.555893428, -22.365110123 ], [ -44.55392628, -22.360968599 ], [ -44.549069361, -22.357159644 ], [ -44.550575704, -22.344118695 ], [ -44.548455366, -22.337817404 ], [ -44.546282394, -22.33703464 ], [ -44.544010934, -22.338071497 ], [ -44.541536633, -22.336152049 ], [ -44.543746476, -22.332330775 ], [ -44.538855564, -22.329616243 ], [ -44.532579303, -22.330704089 ], [ -44.530229308, -22.323188911 ], [ -44.524757679, -22.320402825 ], [ -44.52339156, -22.318301578 ], [ -44.520783997, -22.318623025 ], [ -44.517148694, -22.315922776 ], [ -44.513575476, -22.308628574 ], [ -44.51167401, -22.309434344 ], [ -44.511041443, -22.307901875 ], [ -44.506196459, -22.305639482 ], [ -44.502782301, -22.306990677 ], [ -44.50141174, -22.305239822 ], [ -44.496855751, -22.303741241 ], [ -44.494516861, -22.301405534 ], [ -44.494821358, -22.299701809 ], [ -44.491102169, -22.298643326 ], [ -44.490170832, -22.296482459 ], [ -44.484345243999989, -22.293764137 ], [ -44.482279020999989, -22.294054133 ], [ -44.480481045, -22.2889212 ], [ -44.479132562, -22.28815271 ], [ -44.476102102, -22.289247442 ], [ -44.476522596, -22.286071987 ], [ -44.473064403, -22.283135789 ], [ -44.470519674, -22.282773277 ], [ -44.468507521, -22.280095139 ], [ -44.46546649, -22.279155577 ], [ -44.463588765, -22.281084052 ], [ -44.459913063, -22.279989316 ], [ -44.463379232, -22.276320192 ], [ -44.46320452, -22.274696885 ], [ -44.460551055, -22.273507901 ], [ -44.458738578, -22.270466566 ], [ -44.462983003, -22.266968368 ], [ -44.460268308, -22.262531544 ], [ -44.457571343, -22.261857303 ], [ -44.458934325, -22.261096061 ], [ -44.456636106, -22.257231863 ], [ -44.452387661, -22.25821785 ], [ -44.452068665, -22.25672437 ], [ -44.449777695, -22.257869855 ], [ -44.447769471, -22.255520885 ], [ -44.445079757, -22.257166611 ], [ -44.440453086, -22.254817332 ], [ -44.438174656, -22.256758221 ], [ -44.438686649, -22.257864739 ], [ -44.437198089, -22.257773435 ], [ -44.433209465, -22.251408333 ], [ -44.430367588, -22.252322915 ], [ -44.429197926, -22.254338968 ], [ -44.426253982, -22.254076217 ], [ -44.423896641, -22.255662657 ], [ -44.414452235, -22.25415423 ], [ -44.41300528, -22.255604051 ], [ -44.394796668, -22.258906945 ], [ -44.392396902, -22.261962833 ], [ -44.389962737, -22.270508796 ], [ -44.387588977, -22.272504823 ], [ -44.384073372, -22.267529248 ], [ -44.380720201, -22.267001736 ], [ -44.379851181, -22.268394926 ], [ -44.37688548, -22.268298368 ], [ -44.374706034, -22.264980917999988 ], [ -44.376071636, -22.261842794 ], [ -44.371126501, -22.259187457 ], [ -44.36987125, -22.259766803 ], [ -44.366243439, -22.256594192 ], [ -44.364484708, -22.257759782 ], [ -44.363960538, -22.253807812 ], [ -44.362022486, -22.251973215 ], [ -44.359863731, -22.252414622 ], [ -44.360036156, -22.253669872 ], [ -44.358408468, -22.253773327 ], [ -44.357167012, -22.256056228 ], [ -44.354925493, -22.255242384 ], [ -44.352421889, -22.257683915 ], [ -44.346131843, -22.253518139 ], [ -44.340372864, -22.253497448 ], [ -44.339255553, -22.257959794 ], [ -44.336889889, -22.258559832 ], [ -44.333268974, -22.256787308 ], [ -44.328303148, -22.25691835 ], [ -44.323895977, -22.253738842 ], [ -44.323282145, -22.255780345 ], [ -44.325020184, -22.257166638 ], [ -44.323937359, -22.260787553 ], [ -44.322348929, -22.26112733 ], [ -44.319606055, -22.25874605 ], [ -44.31701279, -22.259387469 ], [ -44.315316133, -22.254345776 ], [ -44.312095243, -22.255007886 ], [ -44.307729454, -22.251980112 ], [ -44.302101518, -22.253842297 ], [ -44.295832163, -22.248876471 ], [ -44.297108104, -22.246131469 ], [ -44.296302481, -22.24509457 ], [ -44.294692901, -22.245832624 ], [ -44.291509622, -22.24306137 ] ] ] } },
{ "type": "Feature", "properties": { "codibge": "3510609", "municipio": "Carapicuíba", "uf": "SP", "total_alertas": 1, "nivel_max": "moderado", "nivel_max_label": "Moderado", "tem_hidro": true, "tem_geo": false, "qtd_hidro": 1, "qtd_geo": 0, "tipos": "hidro", "cor": "#d6b52b", "severity_group": "moderado", "alertas": [ { "id": "2951", "municipio": "CARAPICUÍBA", "codibge": "3510609", "uf": "SP", "bacia": "", "tipo": "hidro", "tipo_raw": "Risco Hidrológico - Moderado", "nivel_raw": "Moderado", "severity_group": "moderado", "severity_rank": 1, "latitude": -23.550040628349, "longitude": -46.84192850716, "created_at": "2026-10-09 18:22:04.774", "updated_at": "2026-10-09 18:22:04.774" } ], "updated_at": "2026-10-10T02:38:32.297899+00:00" }, "geometry": { "type": "Polygon", "coordinates": [ [ [ -46.829637, -23.515914999 ], [ -46.823476, -23.518625999 ], [ -46.821448, -23.521738999 ], [ -46.81739, -23.520716999 ], [ -46.816492003, -23.524975968 ], [ -46.817384, -23.540301999 ], [ -46.820706, -23.543715999 ], [ -46.821827, -23.548868999 ], [ -46.819977, -23.554033999 ], [ -46.820614, -23.558822999 ], [ -46.817822, -23.562226999 ], [ -46.818034, -23.565854999 ], [ -46.814389596, -23.569601153 ], [ -46.815589, -23.576523999 ], [ -46.818004, -23.580781999 ], [ -46.817343, -23.581931999 ], [ -46.821247278, -23.584254771 ], [ -46.824814745, -23.583854616 ], [ -46.826519045, -23.582007025 ], [ -46.830397, -23.581016999 ], [ -46.834606, -23.576628999 ], [ -46.843224238, -23.577235786 ], [ -46.843922, -23.582658 ], [ -46.851337295, -23.581694699 ], [ -46.853667, -23.582824999 ], [ -46.859111, -23.580028 ], [ -46.860559, -23.577176999 ], [ -46.864748752, -23.577806998 ], [ -46.865899, -23.576231999 ], [ -46.867455, -23.576353999 ], [ -46.867464, -23.573107999 ], [ -46.870705, -23.572967999 ], [ -46.87327, -23.569598999 ], [ -46.875688, -23.570857999 ], [ -46.876762, -23.566517999 ], [ -46.875588, -23.561116999 ], [ -46.87094, -23.560880999 ], [ -46.872623, -23.558347999 ], [ -46.870942, -23.557189999 ], [ -46.872379, -23.554213999 ], [ -46.866886, -23.555085999 ], [ -46.864907, -23.553733999 ], [ -46.86359, -23.554688999 ], [ -46.861174, -23.551828999 ], [ -46.861954, -23.550487999 ], [ -46.860589, -23.550331999 ], [ -46.862329, -23.547435999 ], [ -46.860539, -23.544938999 ], [ -46.861941, -23.544970999 ], [ -46.862904, -23.541929999 ], [ -46.861716, -23.540413999 ], [ -46.862091, -23.537427999 ], [ -46.860781, -23.537072999 ], [ -46.861949046, -23.534671574 ], [ -46.860718774, -23.532826165 ], [ -46.862490462, -23.530613129 ], [ -46.860169064, -23.529054976 ], [ -46.860005849, -23.527400693 ], [ -46.862607, -23.525103999 ], [ -46.862927777, -23.522748672 ], [ -46.861621878, -23.521938868 ], [ -46.860097815, -23.523246241 ], [ -46.854429, -23.516554999 ], [ -46.844844, -23.515710999 ], [ -46.838481, -23.510624999 ], [ -46.832867, -23.512126999 ], [ -46.829637, -23.515914999 ] ] ] } },
{ "type": "Feature", "properties": { "codibge": "3513009", "municipio": "Cotia", "uf": "SP", "total_alertas": 1, "nivel_max": "moderado", "nivel_max_label": "Moderado", "tem_hidro": true, "tem_geo": false, "qtd_hidro": 1, "qtd_geo": 0, "tipos": "hidro", "cor": "#d6b52b", "severity_group": "moderado", "alertas": [ { "id": "2952", "municipio": "COTIA", "codibge": "3513009", "uf": "SP", "bacia": "", "tipo": "hidro", "tipo_raw": "Risco Hidrológico - Moderado", "nivel_raw": "Moderado", "severity_group": "moderado", "severity_rank": 1, "latitude": -23.675152159962, "longitude": -46.960511327347, "created_at": "2026-10-09 18:22:09.837", "updated_at": "2026-10-09 18:22:09.837" } ], "updated_at": "2026-10-10T02:38:32.298471+00:00" }, "geometry": { "type": "Polygon", "coordinates": [ [ [ -46.911119, -23.563056999 ], [ -46.908381, -23.566792999 ], [ -46.904446, -23.568248999 ], [ -46.889524, -23.567614999 ], [ -46.886181693, -23.569406282 ], [ -46.875956, -23.565279999 ], [ -46.875688, -23.570857999 ], [ -46.87327, -23.569598999 ], [ -46.870705, -23.572967999 ], [ -46.867464, -23.573107999 ], [ -46.867455, -23.576353999 ], [ -46.865899, -23.576231999 ], [ -46.864748752, -23.577806998 ], [ -46.860559, -23.577176999 ], [ -46.859111, -23.580028 ], [ -46.853542057, -23.582857003 ], [ -46.851337295, -23.581694699 ], [ -46.843922, -23.582658 ], [ -46.843224238, -23.577235786 ], [ -46.834606, -23.576628999 ], [ -46.830397, -23.581016999 ], [ -46.826519045, -23.582007025 ], [ -46.824814745, -23.583854616 ], [ -46.821247278, -23.584254771 ], [ -46.817332269, -23.581855904 ], [ -46.8167, -23.588056999 ], [ -46.813285, -23.588789999 ], [ -46.813256, -23.593243999 ], [ -46.817955, -23.600230999 ], [ -46.815962, -23.603135999 ], [ -46.810367, -23.604941999 ], [ -46.807775, -23.609066999 ], [ -46.818735, -23.613442999 ], [ -46.822562, -23.619054999 ], [ -46.839524295, -23.62729353 ], [ -46.841477, -23.624429999 ], [ -46.845833, -23.622584999 ], [ -46.848792596, -23.619475942 ], [ -46.854078, -23.619769999 ], [ -46.856056, -23.613112999 ], [ -46.85765, -23.612322999 ], [ -46.86456, -23.616755999 ], [ -46.869781, -23.624178999 ], [ -46.872514, -23.621812999 ], [ -46.877824217, -23.621443113 ], [ -46.880162, -23.619189999 ], [ -46.885622, -23.619858999 ], [ -46.887784, -23.624462999 ], [ -46.893407, -23.626313999 ], [ -46.895883, -23.628604999 ], [ -46.900272, -23.627964999 ], [ -46.902066, -23.630278999 ], [ -46.907902, -23.630780999 ], [ -46.906958, -23.632776999 ], [ -46.909217, -23.638974999 ], [ -46.908669, -23.642409999 ], [ -46.915567, -23.649558999 ], [ -46.914997, -23.652421999 ], [ -46.918289, -23.656815999 ], [ -46.917749, -23.659884999 ], [ -46.911483, -23.663220999 ], [ -46.90336, -23.664814999 ], [ -46.901106, -23.669460999 ], [ -46.893846, -23.669633999 ], [ -46.890628, -23.667473999 ], [ -46.887452, -23.667847999 ], [ -46.893522, -23.671133999 ], [ -46.897467, -23.677337999 ], [ -46.895468, -23.679922999 ], [ -46.898507, -23.684038999 ], [ -46.898533, -23.687352999 ], [ -46.897265, -23.688154999 ], [ -46.899979, -23.690047999 ], [ -46.900245, -23.700016999 ], [ -46.901955, -23.702148999 ], [ -46.903741, -23.711668999 ], [ -46.909744, -23.719946999 ], [ -46.915493, -23.725143999 ], [ -46.922767, -23.727264999 ], [ -46.923107, -23.731983999 ], [ -46.927649, -23.730237999 ], [ -46.931385, -23.732899999 ], [ -46.933417646, -23.73629343 ], [ -46.933703, -23.739754999 ], [ -46.93071, -23.743925999 ], [ -46.93076, -23.746396999 ], [ -46.927479, -23.749915999 ], [ -46.930214, -23.751358999 ], [ -46.931632, -23.754615999 ], [ -46.929476221, -23.758849387 ], [ -46.935792, -23.765902999 ], [ -46.934137, -23.771701999 ], [ -46.938985, -23.777931999 ], [ -46.939645, -23.785147999 ], [ -46.942386, -23.786824999 ], [ -46.947814, -23.787154998999988 ], [ -46.948851, -23.791071999 ], [ -46.950797, -23.792680999 ], [ -46.955069, -23.791442999 ], [ -46.958358, -23.792189999 ], [ -46.959936, -23.788106999 ], [ -46.965894, -23.784065999 ], [ -46.963841, -23.779739999 ], [ -46.967565, -23.774576999 ], [ -46.971803, -23.777317999 ], [ -46.972311, -23.778954999 ], [ -46.976347, -23.779186999 ], [ -46.982193, -23.783996999 ], [ -46.982395, -23.786973999 ], [ -46.979862, -23.790261999 ], [ -46.980903, -23.795056999 ], [ -46.9836, -23.797570999 ], [ -46.986598, -23.797641999 ], [ -46.992901, -23.803425999 ], [ -46.995257, -23.801895999 ], [ -46.996592, -23.802720999 ], [ -46.998841, -23.801141999 ], [ -47.000501, -23.801682999 ], [ -47.002088, -23.798943998999988 ], [ -47.005409, -23.797340999 ], [ -47.008589, -23.791849999 ], [ -47.014098, -23.792210999 ], [ -47.019268, -23.788646999 ], [ -47.023595, -23.779701999 ], [ -47.023152, -23.775074999 ], [ -47.025243, -23.774344999 ], [ -47.026032, -23.771730999 ], [ -47.031895512, -23.769514286 ], [ -47.033532484, -23.767457417 ], [ -47.032922863, -23.764330651 ], [ -47.028782668, -23.761620449 ], [ -47.02860118, -23.75735939 ], [ -47.032597537, -23.756385145 ], [ -47.034659737, -23.757896162 ], [ -47.036273291, -23.753598747 ], [ -47.035141122, -23.750600401 ], [ -47.036068495, -23.748426546 ], [ -47.033616742, -23.747407495 ], [ -47.032243156, -23.743048065 ], [ -47.033256666, -23.737460645 ], [ -47.034385512, -23.735577143 ], [ -47.038749817, -23.735051985 ], [ -47.040905114, -23.736783548 ], [ -47.04413944, -23.736789048 ], [ -47.049122519, -23.732467819 ], [ -47.052571643, -23.720399173 ], [ -47.056312182, -23.718688531 ], [ -47.057745134, -23.712662161 ], [ -47.062459844, -23.708631047 ], [ -47.061399639, -23.703862597 ], [ -47.05943819, -23.701959436 ], [ -47.062982956, -23.689797487 ], [ -47.062160634, -23.682469303 ], [ -47.069416702, -23.680257951 ], [ -47.075984, -23.680786999 ], [ -47.078022, -23.676174999 ], [ -47.076672, -23.673304999 ], [ -47.08194, -23.671008999 ], [ -47.084756, -23.667155999 ], [ -47.081944, -23.664250999 ], [ -47.083449, -23.661370999 ], [ -47.081856, -23.660595999 ], [ -47.081783, -23.658861999 ], [ -47.083265, -23.658015999 ], [ -47.081109, -23.654365999 ], [ -47.082265, -23.653597999 ], [ -47.079784, -23.652994999 ], [ -47.079133, -23.653928999 ], [ -47.077933, -23.652629999 ], [ -47.076519, -23.653679999 ], [ -47.07381, -23.652020999 ], [ -47.074355, -23.649839999 ], [ -47.072657, -23.645366999 ], [ -47.066894, -23.646184999 ], [ -47.062039, -23.643867999 ], [ -47.058989, -23.639731999 ], [ -47.058052, -23.635667999 ], [ -47.059791, -23.629031999 ], [ -47.055853, -23.628407999 ], [ -47.052445425, -23.630735153 ], [ -47.045147, -23.631457999 ], [ -47.043524, -23.636546999 ], [ -47.036528, -23.640215999 ], [ -47.033678, -23.643513998999989 ], [ -47.023978, -23.643909999 ], [ -47.019792, -23.654179999 ], [ -47.017429, -23.656698999 ], [ -47.011981, -23.656003999 ], [ -47.004291, -23.662251998999988 ], [ -46.996592, -23.661463999 ], [ -46.996524, -23.668302999 ], [ -46.994471, -23.670764999 ], [ -46.992319, -23.666811999 ], [ -46.988079, -23.665148999 ], [ -46.988979, -23.659980999 ], [ -46.986339, -23.658223999 ], [ -46.986829, -23.655515999 ], [ -46.985721, -23.654320999 ], [ -46.99112954, -23.648453587 ], [ -46.992110466, -23.645597815 ], [ -46.989829832, -23.641269905 ], [ -46.988943, -23.634460999 ], [ -46.987193, -23.632983999 ], [ -46.989364109, -23.617810797 ], [ -46.988100994, -23.612654505 ], [ -46.9901299, -23.609027139999988 ], [ -46.985457, -23.607312999 ], [ -46.981456, -23.602157999 ], [ -46.977504, -23.601559999 ], [ -46.974023, -23.603794999 ], [ -46.966516, -23.601191999 ], [ -46.961653, -23.602514999 ], [ -46.957676, -23.597521999 ], [ -46.956657, -23.590543999 ], [ -46.948763, -23.586195999 ], [ -46.947042, -23.580007999 ], [ -46.940161, -23.575289999 ], [ -46.940323, -23.571396999 ], [ -46.929551723, -23.565813649 ], [ -46.929095696, -23.56322741 ], [ -46.918914, -23.565406999 ], [ -46.911119, -23.563056999 ] ] ] } },
{ "type": "Feature", "properties": { "codibge": "3515004", "municipio": "Embu das Artes", "uf": "SP", "total_alertas": 1, "nivel_max": "moderado", "nivel_max_label": "Moderado", "tem_hidro": true, "tem_geo": false, "qtd_hidro": 1, "qtd_geo": 0, "tipos": "hidro", "cor": "#d6b52b", "severity_group": "moderado", "alertas": [ { "id": "2953", "municipio": "EMBU DAS ARTES", "codibge": "3515004", "uf": "SP", "bacia": "", "tipo": "hidro", "tipo_raw": "Risco Hidrológico - Moderado", "nivel_raw": "Moderado", "severity_group": "moderado", "severity_rank": 1, "latitude": -23.651335920322, "longitude": -46.851504700942, "created_at": "2026-10-09 18:22:13.761", "updated_at": "2026-10-09 18:22:13.761" } ], "updated_at": "2026-10-10T02:38:32.299072+00:00" }, "geometry": { "type": "Polygon", "coordinates": [ [ [ -46.811801, -23.623307999 ], [ -46.809421198, -23.625944677 ], [ -46.812061086, -23.627762166 ], [ -46.812655602, -23.630158865 ], [ -46.815656, -23.631910999 ], [ -46.816575, -23.635079999 ], [ -46.818574, -23.636326999 ], [ -46.821622, -23.635855999 ], [ -46.792714428, -23.64707509 ], [ -46.791872, -23.651809999 ], [ -46.795483, -23.665291999 ], [ -46.795448, -23.670162999 ], [ -46.799901, -23.678195999 ], [ -46.799633, -23.681299999 ], [ -46.801992, -23.685649999 ], [ -46.803284, -23.685031999 ], [ -46.814243478, -23.68820768 ], [ -46.816582, -23.686983999 ], [ -46.819938166, -23.687655113 ], [ -46.822754209, -23.683328022 ], [ -46.822842926, -23.677973533 ], [ -46.82681, -23.675787999 ], [ -46.832894, -23.678521999 ], [ -46.845719, -23.680809999 ], [ -46.849298, -23.685266999 ], [ -46.854264, -23.682745999 ], [ -46.860195, -23.683437999 ], [ -46.862570912, -23.681554429 ], [ -46.871603, -23.683249999 ], [ -46.873792, -23.678542999 ], [ -46.879969731, -23.675906211 ], [ -46.8825, -23.671879999 ], [ -46.884477, -23.671517999 ], [ -46.887452, -23.667847999 ], [ -46.890628, -23.667473999 ], [ -46.893846, -23.669633999 ], [ -46.901106, -23.669460999 ], [ -46.90336, -23.664814999 ], [ -46.91455, -23.662159999 ], [ -46.915729, -23.660256999 ], [ -46.917778, -23.659824999 ], [ -46.918289, -23.656815999 ], [ -46.914935, -23.652190999 ], [ -46.915567, -23.649558999 ], [ -46.908669, -23.642409999 ], [ -46.909217, -23.638974999 ], [ -46.906958, -23.632776999 ], [ -46.907902, -23.630780999 ], [ -46.902066, -23.630278999 ], [ -46.900272, -23.627964999 ], [ -46.895883, -23.628604999 ], [ -46.893407, -23.626313999 ], [ -46.887784, -23.624462999 ], [ -46.885622, -23.619858999 ], [ -46.880162, -23.619189999 ], [ -46.877824217, -23.621443113 ], [ -46.872514, -23.621812999 ], [ -46.869781, -23.624178999 ], [ -46.86456, -23.616755999 ], [ -46.856961, -23.612379999 ], [ -46.854078, -23.619769999 ], [ -46.848792596, -23.619475942 ], [ -46.845833, -23.622584999 ], [ -46.841477, -23.624429999 ], [ -46.839524295, -23.62729353 ], [ -46.822562, -23.619054999 ], [ -46.819038184999989, -23.613630458 ], [ -46.810173, -23.610109999 ], [ -46.812708, -23.613374999 ], [ -46.809392, -23.618061999 ], [ -46.811801, -23.623307999 ] ] ] } },
{ "type": "Feature", "properties": { "codibge": "3522208", "municipio": "Itapecerica da Serra", "uf": "SP", "total_alertas": 1, "nivel_max": "moderado", "nivel_max_label": "Moderado", "tem_hidro": true, "tem_geo": false, "qtd_hidro": 1, "qtd_geo": 0, "tipos": "hidro", "cor": "#d6b52b", "severity_group": "moderado", "alertas": [ { "id": "2954", "municipio": "ITAPECERICA DA SERRA", "codibge": "3522208", "uf": "SP", "bacia": "", "tipo": "hidro", "tipo_raw": "Risco Hidrológico - Moderado", "nivel_raw": "Moderado", "severity_group": "moderado", "severity_rank": 1, "latitude": -23.737247581766, "longitude": -46.858877088805, "created_at": "2026-10-09 18:22:17.985", "updated_at": "2026-10-09 18:22:17.985" } ], "updated_at": "2026-10-10T02:38:32.299635+00:00" }, "geometry": { "type": "Polygon", "coordinates": [ [ [ -46.884853, -23.671065999 ], [ -46.8825, -23.671879999 ], [ -46.879969731, -23.675906211 ], [ -46.873792, -23.678542999 ], [ -46.871603, -23.683249999 ], [ -46.862570912, -23.681554429 ], [ -46.860195, -23.683437999 ], [ -46.854264, -23.682745999 ], [ -46.849298, -23.685266999 ], [ -46.845719, -23.680809999 ], [ -46.832894, -23.678521999 ], [ -46.82681, -23.675787999 ], [ -46.822842926, -23.677973533 ], [ -46.822754209, -23.683328022 ], [ -46.819938166, -23.687655113 ], [ -46.816582, -23.686983999 ], [ -46.814243478, -23.68820768 ], [ -46.801536359, -23.685368748 ], [ -46.797015, -23.695419999 ], [ -46.800709, -23.697966999 ], [ -46.791489038, -23.701751074 ], [ -46.793233, -23.713334999 ], [ -46.792403, -23.721300999 ], [ -46.794784, -23.726146999 ], [ -46.798543, -23.729091999 ], [ -46.795668, -23.735636999 ], [ -46.796043, -23.739126999 ], [ -46.79008, -23.741186999 ], [ -46.790035, -23.744252999 ], [ -46.781528589, -23.75065908 ], [ -46.780017, -23.749373999 ], [ -46.77698864, -23.750601621 ], [ -46.775695, -23.752993999 ], [ -46.772233, -23.751880999 ], [ -46.76966, -23.753172999 ], [ -46.769582, -23.759657999 ], [ -46.771685, -23.764304999 ], [ -46.777421, -23.767174999 ], [ -46.782750843, -23.764674698 ], [ -46.7861999, -23.766264573 ], [ -46.787732201, -23.7650425 ], [ -46.790500686, -23.766524364 ], [ -46.793133702, -23.766160663 ], [ -46.799740481, -23.770866657 ], [ -46.808042288, -23.766506622 ], [ -46.81092619, -23.766579021 ], [ -46.814661361, -23.768704273 ], [ -46.817494434, -23.767153138 ], [ -46.823010874, -23.768133743 ], [ -46.83094386, -23.779258594 ], [ -46.835807555, -23.780186275 ], [ -46.839192631, -23.777958766 ], [ -46.839941829, -23.783033622 ], [ -46.844370927999989, -23.785007123 ], [ -46.844191734, -23.787406771 ], [ -46.849013954, -23.792721434 ], [ -46.849609824, -23.796266918 ], [ -46.855811977, -23.794645746 ], [ -46.857420509, -23.79968388 ], [ -46.862609643, -23.801983008 ], [ -46.863780767, -23.804685555 ], [ -46.865477607, -23.804596527 ], [ -46.866968046, -23.800409529 ], [ -46.869843543, -23.799090229 ], [ -46.871948407, -23.799585712 ], [ -46.871916652, -23.797244508 ], [ -46.87947817, -23.793616254 ], [ -46.881572063, -23.789878835 ], [ -46.890885158, -23.794664587 ], [ -46.897609284, -23.796100587 ], [ -46.899570559, -23.79226425 ], [ -46.9077959, -23.786782107 ], [ -46.909868869, -23.782725207 ], [ -46.912924088, -23.788619641 ], [ -46.914871524, -23.786486317 ], [ -46.915420687, -23.782860969 ], [ -46.930804853, -23.779238928 ], [ -46.932282847, -23.777112678 ], [ -46.937828, -23.776629999 ], [ -46.934137, -23.771701999 ], [ -46.935792, -23.765902999 ], [ -46.929343, -23.758491999 ], [ -46.931632, -23.754615999 ], [ -46.930214, -23.751358999 ], [ -46.927479, -23.749915999 ], [ -46.93076, -23.746396999 ], [ -46.93071, -23.743925999 ], [ -46.933703, -23.739754999 ], [ -46.933417646, -23.73629343 ], [ -46.931385, -23.732899999 ], [ -46.927649, -23.730237999 ], [ -46.923107, -23.731983999 ], [ -46.92175591, -23.72627076 ], [ -46.915493, -23.725143999 ], [ -46.908225, -23.718101999 ], [ -46.903245, -23.710579999 ], [ -46.901955, -23.702148999 ], [ -46.900245, -23.700016999 ], [ -46.899979, -23.690047999 ], [ -46.897265, -23.688154999 ], [ -46.898533, -23.687352999 ], [ -46.898507, -23.684038999 ], [ -46.895468, -23.679922999 ], [ -46.897467, -23.677337999 ], [ -46.893522, -23.671133999 ], [ -46.891749, -23.671057999 ], [ -46.889815858, -23.668536694 ], [ -46.887452, -23.667847999 ], [ -46.884853, -23.671065999 ] ] ] } },
{ "type": "Feature", "properties": { "codibge": "3522505", "municipio": "Itapevi", "uf": "SP", "total_alertas": 1, "nivel_max": "moderado", "nivel_max_label": "Moderado", "tem_hidro": true, "tem_geo": false, "qtd_hidro": 1, "qtd_geo": 0, "tipos": "hidro", "cor": "#d6b52b", "severity_group": "moderado", "alertas": [ { "id": "2955", "municipio": "ITAPEVI", "codibge": "3522505", "uf": "SP", "bacia": "", "tipo": "hidro", "tipo_raw": "Risco Hidrológico - Moderado", "nivel_raw": "Moderado", "severity_group": "moderado", "severity_rank": 1, "latitude": -23.550952070334, "longitude": -46.96766192263, "created_at": "2026-10-09 18:22:22.024", "updated_at": "2026-10-09 18:22:22.024" } ], "updated_at": "2026-10-10T02:38:32.300189+00:00" }, "geometry": { "type": "Polygon", "coordinates": [ [ [ -46.96453, -23.498650999 ], [ -46.952459, -23.505477999 ], [ -46.945576, -23.504662999 ], [ -46.943885, -23.507614999 ], [ -46.941829, -23.507558999 ], [ -46.932759, -23.512769999 ], [ -46.929560258, -23.51282797 ], [ -46.929042, -23.517662999 ], [ -46.930397, -23.519413999 ], [ -46.929019, -23.523513999 ], [ -46.925782, -23.523929999 ], [ -46.923226, -23.522753999 ], [ -46.921586, -23.523895999 ], [ -46.919045, -23.528486999 ], [ -46.91987588, -23.532358654 ], [ -46.915710802, -23.538171897 ], [ -46.917559963, -23.542513404 ], [ -46.916979309, -23.546086661 ], [ -46.911061543, -23.552310398 ], [ -46.907947901, -23.552777585 ], [ -46.907931, -23.558507999 ], [ -46.910198, -23.562542999 ], [ -46.918651, -23.565388999 ], [ -46.929095696, -23.56322741 ], [ -46.929551723, -23.565813649 ], [ -46.94009, -23.571138999 ], [ -46.940161, -23.575289999 ], [ -46.947042, -23.580007999 ], [ -46.948763, -23.586195999 ], [ -46.956784, -23.590707999 ], [ -46.957676, -23.597521999 ], [ -46.961653, -23.602514999 ], [ -46.966516, -23.601191999 ], [ -46.974023, -23.603794999 ], [ -46.977504, -23.601559999 ], [ -46.981456, -23.602157999 ], [ -46.98241, -23.601175999 ], [ -46.984875, -23.602753999 ], [ -46.98907, -23.602785999 ], [ -46.989308, -23.599552999 ], [ -46.9921, -23.594656999 ], [ -46.999194, -23.593544999 ], [ -47.000183, -23.587143999 ], [ -46.996821, -23.579499999 ], [ -47.001249, -23.580459999 ], [ -47.008187, -23.577939999 ], [ -47.010106, -23.580299999 ], [ -47.015331, -23.581159999 ], [ -47.018293, -23.585088999 ], [ -47.020622, -23.586004998999989 ], [ -47.022253, -23.582066999 ], [ -47.028074, -23.581316999 ], [ -47.024775, -23.580032999 ], [ -47.024598, -23.576669999 ], [ -47.029336, -23.571847999 ], [ -47.030182, -23.568743999 ], [ -47.024574, -23.566812999 ], [ -47.020508, -23.567360999 ], [ -47.018863, -23.564332999 ], [ -47.014394, -23.563365999 ], [ -47.01539, -23.560243999 ], [ -47.006126, -23.554357999 ], [ -47.007162, -23.551350999 ], [ -47.012225, -23.550084999 ], [ -47.013164, -23.536353999 ], [ -46.996915, -23.532131999 ], [ -46.991624694, -23.529351358 ], [ -46.990937312, -23.527754857 ], [ -46.992879, -23.526046999 ], [ -46.992072, -23.525055999 ], [ -46.995377, -23.524047999 ], [ -46.996998, -23.521965999 ], [ -46.99646, -23.514908999 ], [ -46.9936, -23.510899998999989 ], [ -46.995036, -23.506992999 ], [ -46.988875, -23.508119999 ], [ -46.985537, -23.503615999 ], [ -46.979901, -23.504877999 ], [ -46.970894, -23.501067999 ], [ -46.966267, -23.501424999 ], [ -46.96453, -23.498650999 ] ] ] } },
{ "type": "Feature", "properties": { "codibge": "3525003", "municipio": "Jandira", "uf": "SP", "total_alertas": 1, "nivel_max": "moderado", "nivel_max_label": "Moderado", "tem_hidro": true, "tem_geo": false, "qtd_hidro": 1, "qtd_geo": 0, "tipos": "hidro", "cor": "#d6b52b", "severity_group": "moderado", "alertas": [ { "id": "2956", "municipio": "JANDIRA", "codibge": "3525003", "uf": "SP", "bacia": "", "tipo": "hidro", "tipo_raw": "Risco Hidrológico - Moderado", "nivel_raw": "Moderado", "severity_group": "moderado", "severity_rank": 1, "latitude": -23.544130870679, "longitude": -46.899694973568, "created_at": "2026-10-09 18:22:25.55", "updated_at": "2026-10-09 18:22:25.55" } ], "updated_at": "2026-10-10T02:38:32.300745+00:00" }, "geometry": { "type": "Polygon", "coordinates": [ [ [ -46.915961, -23.512371999 ], [ -46.914423, -23.518571999 ], [ -46.912637, -23.520611999 ], [ -46.908649, -23.521627999 ], [ -46.907197, -23.520018999 ], [ -46.903443, -23.519414999 ], [ -46.899926, -23.523943999 ], [ -46.895658, -23.524294999 ], [ -46.894253376, -23.525570583 ], [ -46.891784404, -23.531494529 ], [ -46.894664, -23.539064999 ], [ -46.890528801, -23.543397598 ], [ -46.891047598, -23.549769679 ], [ -46.887997, -23.552458999 ], [ -46.885759, -23.553317999 ], [ -46.881443034, -23.552430487 ], [ -46.876356199, -23.548456978 ], [ -46.872556, -23.550406999 ], [ -46.860577, -23.544863999 ], [ -46.862329, -23.547435999 ], [ -46.860589, -23.550331999 ], [ -46.861954, -23.550487999 ], [ -46.861154, -23.551776999 ], [ -46.863479, -23.554606999 ], [ -46.872379, -23.554213999 ], [ -46.870942, -23.557189999 ], [ -46.872623, -23.558347999 ], [ -46.87094, -23.560880999 ], [ -46.875588, -23.561116999 ], [ -46.875956, -23.565279999 ], [ -46.886181693, -23.569406282 ], [ -46.889524, -23.567614999 ], [ -46.904446, -23.568248999 ], [ -46.908381, -23.566792999 ], [ -46.910567, -23.564283999 ], [ -46.911119, -23.563056999 ], [ -46.907931, -23.558507999 ], [ -46.907769239, -23.553117045 ], [ -46.909359338, -23.551736874 ], [ -46.911061543, -23.552310398 ], [ -46.916979309, -23.546086661 ], [ -46.917559963, -23.542513404 ], [ -46.915710802, -23.538171897 ], [ -46.91987588, -23.532358654 ], [ -46.919045, -23.528486999 ], [ -46.921586, -23.523895999 ], [ -46.923226, -23.522753999 ], [ -46.928259, -23.524061999 ], [ -46.930397, -23.519413999 ], [ -46.929042, -23.517662999 ], [ -46.929601, -23.513182999 ], [ -46.924881, -23.514592999 ], [ -46.923386, -23.512958999 ], [ -46.920941, -23.514200999 ], [ -46.915961, -23.512371999 ] ] ] } },
{ "type": "Feature", "properties": { "codibge": "3534401", "municipio": "Osasco", "uf": "SP", "total_alertas": 1, "nivel_max": "moderado", "nivel_max_label": "Moderado", "tem_hidro": true, "tem_geo": false, "qtd_hidro": 1, "qtd_geo": 0, "tipos": "hidro", "cor": "#d6b52b", "severity_group": "moderado", "alertas": [ { "id": "2957", "municipio": "OSASCO", "codibge": "3534401", "uf": "SP", "bacia": "", "tipo": "hidro", "tipo_raw": "Risco Hidrológico - Moderado", "nivel_raw": "Moderado", "severity_group": "moderado", "severity_rank": 1, "latitude": -23.528749229642, "longitude": -46.78926738571, "created_at": "2026-10-09 18:22:29.851", "updated_at": "2026-10-09 18:22:29.851" } ], "updated_at": "2026-10-10T02:38:32.301282+00:00" }, "geometry": { "type": "Polygon", "coordinates": [ [ [ -46.775021, -23.464967999 ], [ -46.775115, -23.471786999 ], [ -46.770029, -23.475738999 ], [ -46.77018, -23.483316999 ], [ -46.766328, -23.491289999 ], [ -46.75928, -23.493351999 ], [ -46.755484, -23.496188999 ], [ -46.757452, -23.499758999 ], [ -46.761505, -23.501660999 ], [ -46.763971, -23.506405999 ], [ -46.761097, -23.509478999 ], [ -46.76199, -23.510197999 ], [ -46.757975, -23.513100999 ], [ -46.757661, -23.515945999 ], [ -46.753036, -23.517138999 ], [ -46.753125, -23.519695999 ], [ -46.751225, -23.520739999 ], [ -46.747045, -23.520376999 ], [ -46.749297, -23.524555999 ], [ -46.751437, -23.525412999 ], [ -46.756353, -23.524617999 ], [ -46.760264, -23.529493999 ], [ -46.760707, -23.545573999 ], [ -46.75878, -23.548922999 ], [ -46.759989, -23.549852999 ], [ -46.760125, -23.554834999 ], [ -46.765092, -23.563249999 ], [ -46.768689, -23.562639999 ], [ -46.771925, -23.565053999 ], [ -46.773135, -23.570177999 ], [ -46.779605, -23.570768999 ], [ -46.781833, -23.574751999 ], [ -46.785834, -23.574413999 ], [ -46.787737, -23.577182999 ], [ -46.791305, -23.577754999 ], [ -46.795043, -23.582463999 ], [ -46.797978, -23.583698999 ], [ -46.801897, -23.582465999 ], [ -46.806459, -23.584009999 ], [ -46.807381, -23.585820999 ], [ -46.805082, -23.588784999 ], [ -46.808999, -23.598646999 ], [ -46.807588, -23.602054998999989 ], [ -46.809173, -23.602780999 ], [ -46.807517, -23.604880999 ], [ -46.807775, -23.609066999 ], [ -46.810367, -23.604941999 ], [ -46.815962, -23.603135999 ], [ -46.818024, -23.599853999 ], [ -46.81332, -23.593538999 ], [ -46.813164, -23.589190999 ], [ -46.816719, -23.587987999 ], [ -46.816564032, -23.583145648 ], [ -46.818004, -23.580781999 ], [ -46.815589, -23.576523999 ], [ -46.814389596, -23.569601153 ], [ -46.818034, -23.565854999 ], [ -46.817822, -23.562226999 ], [ -46.820614, -23.558822999 ], [ -46.819977, -23.554033999 ], [ -46.821827, -23.548868999 ], [ -46.820706, -23.543715999 ], [ -46.81774, -23.541775999 ], [ -46.817331, -23.539972999 ], [ -46.816471, -23.525725999 ], [ -46.817491092, -23.519319303 ], [ -46.813852, -23.514148999 ], [ -46.8103, -23.512468999 ], [ -46.808455, -23.509950999 ], [ -46.808206, -23.506756999 ], [ -46.812111836, -23.501574826 ], [ -46.812216077, -23.49906262 ], [ -46.806920639, -23.493082667 ], [ -46.804333, -23.485945999 ], [ -46.799753, -23.483687999 ], [ -46.801612, -23.479320999 ], [ -46.798812, -23.477021999 ], [ -46.799712, -23.471973999 ], [ -46.797074, -23.469800999 ], [ -46.796027, -23.462929999 ], [ -46.792009, -23.461483999 ], [ -46.785412, -23.466172999 ], [ -46.781602, -23.463819999 ], [ -46.780272, -23.465128999 ], [ -46.77696, -23.465060999 ], [ -46.772248, -23.458918999 ], [ -46.76984, -23.457984999 ], [ -46.769236, -23.458635999 ], [ -46.775021, -23.464967999 ] ] ] } },
{ "type": "Feature", "properties": { "codibge": "3552809", "municipio": "Taboão da Serra", "uf": "SP", "total_alertas": 1, "nivel_max": "moderado", "nivel_max_label": "Moderado", "tem_hidro": true, "tem_geo": false, "qtd_hidro": 1, "qtd_geo": 0, "tipos": "hidro", "cor": "#d6b52b", "severity_group": "moderado", "alertas": [ { "id": "2958", "municipio": "TABOÃO DA SERRA", "codibge": "3552809", "uf": "SP", "bacia": "", "tipo": "hidro", "tipo_raw": "Risco Hidrológico - Moderado", "nivel_raw": "Moderado", "severity_group": "moderado", "severity_rank": 1, "latitude": -23.620534000928, "longitude": -46.786370549481, "created_at": "2026-10-09 18:22:45.867", "updated_at": "2026-10-09 18:22:45.867" } ], "updated_at": "2026-10-10T02:38:32.301855+00:00" }, "geometry": { "type": "Polygon", "coordinates": [ [ [ -46.7573, -23.599782999 ], [ -46.751443, -23.601945999 ], [ -46.749202, -23.604442999 ], [ -46.751703, -23.606616999 ], [ -46.752467, -23.610513999 ], [ -46.760391, -23.614928999 ], [ -46.761002, -23.617416999 ], [ -46.769132999, -23.627157999 ], [ -46.776292, -23.630703999 ], [ -46.777438, -23.635134999 ], [ -46.784921, -23.638398999 ], [ -46.79256, -23.647147999 ], [ -46.821622, -23.635855999 ], [ -46.818574, -23.636326999 ], [ -46.816575, -23.635079999 ], [ -46.815656, -23.631910999 ], [ -46.809421198, -23.625944677 ], [ -46.812061086, -23.62401528 ], [ -46.809392, -23.618061999 ], [ -46.812708, -23.613374999 ], [ -46.809474192, -23.609305204 ], [ -46.79986, -23.607719999 ], [ -46.798234, -23.604792999 ], [ -46.79445, -23.606482999 ], [ -46.791413, -23.605266999 ], [ -46.789322, -23.606469999 ], [ -46.784259, -23.603650999 ], [ -46.780691, -23.604045999 ], [ -46.779168, -23.602196999 ], [ -46.775523, -23.603004999 ], [ -46.772914, -23.599858999 ], [ -46.768838, -23.600258999 ], [ -46.763622, -23.598299999 ], [ -46.760685, -23.594915999 ], [ -46.7573, -23.599782999 ] ] ] } },
{ "type": "Feature", "properties": { "codibge": "3136702", "municipio": "Juiz de Fora", "uf": "MG", "total_alertas": 1, "nivel_max": "moderado", "nivel_max_label": "Moderado", "tem_hidro": true, "tem_geo": false, "qtd_hidro": 1, "qtd_geo": 0, "tipos": "hidro", "cor": "#d6b52b", "severity_group": "moderado", "alertas": [ { "id": "2959", "municipio": "JUIZ DE FORA", "codibge": "3136702", "uf": "MG", "bacia": "", "tipo": "hidro", "tipo_raw": "Risco Hidrológico - Moderado", "nivel_raw": "Moderado", "severity_group": "moderado", "severity_rank": 1, "latitude": -21.745493419123, "longitude": -43.464736687699, "created_at": "2026-10-09 20:06:18.758", "updated_at": "2026-10-09 20:06:18.758" } ], "updated_at": "2026-10-10T02:38:32.302392+00:00" }, "geometry": { "type": "Polygon", "coordinates": [ [ [ -43.450453, -21.520558995 ], [ -43.449784, -21.523388995 ], [ -43.444604, -21.525240995 ], [ -43.439122, -21.524114995 ], [ -43.436679, -21.529765995 ], [ -43.438278, -21.534946995 ], [ -43.436539, -21.537399995 ], [ -43.426729, -21.540651995 ], [ -43.424813, -21.535942995 ], [ -43.419151, -21.530886995 ], [ -43.414617, -21.532032995 ], [ -43.410342, -21.537433995 ], [ -43.404432, -21.537595995 ], [ -43.40159, -21.536360995 ], [ -43.398709, -21.544137995 ], [ -43.396434, -21.543337995 ], [ -43.387801, -21.545700995 ], [ -43.388968, -21.551066995 ], [ -43.386946, -21.553634995 ], [ -43.386709, -21.557405995 ], [ -43.381930807, -21.558483959 ], [ -43.378805, -21.556397995 ], [ -43.376914, -21.557137995 ], [ -43.375073, -21.564233995 ], [ -43.371784, -21.566113995 ], [ -43.370777, -21.572369995 ], [ -43.366036, -21.579448995 ], [ -43.362462, -21.581156995 ], [ -43.361269, -21.586389995 ], [ -43.357693, -21.587773995 ], [ -43.363351, -21.594605995 ], [ -43.360516, -21.596886995 ], [ -43.360067, -21.599933995 ], [ -43.356122, -21.600136995 ], [ -43.357444, -21.603651995 ], [ -43.353814, -21.607658995 ], [ -43.354168, -21.612463995 ], [ -43.350052, -21.613781995 ], [ -43.347797, -21.617578995 ], [ -43.348735, -21.619335995 ], [ -43.352347, -21.618042995 ], [ -43.357577, -21.620378995 ], [ -43.359286, -21.626525995 ], [ -43.355251, -21.631613995 ], [ -43.355543, -21.636200995 ], [ -43.345212, -21.641115995 ], [ -43.342062, -21.640120995 ], [ -43.335246, -21.644419995 ], [ -43.334341, -21.647133995 ], [ -43.339267, -21.651092995 ], [ -43.339147, -21.652862995 ], [ -43.332747, -21.656080995 ], [ -43.328049, -21.656340995 ], [ -43.325256, -21.662414995 ], [ -43.321149, -21.662271995 ], [ -43.319701, -21.664009995 ], [ -43.318271, -21.662000995 ], [ -43.315296, -21.662981995 ], [ -43.311148, -21.660895995 ], [ -43.309494, -21.656690995 ], [ -43.306062, -21.656442995 ], [ -43.303623, -21.653549995 ], [ -43.301557, -21.653701995 ], [ -43.294857, -21.661367996 ], [ -43.292637, -21.666393995 ], [ -43.289578, -21.668432995 ], [ -43.289817, -21.672145995 ], [ -43.287302, -21.676229995 ], [ -43.279375, -21.679642995 ], [ -43.279131, -21.681620995 ], [ -43.281313, -21.684778995 ], [ -43.279225, -21.686551995 ], [ -43.273725, -21.685466994999988 ], [ -43.266377, -21.681210995 ], [ -43.258911, -21.681104995 ], [ -43.258656, -21.683840995 ], [ -43.261904, -21.684641995 ], [ -43.266117, -21.698235995 ], [ -43.264732, -21.701858995 ], [ -43.266382, -21.703235995 ], [ -43.263964, -21.707124995 ], [ -43.265125, -21.710375995 ], [ -43.259473, -21.715647995 ], [ -43.26199, -21.721576995 ], [ -43.261817, -21.730082995 ], [ -43.257504, -21.734053995 ], [ -43.259685, -21.736752995 ], [ -43.257514, -21.742525995 ], [ -43.262758, -21.743991995 ], [ -43.263229, -21.746358995 ], [ -43.25785, -21.754214995 ], [ -43.254661, -21.753730995 ], [ -43.253181, -21.751300995 ], [ -43.250072, -21.750333995 ], [ -43.242653, -21.750147995 ], [ -43.240499, -21.751837995 ], [ -43.239692, -21.758287995 ], [ -43.245944, -21.760780995 ], [ -43.246016, -21.766237995 ], [ -43.24895, -21.769116995 ], [ -43.246594, -21.769980995 ], [ -43.243021, -21.769115995 ], [ -43.230362, -21.761051995 ], [ -43.219936, -21.759890995 ], [ -43.215231, -21.756848995 ], [ -43.214472, -21.753451995 ], [ -43.211033, -21.752229995 ], [ -43.208788, -21.748067995 ], [ -43.200495, -21.747008995 ], [ -43.187587, -21.742863995 ], [ -43.185782, -21.744954995 ], [ -43.183307, -21.745295994999989 ], [ -43.184146, -21.749826995 ], [ -43.180685, -21.751253995 ], [ -43.178761, -21.754457995 ], [ -43.173261, -21.756209995 ], [ -43.169198, -21.761630995 ], [ -43.168611, -21.768469995 ], [ -43.170301, -21.771321995 ], [ -43.174115, -21.773531995 ], [ -43.173669, -21.775199995 ], [ -43.17579, -21.776015995 ], [ -43.174993, -21.778547995 ], [ -43.172477, -21.779514995 ], [ -43.172892, -21.783062995 ], [ -43.171187, -21.785954995 ], [ -43.176587, -21.785904995 ], [ -43.178304, -21.789227995 ], [ -43.177124, -21.793518995 ], [ -43.173448, -21.798122995 ], [ -43.168604, -21.796573995 ], [ -43.165436, -21.799622995 ], [ -43.165885, -21.800815995 ], [ -43.162194, -21.800776995 ], [ -43.163774, -21.805823995 ], [ -43.161994, -21.808567995 ], [ -43.155049, -21.807602995 ], [ -43.146725, -21.810758995 ], [ -43.148331, -21.811864995 ], [ -43.146932, -21.812469995 ], [ -43.152754, -21.817081995 ], [ -43.155155, -21.817425995 ], [ -43.156786, -21.827160995 ], [ -43.171488, -21.839207995 ], [ -43.174182, -21.845351995 ], [ -43.177777, -21.845597995 ], [ -43.178618, -21.848293995 ], [ -43.182510886, -21.851053913 ], [ -43.185887, -21.851598995 ], [ -43.188784, -21.854569996 ], [ -43.190322, -21.852437995 ], [ -43.193264, -21.852387995 ], [ -43.196166, -21.845926995 ], [ -43.201187, -21.841821995 ], [ -43.208998, -21.841228995 ], [ -43.211183, -21.846340995 ], [ -43.214458, -21.846553995 ], [ -43.216995737, -21.848883912 ], [ -43.220399, -21.845889995 ], [ -43.224202, -21.846006995 ], [ -43.224816, -21.853643995 ], [ -43.226928, -21.856837995 ], [ -43.233883, -21.858833995 ], [ -43.23698, -21.861753995 ], [ -43.241284, -21.857459995 ], [ -43.243541, -21.850553995 ], [ -43.248553, -21.848974995 ], [ -43.244717, -21.845709995 ], [ -43.242674, -21.834208995 ], [ -43.247461, -21.834192995 ], [ -43.251359, -21.828315995 ], [ -43.255597, -21.831058995 ], [ -43.256928, -21.830130995 ], [ -43.262119, -21.833100995 ], [ -43.266534, -21.833534995 ], [ -43.268915, -21.838407995 ], [ -43.273552, -21.838840995 ], [ -43.278421, -21.832902995 ], [ -43.276936, -21.829480995 ], [ -43.27744, -21.825831995 ], [ -43.281195, -21.822517995 ], [ -43.285381, -21.824532995 ], [ -43.289751, -21.823120995 ], [ -43.293959, -21.824558995 ], [ -43.296777233, -21.82332446 ], [ -43.299806, -21.819065995 ], [ -43.30507, -21.824503995 ], [ -43.308721, -21.825597995 ], [ -43.313913, -21.822865995 ], [ -43.322606719, -21.821414983 ], [ -43.328086016, -21.81385211 ], [ -43.332647118, -21.810157552 ], [ -43.341005104, -21.810726403 ], [ -43.343374634, -21.815731363 ], [ -43.347622912, -21.818926127 ], [ -43.351947, -21.818372995 ], [ -43.356126, -21.821228995 ], [ -43.366822, -21.822279995 ], [ -43.36622, -21.828110995 ], [ -43.371565, -21.824163995 ], [ -43.37569, -21.825934995 ], [ -43.374151, -21.829599995 ], [ -43.374825, -21.833440995 ], [ -43.382944, -21.833139995 ], [ -43.385521, -21.836821995 ], [ -43.384298, -21.841881995 ], [ -43.390709, -21.845719995 ], [ -43.390143, -21.851192995 ], [ -43.391653, -21.856425994999988 ], [ -43.393826, -21.858482995 ], [ -43.384695, -21.864488995 ], [ -43.384419, -21.878592995 ], [ -43.374294, -21.889011995 ], [ -43.375512, -21.892803995 ], [ -43.37457, -21.895959995 ], [ -43.384673, -21.892290995 ], [ -43.386143, -21.889468995 ], [ -43.39262, -21.886439995 ], [ -43.394272, -21.883120995 ], [ -43.39913, -21.882717995 ], [ -43.400746, -21.879663995 ], [ -43.404925, -21.877129995 ], [ -43.410421, -21.878305995 ], [ -43.410784, -21.881419995 ], [ -43.408376, -21.882111995 ], [ -43.409545, -21.888303995 ], [ -43.415177, -21.894014995 ], [ -43.418058, -21.893931995 ], [ -43.419077, -21.887741995 ], [ -43.426354, -21.884211995 ], [ -43.427331, -21.882002995 ], [ -43.424532, -21.876440995 ], [ -43.421051, -21.877472995 ], [ -43.416694, -21.876718995 ], [ -43.420127, -21.870978995 ], [ -43.418719, -21.866576995 ], [ -43.420485, -21.863810995 ], [ -43.419321, -21.861057995 ], [ -43.415742, -21.860034994999989 ], [ -43.413003, -21.861131995 ], [ -43.412281, -21.857776995 ], [ -43.416714, -21.854259995 ], [ -43.421505, -21.857965995 ], [ -43.428385, -21.856710995 ], [ -43.431821, -21.858772995 ], [ -43.436962, -21.856117995 ], [ -43.443246, -21.859076995 ], [ -43.445087855, -21.861173493 ], [ -43.441485639, -21.867423482 ], [ -43.441436029, -21.877077454 ], [ -43.454370577, -21.872667259 ], [ -43.460382785, -21.874338573 ], [ -43.460173, -21.877301995 ], [ -43.456125, -21.883137995 ], [ -43.456955, -21.887992995 ], [ -43.466167, -21.883481995 ], [ -43.470406, -21.887396995 ], [ -43.469808, -21.891000995 ], [ -43.474484, -21.891358995 ], [ -43.475976, -21.888361995 ], [ -43.475234348, -21.885356979 ], [ -43.477669767, -21.880615458 ], [ -43.48106443, -21.880358726 ], [ -43.485559428, -21.884079845 ], [ -43.490832, -21.880313995 ], [ -43.497808, -21.880705995 ], [ -43.499119, -21.882961995 ], [ -43.493255, -21.884560995 ], [ -43.491120726, -21.887778199 ], [ -43.495232975, -21.891709353 ], [ -43.494470935, -21.898942621 ], [ -43.496535298, -21.901369818 ], [ -43.495432247, -21.904924501 ], [ -43.493308907, -21.90541463 ], [ -43.493066455, -21.902895753 ], [ -43.491500336, -21.902536054 ], [ -43.487961, -21.906019995 ], [ -43.492668, -21.911604995 ], [ -43.495267, -21.912645995 ], [ -43.496114, -21.915200995 ], [ -43.494718, -21.919777995 ], [ -43.494854, -21.932691995 ], [ -43.490698, -21.934962995 ], [ -43.491246, -21.937810995 ], [ -43.494084422, -21.938812853 ], [ -43.496566, -21.937876995 ], [ -43.499621, -21.939558995 ], [ -43.5013, -21.945666995 ], [ -43.506356, -21.944364995 ], [ -43.510908, -21.948238995 ], [ -43.51213, -21.951010995 ], [ -43.517631, -21.952676995 ], [ -43.521049, -21.957379995 ], [ -43.529621, -21.958721995 ], [ -43.538149, -21.968782995 ], [ -43.542034, -21.968596995 ], [ -43.54474, -21.975508995 ], [ -43.54817, -21.976771995 ], [ -43.551413, -21.975975995 ], [ -43.559066, -21.982723995 ], [ -43.564137, -21.984583995 ], [ -43.565682, -21.988171995 ], [ -43.568284, -21.988031995 ], [ -43.571729, -21.992342995 ], [ -43.575749, -21.990590995 ], [ -43.579972, -21.995004995 ], [ -43.57989, -21.999146995 ], [ -43.585127, -21.998924996 ], [ -43.589628, -21.992569995 ], [ -43.587526, -21.987520995 ], [ -43.588374, -21.983815995 ], [ -43.592172, -21.982730995 ], [ -43.59546, -21.978275995 ], [ -43.590584, -21.974380995 ], [ -43.587797, -21.974601995 ], [ -43.585967, -21.970438995 ], [ -43.582798, -21.971200995 ], [ -43.577858, -21.964095995 ], [ -43.57639, -21.963762995 ], [ -43.579025, -21.959147995 ], [ -43.578526, -21.953694995 ], [ -43.584995, -21.948063995 ], [ -43.586027, -21.944703995 ], [ -43.59246, -21.940659995 ], [ -43.593786, -21.935285995 ], [ -43.597642, -21.932141995 ], [ -43.598224, -21.923857995 ], [ -43.603755, -21.919147995 ], [ -43.607312, -21.913679995 ], [ -43.608424, -21.905394995 ], [ -43.617569, -21.903509995 ], [ -43.628746, -21.909697995 ], [ -43.633284, -21.910313995 ], [ -43.634167, -21.907137995 ], [ -43.641471, -21.910821995 ], [ -43.651252, -21.905827995 ], [ -43.653267, -21.901476995 ], [ -43.650477, -21.898845995 ], [ -43.651518, -21.893736995 ], [ -43.647842, -21.892130995 ], [ -43.64507, -21.893203995 ], [ -43.63756, -21.891556995 ], [ -43.637168, -21.884677995 ], [ -43.638972, -21.878727995 ], [ -43.641496, -21.876745995 ], [ -43.640714, -21.872834995 ], [ -43.643088, -21.869967995 ], [ -43.645218, -21.868215995 ], [ -43.657416, -21.866082995 ], [ -43.657826, -21.860329995 ], [ -43.665456, -21.853244995 ], [ -43.662029, -21.845057995 ], [ -43.657148, -21.843925995 ], [ -43.652065, -21.840354995 ], [ -43.653019, -21.835520995 ], [ -43.651784, -21.833509995 ], [ -43.644556, -21.828870995 ], [ -43.640725, -21.829462995 ], [ -43.641207, -21.822237995 ], [ -43.640157, -21.820374995 ], [ -43.635102, -21.817562995 ], [ -43.633589, -21.819197995 ], [ -43.630816, -21.819270995 ], [ -43.62953, -21.815360995 ], [ -43.634254, -21.810419995 ], [ -43.634692, -21.806576995 ], [ -43.637408, -21.801913995 ], [ -43.637356, -21.800061995 ], [ -43.634705, -21.798695995 ], [ -43.634702, -21.796785995 ], [ -43.651839, -21.789596995 ], [ -43.653691, -21.784427995 ], [ -43.650642, -21.780025995 ], [ -43.652338, -21.777722995 ], [ -43.654834, -21.767077995 ], [ -43.658536, -21.763678995 ], [ -43.661565, -21.755770995 ], [ -43.66367, -21.754858995 ], [ -43.665212, -21.756535995 ], [ -43.666858, -21.754324995 ], [ -43.665079, -21.750829995 ], [ -43.667894, -21.750390996 ], [ -43.666333, -21.748658995 ], [ -43.666231, -21.745334995 ], [ -43.667901, -21.741865995 ], [ -43.665597, -21.741774995 ], [ -43.666755, -21.739748995 ], [ -43.668004, -21.740149995 ], [ -43.668994, -21.736526995 ], [ -43.667167, -21.735084995 ], [ -43.663062, -21.735783995 ], [ -43.661851, -21.733379994999989 ], [ -43.660237, -21.733281995 ], [ -43.660891, -21.731341995 ], [ -43.658356, -21.727433995 ], [ -43.660516, -21.725777995 ], [ -43.660114, -21.723077995 ], [ -43.664106, -21.725267995 ], [ -43.669197, -21.723695995 ], [ -43.669858, -21.722353995 ], [ -43.670841, -21.723183995 ], [ -43.675227, -21.716279995 ], [ -43.677443, -21.714185995 ], [ -43.679487, -21.714209995 ], [ -43.679838, -21.708625995 ], [ -43.678105, -21.706860995 ], [ -43.681626, -21.701737995 ], [ -43.678037, -21.698197995 ], [ -43.682889, -21.693198995 ], [ -43.681187, -21.691962995 ], [ -43.679239, -21.684619995 ], [ -43.671303, -21.674808995 ], [ -43.672204, -21.671957995 ], [ -43.67004, -21.670081995 ], [ -43.674689, -21.663669995 ], [ -43.679153, -21.664381995 ], [ -43.682553, -21.661561995 ], [ -43.685245, -21.661279995 ], [ -43.680255, -21.656764995 ], [ -43.680132, -21.653774995 ], [ -43.685934, -21.644082995 ], [ -43.684216, -21.643456995 ], [ -43.684209, -21.626726995 ], [ -43.682305, -21.624008995 ], [ -43.678045, -21.623823995 ], [ -43.678416, -21.619850995 ], [ -43.673535, -21.616151995 ], [ -43.673659, -21.612214995 ], [ -43.656781, -21.597090995 ], [ -43.646529, -21.602961995 ], [ -43.643214, -21.607633995 ], [ -43.639491, -21.607877995 ], [ -43.63589, -21.612599995 ], [ -43.628123, -21.614394995 ], [ -43.625427, -21.612178995 ], [ -43.624268, -21.614042995 ], [ -43.62102, -21.614099995 ], [ -43.618262, -21.619143995 ], [ -43.620433, -21.625909995 ], [ -43.619963, -21.628860995 ], [ -43.616862, -21.630939995 ], [ -43.61557, -21.637258995 ], [ -43.610794, -21.640332995 ], [ -43.608528, -21.640217995 ], [ -43.609964, -21.636705995 ], [ -43.606787, -21.635460995 ], [ -43.60527, -21.632001995 ], [ -43.601920462, -21.63291079 ], [ -43.600083, -21.631433995 ], [ -43.599291, -21.628898995 ], [ -43.601706, -21.626066995 ], [ -43.59792, -21.623217995 ], [ -43.598612, -21.617100995 ], [ -43.597329, -21.614663995 ], [ -43.592081, -21.614083995 ], [ -43.577405, -21.617556995 ], [ -43.574037, -21.616749995 ], [ -43.57219, -21.612361995 ], [ -43.566649, -21.616282995 ], [ -43.552657, -21.616030995 ], [ -43.544834, -21.620651995 ], [ -43.541733, -21.620636995 ], [ -43.537853, -21.610342995 ], [ -43.532373, -21.607692995 ], [ -43.529242, -21.602764995 ], [ -43.529802, -21.600020995 ], [ -43.527286, -21.591715995 ], [ -43.522989, -21.588052995 ], [ -43.517017525, -21.588650829 ], [ -43.513739, -21.585806995 ], [ -43.513626, -21.582240995 ], [ -43.515785, -21.578446995 ], [ -43.514042, -21.575437995 ], [ -43.514057, -21.566681995 ], [ -43.51118, -21.560151995 ], [ -43.503274, -21.560354995 ], [ -43.501131, -21.556647995 ], [ -43.49361, -21.555596995 ], [ -43.493074, -21.553149995 ], [ -43.496458, -21.550611995 ], [ -43.489695, -21.549065995 ], [ -43.490132, -21.547374995 ], [ -43.496986, -21.542377995 ], [ -43.496807, -21.539929995 ], [ -43.492443, -21.539320995 ], [ -43.490447, -21.537543995 ], [ -43.491375, -21.535621995 ], [ -43.496362, -21.534849995 ], [ -43.495973, -21.532355995 ], [ -43.493363, -21.530672995 ], [ -43.48834, -21.531363995 ], [ -43.485609, -21.534670995 ], [ -43.481715, -21.535059995 ], [ -43.479229, -21.538032995 ], [ -43.478234, -21.542403995 ], [ -43.475802, -21.542628995 ], [ -43.473808, -21.541655995 ], [ -43.472806, -21.539129995 ], [ -43.473976, -21.535815995 ], [ -43.472178, -21.534635995 ], [ -43.473153, -21.531620995 ], [ -43.471238, -21.527820995 ], [ -43.463523, -21.528506995 ], [ -43.460172, -21.525364995 ], [ -43.457506, -21.525221995 ], [ -43.455001, -21.521329995 ], [ -43.450453, -21.520558995 ] ] ] } }
]
}
