{
"type": "FeatureCollection",
"name": "cemaden_estados",
"crs": { "type": "name", "properties": { "name": "urn:ogc:def:crs:EPSG::4674" } },
"features": [
{ "type": "Feature", "properties": { "uf": "RS", "estado": "Rio Grande do Sul", "total_alertas": 1, "municipios_com_alerta": 1, "nivel_max": "moderado", "nivel_max_label": "Moderado", "qtd_hidro": 1, "qtd_geo": 0, "severity_group": "moderado", "cor": "#d6b52b", "municipios_lista": "SÃO LEOPOLDO - RS", "updated_at": "2026-09-26T17:57:14.858400+00:00" }, "geometry": { "type": "MultiPolygon", "coordinates": [ [ [ [ -52.104471349, -31.790906043 ], [ -52.094229025, -31.792858484 ], [ -52.094538756, -31.795750906 ], [ -52.10113155, -31.80102276 ], [ -52.106216969, -31.801760821 ], [ -52.108813697, -31.793476654 ], [ -52.111209797, -31.793513253 ], [ -52.110501913, -31.792097722 ], [ -52.108971329, -31.791556892 ], [ -52.108153668, -31.79282081 ], [ -52.104471349, -31.790906043 ] ] ], [ [ [ -56.321642501, -28.92330432 ], [ -56.303811648, -28.903032413 ], [ -56.300054078, -28.89556081200001 ], [ -56.298167707, -28.884444435 ], [ -56.297287138, -28.841420377 ], [ -56.301210668, -28.817045975 ], [ -56.299742369, -28.808113314 ], [ -56.289112695999989, -28.79372196700001 ], [ -56.270951493, -28.781925751 ], [ -56.260931114, -28.77900681 ], [ -56.22328233, -28.776837922 ], [ -56.210592306, -28.774653435 ], [ -56.194155539, -28.775197952 ], [ -56.188123895, -28.772280930999987 ], [ -56.182305173, -28.767000384 ], [ -56.160677459, -28.739651439 ], [ -56.151735143, -28.721774625 ], [ -56.14345356, -28.709131981 ], [ -56.119150943, -28.68124749 ], [ -56.082004881, -28.654199332 ], [ -56.056272232, -28.629203615 ], [ -56.047346027, -28.62408844 ], [ -56.037387257, -28.621898167 ], [ -56.017673986, -28.612943483 ], [ -56.003373274, -28.597798431 ], [ -56.001307527, -28.588132639 ], [ -56.002370917, -28.578298665 ], [ -56.007147566, -28.568992136 ], [ -56.020896819, -28.553196614 ], [ -56.024239449, -28.545734611 ], [ -56.025690045, -28.534793604 ], [ -56.023230077, -28.52276498 ], [ -56.018050001, -28.514192852 ], [ -56.011224108, -28.506893367 ], [ -56.001268056, -28.501599094 ], [ -55.988215182, -28.498115178 ], [ -55.960305214, -28.494790441 ], [ -55.949293608, -28.494592681 ], [ -55.93997572, -28.492023548999988 ], [ -55.928791316, -28.486352014 ], [ -55.907230871, -28.481572928 ], [ -55.884006045, -28.479163057 ], [ -55.881327822, -28.473504738 ], [ -55.882601649, -28.463838239 ], [ -55.889071268, -28.444784583 ], [ -55.900950381, -28.418754443 ], [ -55.903049485, -28.407644343 ], [ -55.900385866, -28.398346059 ], [ -55.890078775, -28.381191003 ], [ -55.884503215, -28.374799746 ], [ -55.878739289, -28.361847289 ], [ -55.871089162, -28.357262484 ], [ -55.859494785, -28.354864226 ], [ -55.85058491, -28.355389968 ], [ -55.821668342, -28.363588026 ], [ -55.809643145, -28.365744299 ], [ -55.756566743, -28.369431419 ], [ -55.746403792, -28.373226718 ], [ -55.734352473, -28.381209513 ], [ -55.728305919, -28.392480962 ], [ -55.719703485, -28.418679139 ], [ -55.713461388, -28.425755348 ], [ -55.704337022, -28.427556202 ], [ -55.695247523, -28.422966258 ], [ -55.690737755, -28.413295652 ], [ -55.690601553, -28.395995795 ], [ -55.688768903, -28.388156123 ], [ -55.67078075, -28.345687361 ], [ -55.669150492999989, -28.340760536 ], [ -55.670421342, -28.334391723 ], [ -55.680202351, -28.322226259 ], [ -55.701773127, -28.311191906 ], [ -55.732909804, -28.285975314 ], [ -55.743062824, -28.281454659 ], [ -55.75467718, -28.279845455 ], [ -55.773178582, -28.274240075 ], [ -55.780039651, -28.265155114 ], [ -55.782558681, -28.256057437 ], [ -55.778453067, -28.247665587 ], [ -55.771246057, -28.241454537 ], [ -55.749975655, -28.233737502 ], [ -55.733863447, -28.229310112 ], [ -55.704732495, -28.22429793 ], [ -55.692580045, -28.218790285 ], [ -55.662083288, -28.189242522999987 ], [ -55.65301678, -28.182101573 ], [ -55.634230877, -28.177838153 ], [ -55.628059132, -28.172347753 ], [ -55.622332041, -28.161028199 ], [ -55.619682417, -28.153549134 ], [ -55.622364667, -28.138449576 ], [ -55.620784914, -28.130981389 ], [ -55.610730306, -28.117455428 ], [ -55.604332, -28.115424251 ], [ -55.596271171, -28.115754632 ], [ -55.58694456700001, -28.119540009 ], [ -55.583406221, -28.125173091 ], [ -55.589096519, -28.141775687 ], [ -55.585339959, -28.147951514 ], [ -55.571228716, -28.15698636 ], [ -55.564164236, -28.163505422 ], [ -55.557546168, -28.164563831 ], [ -55.549333068, -28.155962885 ], [ -55.547595416, -28.136483216 ], [ -55.539829655, -28.122605054 ], [ -55.536342167, -28.118580479999988 ], [ -55.530581259, -28.115458729 ], [ -55.513242861, -28.114647762 ], [ -55.506705575, -28.102777197 ], [ -55.499406119, -28.081062798 ], [ -55.495518604, -28.076862094 ], [ -55.487878453, -28.076455062 ], [ -55.454537618, -28.095595993 ], [ -55.452460117, -28.097952609 ], [ -55.447922542, -28.097382194 ], [ -55.442556991, -28.094311131 ], [ -55.43954054, -28.087753432999985 ], [ -55.43054117, -28.076231506 ], [ -55.422174847, -28.062161107 ], [ -55.413967907999989, -28.054648918 ], [ -55.390508843, -28.045230669 ], [ -55.376349357, -28.034953943 ], [ -55.369395009, -28.027260536 ], [ -55.369044202, -28.019065837 ], [ -55.371528579, -28.014000797 ], [ -55.382463671, -28.000444311 ], [ -55.387182263, -27.989999767 ], [ -55.38718645, -27.986189609 ], [ -55.382275582, -27.979103798 ], [ -55.377152791, -27.976525735 ], [ -55.34706875, -27.972243723 ], [ -55.339989421, -27.966526115 ], [ -55.330306521, -27.931451353 ], [ -55.327282026, -27.926738015 ], [ -55.319258227, -27.921947881 ], [ -55.309370843, -27.922249825 ], [ -55.285800923, -27.93228426 ], [ -55.275278261, -27.933113011 ], [ -55.266461738, -27.929789546 ], [ -55.250121886, -27.914213632 ], [ -55.23226715, -27.884068666 ], [ -55.202682698, -27.857859196 ], [ -55.191393702, -27.855408241 ], [ -55.18045148, -27.857154686 ], [ -55.17156036, -27.861276038 ], [ -55.165733026, -27.866878409 ], [ -55.161748359, -27.874673583 ], [ -55.153434223, -27.882618492 ], [ -55.139312351, -27.895065439 ], [ -55.133124732, -27.896108774 ], [ -55.128206676, -27.8938884 ], [ -55.124006023, -27.881486355 ], [ -55.127261643, -27.864590013 ], [ -55.126276164, -27.859818426 ], [ -55.11383254, -27.848991256 ], [ -55.091060543, -27.843167771 ], [ -55.085309264, -27.843095745 ], [ -55.056839113, -27.849957436 ], [ -55.044431412, -27.855857284 ], [ -55.036383518, -27.85778033 ], [ -55.029832837, -27.854619669 ], [ -55.025582087, -27.848419186 ], [ -55.024414359, -27.842227635 ], [ -55.024694148, -27.835310983999989 ], [ -55.027627524, -27.830245766 ], [ -55.034267454, -27.824663811 ], [ -55.052874119, -27.816089036 ], [ -55.062191751, -27.810525127999988 ], [ -55.070289527, -27.803494367 ], [ -55.082710593, -27.796858318 ], [ -55.08420352, -27.79195546 ], [ -55.083868999, -27.784128448 ], [ -55.080224413, -27.778276914 ], [ -55.073080972, -27.773663192 ], [ -55.057912295, -27.768085829 ], [ -55.050913159, -27.768755106 ], [ -55.045111851, -27.772534166 ], [ -55.024312887, -27.794199786 ], [ -55.014204911, -27.79702778 ], [ -55.005778243, -27.796225467 ], [ -55.000266176, -27.792356573 ], [ -54.993042447, -27.775548674 ], [ -54.988766234, -27.772243665 ], [ -54.983647498, -27.770749687 ], [ -54.977662156, -27.770860047 ], [ -54.960949366, -27.778479959 ], [ -54.949424177, -27.779284551 ], [ -54.937407401, -27.770452225 ], [ -54.921456858, -27.745567723 ], [ -54.906638612, -27.729786941 ], [ -54.902486734999989, -27.715568627 ], [ -54.902198208, -27.702488685 ], [ -54.904447416, -27.690134855 ], [ -54.903763672, -27.682189652 ], [ -54.904981556, -27.656223967 ], [ -54.907135062, -27.647880513 ], [ -54.906595577, -27.641876416 ], [ -54.903167035, -27.63638769 ], [ -54.895248751, -27.629221437 ], [ -54.888505155, -27.626612098 ], [ -54.878858573, -27.62597869 ], [ -54.860764968, -27.629440671 ], [ -54.854629493, -27.62738159 ], [ -54.847722202, -27.621313062 ], [ -54.8397075, -27.605228318 ], [ -54.838747101, -27.59634682 ], [ -54.826553477, -27.554025652 ], [ -54.817144156, -27.53555959 ], [ -54.80978712200001, -27.530047424 ], [ -54.80261367, -27.530698015 ], [ -54.795186624, -27.534982851 ], [ -54.787718863, -27.570178079 ], [ -54.784552592, -27.578694334 ], [ -54.778127393, -27.58371665 ], [ -54.773071671, -27.585293377 ], [ -54.766308571, -27.584860464 ], [ -54.758725082, -27.581503464 ], [ -54.74486071, -27.562641352 ], [ -54.738526183, -27.560939031 ], [ -54.717234879, -27.564889955 ], [ -54.694244868, -27.572804898 ], [ -54.680856256, -27.574501411 ], [ -54.674761832, -27.571451858 ], [ -54.671664836, -27.566416709 ], [ -54.673872343, -27.548235845 ], [ -54.680115977, -27.526641025 ], [ -54.679432378, -27.512850833 ], [ -54.675475714, -27.505781268 ], [ -54.670937065, -27.504764676 ], [ -54.660078849, -27.508598155 ], [ -54.656741204, -27.513216947 ], [ -54.652010334, -27.531683821 ], [ -54.648025105, -27.540234371 ], [ -54.642401889, -27.544802878 ], [ -54.634082029, -27.546383536 ], [ -54.626897462, -27.54402224 ], [ -54.620743111, -27.538785676 ], [ -54.615792062, -27.532240961 ], [ -54.609540507, -27.510420479 ], [ -54.594950028, -27.487367241 ], [ -54.589394274, -27.458184476 ], [ -54.586183169, -27.455073598 ], [ -54.58097102, -27.45325741 ], [ -54.573351228, -27.453610099 ], [ -54.561366965, -27.462498859 ], [ -54.542411504, -27.486749818 ], [ -54.537127099, -27.502813253 ], [ -54.534416754, -27.505661795999988 ], [ -54.52492355, -27.506171577 ], [ -54.520919005, -27.503316505 ], [ -54.510309359, -27.485487697 ], [ -54.506197772, -27.482349089 ], [ -54.500599059, -27.480353244 ], [ -54.491816009, -27.479808207 ], [ -54.474007192, -27.481252309 ], [ -54.463067332, -27.479710234 ], [ -54.44950628, -27.475424523 ], [ -54.44579561, -27.472137252 ], [ -54.442632685, -27.464921855 ], [ -54.443991143, -27.459961663 ], [ -54.448004239, -27.455984132 ], [ -54.460366422, -27.448601617 ], [ -54.469924489, -27.438028155 ], [ -54.472056603, -27.434459501 ], [ -54.472025043, -27.430511029 ], [ -54.469925062, -27.425836751 ], [ -54.465811879, -27.423591772 ], [ -54.456645931, -27.422159655 ], [ -54.444846159, -27.425085188 ], [ -54.439119884, -27.424748647 ], [ -54.430426706, -27.419557991 ], [ -54.419436743, -27.40933633 ], [ -54.411404279, -27.405285992 ], [ -54.398758387, -27.411612999 ], [ -54.392338177, -27.418105215 ], [ -54.384516521, -27.428136587 ], [ -54.36976846, -27.452582859 ], [ -54.357214442, -27.464942676 ], [ -54.351550638, -27.467048412 ], [ -54.346123762, -27.466979575 ], [ -54.340389648, -27.463356013 ], [ -54.335066063, -27.45129463 ], [ -54.335138465999989, -27.446484106 ], [ -54.34037228, -27.431002428 ], [ -54.342832043, -27.412807139 ], [ -54.341542001, -27.404351697 ], [ -54.338904944, -27.403220792 ], [ -54.333480031, -27.40351143 ], [ -54.310641823, -27.42196232 ], [ -54.301484278, -27.433501736 ], [ -54.294224816, -27.445910098 ], [ -54.289048015, -27.448027889 ], [ -54.28295926, -27.447778233 ], [ -54.272022584, -27.441046888 ], [ -54.268293101, -27.436263614 ], [ -54.267807707, -27.431353748 ], [ -54.270661326, -27.418734251 ], [ -54.268515022, -27.415388571 ], [ -54.26751047, -27.404290443 ], [ -54.263973796, -27.39933335 ], [ -54.259844684, -27.396238149999988 ], [ -54.25357794, -27.394450623 ], [ -54.242602341, -27.392963711 ], [ -54.235352947, -27.393707022 ], [ -54.227956398, -27.392081571 ], [ -54.222291188, -27.389465775 ], [ -54.214436166, -27.381578109 ], [ -54.213029653, -27.375134293 ], [ -54.214092867, -27.365306731 ], [ -54.213311496, -27.351244418 ], [ -54.20862630300001, -27.335955927 ], [ -54.193339628, -27.308460199 ], [ -54.192282051, -27.300768276 ], [ -54.194197695, -27.292326215 ], [ -54.189043751, -27.271616883 ], [ -54.186557397, -27.264909316 ], [ -54.174188624, -27.254911066999988 ], [ -54.169491167, -27.253633915 ], [ -54.165485664, -27.254078274 ], [ -54.162089383, -27.256091218 ], [ -54.157328289, -27.263205732 ], [ -54.155365791, -27.2764842 ], [ -54.160174819, -27.287565707 ], [ -54.159942799, -27.291536829999984 ], [ -54.158776899, -27.294288893 ], [ -54.154895052, -27.296858521 ], [ -54.132764199, -27.301495352 ], [ -54.101046935, -27.303262958 ], [ -54.082359894, -27.298944049 ], [ -54.072278086, -27.290954459 ], [ -54.064784564, -27.275909333 ], [ -54.056401335, -27.265076579 ], [ -54.047242555, -27.259480904 ], [ -54.027776831, -27.254853686 ], [ -54.024389746, -27.25165431 ], [ -54.015909063, -27.233007389 ], [ -54.016485714, -27.216313241 ], [ -54.014980406, -27.208110409 ], [ -54.012266353, -27.202557677 ], [ -54.008017287, -27.198394644 ], [ -54.001065516, -27.196315244 ], [ -53.992129654, -27.195938 ], [ -53.984155051, -27.196205903 ], [ -53.972327156, -27.198933537 ], [ -53.963287249, -27.197740493 ], [ -53.9601656, -27.19533629 ], [ -53.955582909, -27.183717038 ], [ -53.955769928, -27.175614588 ], [ -53.960710671, -27.165109774 ], [ -53.959847352, -27.16013792 ], [ -53.953099684, -27.152939449 ], [ -53.946584532, -27.151259281 ], [ -53.933579989, -27.155862971 ], [ -53.929036565, -27.158967833 ], [ -53.916898483, -27.174752369 ], [ -53.910233804, -27.176294346 ], [ -53.901703894, -27.17386306 ], [ -53.897746914, -27.170331125 ], [ -53.888278641, -27.154491246 ], [ -53.883519926, -27.131863772 ], [ -53.875152119, -27.12587843 ], [ -53.869897593, -27.125197488 ], [ -53.864317237, -27.126247549 ], [ -53.861278247, -27.128481386 ], [ -53.847798555, -27.156505555 ], [ -53.841596529, -27.165611468 ], [ -53.82964314, -27.172627506 ], [ -53.819654856, -27.175653585 ], [ -53.814846647, -27.175889807 ], [ -53.809003363, -27.172759754 ], [ -53.777865591, -27.148145776 ], [ -53.773861599, -27.147468636 ], [ -53.770326441, -27.148667622 ], [ -53.765066101, -27.152496313 ], [ -53.762033314, -27.157123675 ], [ -53.757492898, -27.17305574 ], [ -53.751057927, -27.189023108 ], [ -53.749001451, -27.191218429 ], [ -53.745144964, -27.192502876 ], [ -53.735263555, -27.190790112 ], [ -53.727386403, -27.187771345 ], [ -53.716262455, -27.181649579 ], [ -53.700898992, -27.170009403 ], [ -53.686219066, -27.163601464 ], [ -53.675050393, -27.160682492 ], [ -53.6677923, -27.162019475 ], [ -53.661042796, -27.166454129 ], [ -53.650125794, -27.178822112 ], [ -53.647919121, -27.191308483999986 ], [ -53.650819233999989, -27.215507379 ], [ -53.647504927, -27.218900264 ], [ -53.642114886, -27.219805121 ], [ -53.63515278, -27.217413406 ], [ -53.630725811, -27.213378621 ], [ -53.624795883, -27.202497427 ], [ -53.62109042, -27.191242149 ], [ -53.61823194, -27.187336441999985 ], [ -53.611865201, -27.186047626 ], [ -53.59960691, -27.189356326 ], [ -53.591441793, -27.187472698 ], [ -53.571111927, -27.175662756 ], [ -53.561731155, -27.172414844 ], [ -53.554002867, -27.173177996 ], [ -53.54819364, -27.176061604 ], [ -53.542416907, -27.180798301 ], [ -53.530740602, -27.194546643 ], [ -53.518249024, -27.202177816 ], [ -53.507478913, -27.204212362 ], [ -53.493080632, -27.203478467 ], [ -53.490461881, -27.201041424 ], [ -53.488333037, -27.195447129 ], [ -53.488900731, -27.183504206 ], [ -53.491706905, -27.176691804 ], [ -53.501193872, -27.167513866 ], [ -53.505149615, -27.161450081 ], [ -53.508103966, -27.151467638 ], [ -53.508256244, -27.145765444 ], [ -53.507065566, -27.139403511 ], [ -53.504364211, -27.135641482 ], [ -53.499051432, -27.133354279 ], [ -53.491195513, -27.132325074 ], [ -53.482009716, -27.134954401999988 ], [ -53.475046683, -27.1403073 ], [ -53.465479423, -27.153859597 ], [ -53.457615767, -27.157151885 ], [ -53.449059417, -27.15492628 ], [ -53.431831789, -27.146228378 ], [ -53.417938256, -27.144444508 ], [ -53.411698519, -27.141384193 ], [ -53.403612824, -27.133115444 ], [ -53.400132243, -27.127575919 ], [ -53.394356215, -27.110560589 ], [ -53.387132973, -27.100647018 ], [ -53.38104061, -27.094114656 ], [ -53.373410477, -27.091175734 ], [ -53.369303213, -27.091494471 ], [ -53.364982358, -27.094347885 ], [ -53.353304679, -27.115380742 ], [ -53.348140789, -27.120022531 ], [ -53.337231721, -27.121457414 ], [ -53.321397243, -27.118379057 ], [ -53.312240809, -27.119687995 ], [ -53.299237325, -27.128700391 ], [ -53.294252215, -27.135552971 ], [ -53.292936913, -27.140808892 ], [ -53.295982899, -27.151537549 ], [ -53.302985696, -27.165466161 ], [ -53.309017258, -27.181610963 ], [ -53.320727027, -27.198238279 ], [ -53.322581758, -27.211504932 ], [ -53.320603577999989, -27.216243436 ], [ -53.315841658, -27.218845103 ], [ -53.310991599, -27.218728549 ], [ -53.307849242, -27.216541715 ], [ -53.301179292, -27.205264045 ], [ -53.293066983, -27.196919344 ], [ -53.262472894, -27.184741931 ], [ -53.241659196, -27.171635678 ], [ -53.232085703, -27.17111166 ], [ -53.197216361, -27.192652723 ], [ -53.19188912700001, -27.193121373 ], [ -53.185996559, -27.19159387 ], [ -53.181136734, -27.188267883 ], [ -53.177489563, -27.180837756 ], [ -53.174639489, -27.169116331 ], [ -53.172362176, -27.148020929 ], [ -53.169501754, -27.144185683 ], [ -53.162398916, -27.140697622 ], [ -53.154592862, -27.140616873 ], [ -53.15028471, -27.143782313 ], [ -53.14621733, -27.152247191 ], [ -53.140344705, -27.17441938 ], [ -53.138173523, -27.177445715 ], [ -53.132183098, -27.180228701 ], [ -53.126993169, -27.179368251 ], [ -53.107419731, -27.170286136 ], [ -53.077478755, -27.163115837 ], [ -53.072546276, -27.159031183 ], [ -53.069718049, -27.151554284 ], [ -53.071769783, -27.134548946 ], [ -53.079045287, -27.118473551 ], [ -53.07893909, -27.113708238 ], [ -53.076700005, -27.107844648 ], [ -53.070098334, -27.098494177 ], [ -53.059042269, -27.088245365 ], [ -53.048213504, -27.083650394 ], [ -53.029834091, -27.082574257 ], [ -53.02414655, -27.084613864 ], [ -53.020439412, -27.087522686 ], [ -53.017501459, -27.093872788 ], [ -53.017549218, -27.099007392 ], [ -53.021351427, -27.105790544 ], [ -53.041393865, -27.124905518 ], [ -53.045048838, -27.137331733 ], [ -53.042606083, -27.149851373 ], [ -53.037550132, -27.157747897 ], [ -53.029907396, -27.15950573 ], [ -53.026152578, -27.15862249 ], [ -53.019315844, -27.15381744 ], [ -53.008690254, -27.14043896 ], [ -53.003005661, -27.135614625 ], [ -52.99663328, -27.136093511 ], [ -52.991663623, -27.140966664 ], [ -52.983725652, -27.156502969 ], [ -52.982853273, -27.164994802 ], [ -52.985144558, -27.170488134 ], [ -53.000504315, -27.185152188 ], [ -53.002564374, -27.197622712 ], [ -52.999977246, -27.206700146 ], [ -52.995730401, -27.213167443 ], [ -52.991718973, -27.217653348 ], [ -52.984366303, -27.221472276 ], [ -52.977118933, -27.22087764 ], [ -52.969824748, -27.216218891 ], [ -52.968194151, -27.211102884 ], [ -52.967709924, -27.190374372 ], [ -52.966129713, -27.180704701 ], [ -52.961452833, -27.168609527 ], [ -52.956692261, -27.163257845 ], [ -52.95135481, -27.162840578 ], [ -52.946697866, -27.163986592 ], [ -52.942182418, -27.166421672 ], [ -52.938321468, -27.170805116 ], [ -52.936066933, -27.178036427 ], [ -52.937601195, -27.198354515 ], [ -52.935949514, -27.201553064 ], [ -52.929311443, -27.204076352 ], [ -52.918197333, -27.203196846 ], [ -52.903359635, -27.1990902 ], [ -52.896356121, -27.194765836 ], [ -52.885140613, -27.182668094 ], [ -52.877032828, -27.177399554 ], [ -52.859976908, -27.170427347 ], [ -52.852504848, -27.169927068 ], [ -52.847073759, -27.172110443 ], [ -52.843078503, -27.178525528 ], [ -52.846120665, -27.190688112 ], [ -52.84669161, -27.202333513 ], [ -52.845674813, -27.207446125 ], [ -52.84258156, -27.21021582 ], [ -52.83399143, -27.211292152 ], [ -52.818344848, -27.202824069 ], [ -52.807515266, -27.202372079 ], [ -52.774762599, -27.20752205 ], [ -52.763559701, -27.21123327 ], [ -52.759294443, -27.214202203 ], [ -52.757727228, -27.217205358 ], [ -52.757875705, -27.223847007 ], [ -52.763908202, -27.242962293 ], [ -52.7630003, -27.249187522 ], [ -52.757561304, -27.257491766 ], [ -52.7504813, -27.259956361 ], [ -52.743368627, -27.258247163 ], [ -52.739764857, -27.255242077 ], [ -52.734015075, -27.242653359 ], [ -52.730313892, -27.238083711 ], [ -52.723691523, -27.235143798 ], [ -52.716236038, -27.236045627 ], [ -52.712288226, -27.240003437 ], [ -52.706310603, -27.256119421 ], [ -52.707260095, -27.272193201 ], [ -52.706086583, -27.275748198 ], [ -52.700077388, -27.282070183 ], [ -52.691956141, -27.284547992 ], [ -52.686136494, -27.281304659 ], [ -52.680989809, -27.274051428 ], [ -52.677437875, -27.262826275 ], [ -52.6767383, -27.246608811 ], [ -52.672026494, -27.240521621 ], [ -52.667575568, -27.237849514 ], [ -52.662631854, -27.237089712 ], [ -52.657457413, -27.239534522 ], [ -52.649943254, -27.250427081 ], [ -52.646195631, -27.260612144 ], [ -52.642360117, -27.262940432 ], [ -52.633219838, -27.265480522 ], [ -52.617889442, -27.265705869 ], [ -52.611284896, -27.264069391 ], [ -52.605362632, -27.261091305 ], [ -52.59357078, -27.250288714 ], [ -52.587499438, -27.246890139 ], [ -52.563600081, -27.248916086 ], [ -52.559056982, -27.246257109 ], [ -52.552887336, -27.239282692 ], [ -52.549813083, -27.238337623 ], [ -52.543860205, -27.241084707 ], [ -52.538107898, -27.257199321 ], [ -52.534644288, -27.261035546 ], [ -52.529147057, -27.262686317 ], [ -52.510659431, -27.263733803 ], [ -52.493018295, -27.267153294 ], [ -52.483207594, -27.267205307 ], [ -52.479303082, -27.265937753 ], [ -52.476392421, -27.260578151 ], [ -52.481566922, -27.246627547 ], [ -52.481621415, -27.240788026 ], [ -52.479814908, -27.235542765 ], [ -52.475406643, -27.232696671 ], [ -52.462452103, -27.229209576 ], [ -52.446210136, -27.217411952 ], [ -52.43526805, -27.216662467 ], [ -52.431482418, -27.219063438 ], [ -52.430164866, -27.223724962 ], [ -52.437875531, -27.23775488 ], [ -52.441739959, -27.248985049 ], [ -52.441993479, -27.25822037 ], [ -52.439085315, -27.264404863 ], [ -52.415608855, -27.28525814 ], [ -52.403597101, -27.291534294 ], [ -52.398060505, -27.292575994 ], [ -52.395376154, -27.290671933 ], [ -52.393659157, -27.285146332 ], [ -52.39974184, -27.26326501 ], [ -52.399690365, -27.256569621 ], [ -52.396023587, -27.252682899 ], [ -52.392952176, -27.251438792 ], [ -52.385771819, -27.253515506 ], [ -52.382132556, -27.257565542 ], [ -52.381138724, -27.260817972 ], [ -52.383327488, -27.281290603 ], [ -52.381498224, -27.294671789 ], [ -52.378503363, -27.302683778 ], [ -52.374962889, -27.305089576 ], [ -52.367480356, -27.304519512 ], [ -52.361060309, -27.299499177 ], [ -52.355386997, -27.291212893 ], [ -52.350225308, -27.28824325 ], [ -52.34525937, -27.288277662 ], [ -52.340287388, -27.291059373 ], [ -52.329137474, -27.302164867 ], [ -52.313084265, -27.309265749 ], [ -52.304862169, -27.318053448 ], [ -52.299774541, -27.319075856 ], [ -52.296492711, -27.318090947 ], [ -52.29210935, -27.314282888 ], [ -52.291046281, -27.306833539 ], [ -52.304702521, -27.276692321 ], [ -52.306251646, -27.267955358 ], [ -52.30467073, -27.262630369 ], [ -52.298766203, -27.257507082 ], [ -52.29395665, -27.25665087 ], [ -52.27825454, -27.261180821 ], [ -52.27251874, -27.260588961 ], [ -52.26031882800001, -27.256565891 ], [ -52.254543541, -27.256358984 ], [ -52.236978573, -27.263067514 ], [ -52.234207781, -27.265925888 ], [ -52.234607094, -27.270622314 ], [ -52.236856617, -27.273769225 ], [ -52.241772545, -27.276065528 ], [ -52.259760341, -27.278937889 ], [ -52.267991127, -27.283248642 ], [ -52.277895251, -27.294922406 ], [ -52.277719297, -27.300224323 ], [ -52.272978724, -27.304384974 ], [ -52.250533267, -27.302143138 ], [ -52.241137315, -27.304270853 ], [ -52.233733503, -27.312583617 ], [ -52.22837767, -27.327411443 ], [ -52.225738185, -27.330135873 ], [ -52.221138521, -27.331996469 ], [ -52.213396973, -27.331947696 ], [ -52.205626135, -27.327386439 ], [ -52.188988676, -27.287957594 ], [ -52.17873006, -27.275441658 ], [ -52.173783848, -27.272046916 ], [ -52.168334362, -27.270915124 ], [ -52.161949523, -27.274880055 ], [ -52.159305459, -27.281563567 ], [ -52.168364255, -27.305581356 ], [ -52.168005242, -27.312270807 ], [ -52.161289203, -27.314287756999988 ], [ -52.141934485, -27.306038326 ], [ -52.126328501, -27.302523454 ], [ -52.121738992, -27.302551822 ], [ -52.114331127, -27.30501918 ], [ -52.107654626, -27.309701833 ], [ -52.105406641, -27.315849217 ], [ -52.10574099, -27.322809871 ], [ -52.11081376, -27.333236796 ], [ -52.110732281, -27.337246933 ], [ -52.107370945, -27.343141442 ], [ -52.100829964, -27.347684336 ], [ -52.093761842, -27.348068561 ], [ -52.082194036, -27.340173575 ], [ -52.074093206, -27.338353208 ], [ -52.066057067, -27.339536589 ], [ -52.050327734, -27.346096539 ], [ -52.044751551, -27.346553447 ], [ -52.038369653, -27.344203387 ], [ -52.019851754, -27.331946148 ], [ -52.015004661, -27.330895607 ], [ -52.009288132, -27.332575198 ], [ -52.007376472, -27.335752778 ], [ -52.008381, -27.34322595 ], [ -52.01083203000001, -27.346605353 ], [ -52.020689952, -27.352499781 ], [ -52.023216864, -27.355880234 ], [ -52.022889632, -27.362154319 ], [ -52.020299283999989, -27.365110199 ], [ -52.006447435, -27.37462568 ], [ -51.99670825, -27.378228869 ], [ -51.99043523, -27.377924399 ], [ -51.975169195, -27.372432477 ], [ -51.965081478, -27.373595714 ], [ -51.952086668, -27.380247126 ], [ -51.949408641, -27.384434439 ], [ -51.948607118, -27.389631788 ], [ -51.950629889, -27.39451036 ], [ -51.95391197, -27.395369096 ], [ -51.978697486, -27.388904226 ], [ -51.990942671, -27.389092468 ], [ -51.998063074, -27.390702873 ], [ -52.006574691, -27.395030133 ], [ -52.008608059, -27.398783565 ], [ -52.007796754, -27.403897152 ], [ -52.00497027, -27.407017431 ], [ -51.999582278, -27.409739032 ], [ -51.971861994, -27.410367608 ], [ -51.960825329, -27.412563563 ], [ -51.951299157, -27.417306153 ], [ -51.935776899, -27.42874909 ], [ -51.933492211, -27.433215508 ], [ -51.933548386, -27.438132493 ], [ -51.93921836, -27.446027559 ], [ -51.950227168, -27.455407557 ], [ -51.963794231, -27.463136022 ], [ -51.963175758, -27.469928511 ], [ -51.958281455, -27.474362881 ], [ -51.950822153, -27.475325011 ], [ -51.944994588, -27.47309155 ], [ -51.918384506, -27.458434431 ], [ -51.907512202, -27.458231874 ], [ -51.902496487, -27.461103032 ], [ -51.90048672, -27.464060402 ], [ -51.899901777, -27.469865809 ], [ -51.902545838, -27.491377841 ], [ -51.902044841, -27.497181817 ], [ -51.894790349, -27.51702122 ], [ -51.890789898, -27.520318131 ], [ -51.88058955, -27.520956909 ], [ -51.875354328, -27.517952514 ], [ -51.873913385, -27.511499263 ], [ -51.879985602, -27.495682125 ], [ -51.879713745, -27.487408442 ], [ -51.874039703, -27.47979361 ], [ -51.863069302, -27.475240433 ], [ -51.857660716, -27.47515404 ], [ -51.850532841, -27.477002517 ], [ -51.846326716, -27.479344911 ], [ -51.843627017, -27.483135867 ], [ -51.843408701, -27.488712468 ], [ -51.845884012, -27.497824307 ], [ -51.855129205, -27.51545029 ], [ -51.854999578, -27.51956062 ], [ -51.851488327, -27.524612996 ], [ -51.847009738, -27.526076211 ], [ -51.842250973, -27.524936361 ], [ -51.837070837, -27.522232975 ], [ -51.828384917, -27.513271055 ], [ -51.821785808, -27.512789197 ], [ -51.816826954, -27.515120755 ], [ -51.804172832, -27.527259818 ], [ -51.793032878, -27.531204394 ], [ -51.788687978, -27.53038459 ], [ -51.785699017, -27.528215209 ], [ -51.785235147, -27.521009076999988 ], [ -51.787959327, -27.514853407 ], [ -51.798433695, -27.509431762 ], [ -51.801699419, -27.5038119 ], [ -51.801788126, -27.493962566 ], [ -51.799489176, -27.490875418 ], [ -51.796905848, -27.489967687 ], [ -51.782597751, -27.491392112 ], [ -51.759679956, -27.486756339 ], [ -51.75352778, -27.487197442 ], [ -51.74682461, -27.491913286 ], [ -51.738024003, -27.504152638 ], [ -51.730389204, -27.511501993 ], [ -51.726474511, -27.513267744 ], [ -51.720360431, -27.513506362 ], [ -51.716682741, -27.51034006 ], [ -51.710531529, -27.489374763 ], [ -51.706303885, -27.483740208 ], [ -51.699649839, -27.47906421 ], [ -51.692167853, -27.478216924 ], [ -51.686561189, -27.479011724 ], [ -51.677552861, -27.483185741 ], [ -51.673247815, -27.488045668 ], [ -51.673581861, -27.496119857 ], [ -51.677577991, -27.502980577 ], [ -51.675575525, -27.508284061 ], [ -51.664717917, -27.517266664 ], [ -51.655590066, -27.519804902 ], [ -51.651165243, -27.519517213 ], [ -51.647432697, -27.516331884 ], [ -51.646296935, -27.510149453 ], [ -51.64690452, -27.500857873 ], [ -51.643642635, -27.492556359 ], [ -51.637203964, -27.488811836 ], [ -51.630409521, -27.489141496 ], [ -51.621615604, -27.494645039 ], [ -51.619493514, -27.500282365 ], [ -51.631943493, -27.532676506 ], [ -51.631892567, -27.539304621 ], [ -51.627882476, -27.54445655 ], [ -51.623493492, -27.546064452 ], [ -51.614983737, -27.545389061 ], [ -51.608328085, -27.541371499 ], [ -51.600746488, -27.530164441 ], [ -51.593921029, -27.524405592 ], [ -51.586609683, -27.522198188 ], [ -51.579971224, -27.523617569 ], [ -51.578316468, -27.526103546 ], [ -51.57781714, -27.531905395 ], [ -51.580493126, -27.544945749 ], [ -51.586722225, -27.56026798 ], [ -51.587382786, -27.565626787 ], [ -51.585635465, -27.569605617 ], [ -51.577889655, -27.577435789 ], [ -51.571709289, -27.58262411 ], [ -51.567127512, -27.584329257 ], [ -51.561872376, -27.583595147 ], [ -51.558890339, -27.581068548 ], [ -51.555981018, -27.573524908 ], [ -51.554876048, -27.563991723 ], [ -51.551754687, -27.560456854 ], [ -51.547738412, -27.559078689 ], [ -51.536605963, -27.562570261 ], [ -51.532975542, -27.562579174 ], [ -51.513074306, -27.556592252 ], [ -51.504314131, -27.555991706 ], [ -51.492815907, -27.558335413 ], [ -51.485232265, -27.561852314 ], [ -51.482018126, -27.564691965 ], [ -51.477380572, -27.57258584 ], [ -51.476636164, -27.579422519 ], [ -51.477829869, -27.592005144 ], [ -51.476764254, -27.598774604 ], [ -51.471930185, -27.602912556 ], [ -51.462328135, -27.604583677 ], [ -51.457684021, -27.607113633 ], [ -51.444230361, -27.619787563 ], [ -51.436606204, -27.629849706 ], [ -51.435717561, -27.634325665 ], [ -51.438000774, -27.647327246 ], [ -51.435204272, -27.654398683 ], [ -51.427281293, -27.656194799 ], [ -51.419153504, -27.654638585 ], [ -51.412647715, -27.648961835 ], [ -51.409100635, -27.637705221 ], [ -51.405290831, -27.631861019 ], [ -51.389246363, -27.623814351 ], [ -51.382758913, -27.624571585 ], [ -51.370108904, -27.636671198 ], [ -51.371065633, -27.644702489 ], [ -51.377934465, -27.660023871 ], [ -51.373466401, -27.668986895 ], [ -51.361562232, -27.678087518 ], [ -51.354790813, -27.680015061 ], [ -51.349694441, -27.679929076 ], [ -51.340124735, -27.674158005 ], [ -51.330870247999989, -27.6709395 ], [ -51.319267138, -27.672848377 ], [ -51.315106044, -27.675070067 ], [ -51.313393779, -27.678758 ], [ -51.312645398, -27.693269746 ], [ -51.308327172, -27.698661155 ], [ -51.303238679, -27.700721632 ], [ -51.302000744, -27.702559504 ], [ -51.309626535, -27.711909603 ], [ -51.310035868, -27.718089438 ], [ -51.302450768999989, -27.723058565 ], [ -51.293693523, -27.725487719 ], [ -51.282500487, -27.722985132 ], [ -51.276128043, -27.724024212 ], [ -51.272859921, -27.729695673 ], [ -51.274772164, -27.742436047 ], [ -51.274099831, -27.749913218 ], [ -51.270482764, -27.752307276 ], [ -51.256782403, -27.75442774 ], [ -51.246862624, -27.759633835 ], [ -51.245547449, -27.761448489 ], [ -51.245598673, -27.770272695 ], [ -51.241198263, -27.778312874 ], [ -51.236302912, -27.779768852 ], [ -51.233761611, -27.779044722 ], [ -51.226253697, -27.771184141999989 ], [ -51.222313435, -27.769821837 ], [ -51.218141989, -27.770688467 ], [ -51.209376609, -27.777470029 ], [ -51.191282303, -27.77615071 ], [ -51.186638935, -27.778497308 ], [ -51.157791785, -27.802889202 ], [ -51.150280457, -27.804059915 ], [ -51.134606457, -27.803657081 ], [ -51.132292291, -27.807372136 ], [ -51.129305042, -27.822892922 ], [ -51.131557767, -27.828521144 ], [ -51.128923216, -27.832047645 ], [ -51.121039634, -27.832574632999989 ], [ -51.108597715, -27.828397986 ], [ -51.098271704, -27.827417616 ], [ -51.089525247, -27.829761614 ], [ -51.082229897, -27.833926447 ], [ -51.076564274, -27.84184537 ], [ -51.079513993, -27.855849667 ], [ -51.078593821, -27.861597745 ], [ -51.072161241, -27.864511613 ], [ -51.057138253, -27.866028133 ], [ -51.052990768, -27.869787962 ], [ -51.058278797, -27.896838676 ], [ -51.055966231, -27.903670433 ], [ -51.050979391, -27.90765947 ], [ -51.01990845, -27.922487524 ], [ -51.01645798, -27.925508393 ], [ -51.016272588, -27.933285532999989 ], [ -51.020788873, -27.942284814 ], [ -51.021400695, -27.951269887 ], [ -51.018955721, -27.957048033999989 ], [ -51.011206708, -27.962954 ], [ -51.006825187, -27.965221747 ], [ -51.002257967, -27.964212955 ], [ -50.993628817, -27.946006925 ], [ -50.990430855, -27.942777768 ], [ -50.984254224, -27.9403043 ], [ -50.980309766, -27.942647373 ], [ -50.976927, -27.951968026 ], [ -50.97357766, -27.954459315 ], [ -50.958697461, -27.960039408 ], [ -50.947043715, -27.96724248 ], [ -50.940283326, -27.968667043 ], [ -50.930854612, -27.967591614 ], [ -50.92568144, -27.969388832 ], [ -50.923968158, -27.97165455 ], [ -50.923233562, -27.979605935 ], [ -50.927871168, -27.990582458 ], [ -50.926328329, -27.994540134 ], [ -50.92281658, -27.997028163 ], [ -50.920601381, -28.000624958 ], [ -50.923972651, -28.008662123 ], [ -50.923238425, -28.011987779 ], [ -50.907998037, -28.014854693 ], [ -50.892336125, -28.021156032 ], [ -50.887968305, -28.024617428 ], [ -50.875399551, -28.040199877 ], [ -50.875428858, -28.054423335 ], [ -50.881387371, -28.067256426 ], [ -50.887478586, -28.072585006 ], [ -50.898481382, -28.075515988 ], [ -50.903267262, -28.08269378 ], [ -50.903936348, -28.085844421 ], [ -50.902932799, -28.08847153 ], [ -50.899359859, -28.089655606 ], [ -50.884353423, -28.089698582 ], [ -50.875918797, -28.095075428 ], [ -50.870059989, -28.105944777 ], [ -50.868792612, -28.111452045 ], [ -50.8691838, -28.116421491 ], [ -50.874998158, -28.128576976 ], [ -50.874770984, -28.132458864 ], [ -50.871968515, -28.137420043 ], [ -50.865520362, -28.140781648 ], [ -50.858991033, -28.139705536 ], [ -50.836757747, -28.119400022 ], [ -50.83240043, -28.117508189 ], [ -50.82846945, -28.118544403 ], [ -50.825937147, -28.121712725 ], [ -50.822915365, -28.136457839 ], [ -50.819835575, -28.140448461 ], [ -50.813786783, -28.141560175 ], [ -50.794076081999989, -28.138640425 ], [ -50.786105093, -28.141724736999986 ], [ -50.784658946, -28.146527545 ], [ -50.786801214, -28.150561764 ], [ -50.791303087, -28.154026391 ], [ -50.792707659, -28.157846822 ], [ -50.790508998, -28.166391527999988 ], [ -50.782815956, -28.17598304 ], [ -50.78409664, -28.181901884 ], [ -50.789189249, -28.189189136 ], [ -50.788822068, -28.198335047 ], [ -50.783952856, -28.200840576 ], [ -50.777499224, -28.200047871 ], [ -50.772126646, -28.196045263 ], [ -50.768201458999989, -28.188962837 ], [ -50.764395076, -28.189232712999988 ], [ -50.76148539, -28.193141038 ], [ -50.759976217, -28.207096074 ], [ -50.75645437, -28.214519212 ], [ -50.752975804, -28.232083461 ], [ -50.753345242, -28.245684445 ], [ -50.74994877, -28.248210306 ], [ -50.739336269, -28.251060946999988 ], [ -50.730308125, -28.257053632 ], [ -50.715810968, -28.26264144 ], [ -50.710740602, -28.266516666 ], [ -50.705415352, -28.267362767 ], [ -50.699322971, -28.266256765 ], [ -50.696597337, -28.267841164 ], [ -50.694173027, -28.277444842 ], [ -50.696453802, -28.284959375999989 ], [ -50.69522398, -28.288519454 ], [ -50.67764014, -28.300006793 ], [ -50.664907681, -28.312796227 ], [ -50.65880221, -28.32349544 ], [ -50.6585771, -28.325779758 ], [ -50.66418753, -28.333085166 ], [ -50.665230633, -28.337924597 ], [ -50.651674766, -28.343457392 ], [ -50.628450345, -28.364596105999983 ], [ -50.62844772, -28.367743315 ], [ -50.632415248, -28.374538622 ], [ -50.63329017, -28.378916038 ], [ -50.624951476, -28.392588311 ], [ -50.611559274, -28.393266634 ], [ -50.604587363, -28.388142375 ], [ -50.600905249, -28.382160608 ], [ -50.598070688, -28.381111238 ], [ -50.592266945, -28.381945854 ], [ -50.576540792, -28.394259822 ], [ -50.569712243, -28.402626079 ], [ -50.568738151, -28.408766952 ], [ -50.564433581, -28.414120333 ], [ -50.559268921, -28.417397204 ], [ -50.549826573, -28.420503646 ], [ -50.54423833, -28.427502121 ], [ -50.537001531, -28.429722637 ], [ -50.53090445, -28.428605986 ], [ -50.528593572, -28.42621479 ], [ -50.528887484, -28.417182393 ], [ -50.531593952, -28.407810638 ], [ -50.531253636, -28.406085623 ], [ -50.527496605, -28.403894623 ], [ -50.52272933, -28.403248832 ], [ -50.512726636, -28.404924531 ], [ -50.501084062, -28.412537476 ], [ -50.498516978, -28.413064082 ], [ -50.489222064, -28.412488445 ], [ -50.470440384, -28.414902212 ], [ -50.456857291, -28.410651360999989 ], [ -50.448143681, -28.422871057 ], [ -50.435909522, -28.430995769 ], [ -50.428780565, -28.433541038 ], [ -50.416333473, -28.432642603 ], [ -50.406693101, -28.434398954 ], [ -50.395170966, -28.433157353 ], [ -50.392465388, -28.435808738 ], [ -50.390380415, -28.443006816 ], [ -50.381982147, -28.446989278 ], [ -50.378900662, -28.446235273 ], [ -50.376837204, -28.443673809 ], [ -50.376400731, -28.433099712 ], [ -50.370346143, -28.422759338 ], [ -50.364411958, -28.419969112 ], [ -50.359994131, -28.41983949 ], [ -50.350979204, -28.42485313 ], [ -50.347604427, -28.431835511 ], [ -50.352010383, -28.449177607 ], [ -50.352145791, -28.456391015 ], [ -50.349959535, -28.460611172 ], [ -50.345846508, -28.463554464 ], [ -50.339888523, -28.461611914 ], [ -50.336945114, -28.45742107 ], [ -50.337725345, -28.448231156999984 ], [ -50.340446941, -28.440965773 ], [ -50.337067217, -28.43747061 ], [ -50.329618342, -28.434230477 ], [ -50.32317475, -28.433878826 ], [ -50.313560522, -28.438006731 ], [ -50.303889936, -28.437901039 ], [ -50.299882917, -28.440803568 ], [ -50.292846899, -28.451033648 ], [ -50.272913345, -28.457071904 ], [ -50.259062785, -28.450513423 ], [ -50.251113388, -28.449178479 ], [ -50.25082259, -28.446832422 ], [ -50.256687537, -28.445590087 ], [ -50.262267502, -28.446233381 ], [ -50.264451571, -28.443528848 ], [ -50.246800233, -28.428270518 ], [ -50.242220089, -28.432458599 ], [ -50.241560806, -28.439363023 ], [ -50.23865877, -28.444967964 ], [ -50.235708624, -28.457029092 ], [ -50.222648681, -28.463272126 ], [ -50.219634681, -28.462859511 ], [ -50.21584429, -28.460316609 ], [ -50.207680688, -28.451486372 ], [ -50.205612747, -28.44551027 ], [ -50.20323731, -28.443588348 ], [ -50.199086348, -28.444833795 ], [ -50.188311077, -28.453490604 ], [ -50.178007407, -28.452253388 ], [ -50.169780791, -28.462614969 ], [ -50.163522848, -28.475057814 ], [ -50.162014629, -28.48138513 ], [ -50.162622968, -28.49532086 ], [ -50.156344786, -28.497913838 ], [ -50.146425672, -28.495544031 ], [ -50.140463286, -28.495682304 ], [ -50.139256794, -28.493953383 ], [ -50.142582457, -28.488435602 ], [ -50.145572523, -28.477567214 ], [ -50.159151659, -28.464702899 ], [ -50.16052667, -28.459519237 ], [ -50.156469384, -28.458107066 ], [ -50.148262357, -28.460927532 ], [ -50.146607875, -28.457232882 ], [ -50.147278066, -28.449526527 ], [ -50.146277861, -28.44799275 ], [ -50.13796103, -28.442664215 ], [ -50.126933693, -28.43972975 ], [ -50.126567919, -28.436879437 ], [ -50.130351503, -28.430944032 ], [ -50.128311274, -28.428908121 ], [ -50.125912342, -28.429219483 ], [ -50.115791706, -28.437093033999989 ], [ -50.112302, -28.441010713 ], [ -50.111357603, -28.444470462 ], [ -50.114920616, -28.453806965 ], [ -50.126838513, -28.463371883 ], [ -50.126186792, -28.474528138 ], [ -50.123282785, -28.47636033 ], [ -50.111777379, -28.473164313 ], [ -50.106915415, -28.473351279 ], [ -50.104794984, -28.475730687 ], [ -50.100995481, -28.48633209 ], [ -50.097177085, -28.484380352 ], [ -50.090941832, -28.475610748 ], [ -50.086337928, -28.472685204 ], [ -50.081988128, -28.473354731 ], [ -50.07281841, -28.480807236 ], [ -50.07064068, -28.480645818 ], [ -50.065608517, -28.476857747 ], [ -50.057931559, -28.475821506 ], [ -50.051379985, -28.476089732 ], [ -50.042216854, -28.479943116 ], [ -50.038596687, -28.479713011 ], [ -50.025823183999989, -28.473083365 ], [ -50.023918514, -28.459364413 ], [ -50.01900421, -28.451419705 ], [ -50.013876365, -28.450775512 ], [ -50.002452164, -28.458032991 ], [ -49.994868221, -28.456590106 ], [ -49.989393051, -28.457154651 ], [ -49.986356777, -28.454752744 ], [ -49.989520109, -28.448217008 ], [ -49.988639552, -28.445252841 ], [ -49.980983363999989, -28.44064182 ], [ -49.975354774, -28.43904695 ], [ -49.970772884, -28.440210696 ], [ -49.969375832, -28.452517646 ], [ -49.967225932, -28.455912728 ], [ -49.959125459, -28.449902821 ], [ -49.955748285, -28.449053791 ], [ -49.952505373, -28.45033676 ], [ -49.951351389, -28.466930598 ], [ -49.94726016, -28.474441344 ], [ -49.946413136, -28.480877956 ], [ -49.94439284, -28.482741188 ], [ -49.942324529, -28.482434439 ], [ -49.936448753, -28.476680254 ], [ -49.928443651, -28.471409562 ], [ -49.929820337, -28.465460031 ], [ -49.938546663, -28.458624217 ], [ -49.928513776, -28.451223535 ], [ -49.924184876, -28.452232217999988 ], [ -49.91694834, -28.459233581 ], [ -49.908441058, -28.461769118 ], [ -49.905469848, -28.464299778 ], [ -49.901649064, -28.464842244 ], [ -49.892886063, -28.463009185 ], [ -49.888845743, -28.459420328 ], [ -49.892255356, -28.451752911 ], [ -49.898406132, -28.445096031 ], [ -49.897602121, -28.443108704 ], [ -49.892909532, -28.440299959 ], [ -49.887686401000011, -28.442122183999984 ], [ -49.885826423, -28.44639487 ], [ -49.883627386, -28.447618638 ], [ -49.880854351, -28.447256571 ], [ -49.876280795, -28.443272592 ], [ -49.871692156, -28.441642381 ], [ -49.85914187, -28.442328192 ], [ -49.854989594, -28.444012907 ], [ -49.854283077, -28.445651235 ], [ -49.85819912, -28.449331124 ], [ -49.864950382, -28.451086612 ], [ -49.871936977, -28.450836534 ], [ -49.876544719, -28.45300198 ], [ -49.877750041, -28.455156537 ], [ -49.874280465, -28.458840026 ], [ -49.863572918, -28.462845964 ], [ -49.86293216, -28.472024206 ], [ -49.869392577, -28.48178483 ], [ -49.866649846, -28.488632311 ], [ -49.863921556, -28.489355308 ], [ -49.853281922, -28.48828497 ], [ -49.843926431, -28.485196818 ], [ -49.841011293, -28.485598063 ], [ -49.839865638, -28.487319602 ], [ -49.844469046, -28.490657276 ], [ -49.845380425, -28.493096829 ], [ -49.843808786, -28.495536792 ], [ -49.840789372, -28.496438354 ], [ -49.836153143, -28.494290108 ], [ -49.832477165, -28.487321524 ], [ -49.828713844, -28.485250181 ], [ -49.826042259, -28.47844825 ], [ -49.818299771, -28.483666067 ], [ -49.810980173, -28.484313556 ], [ -49.816480958, -28.478558966 ], [ -49.8172655, -28.469868786 ], [ -49.81261108, -28.467891295 ], [ -49.808782848, -28.469224537 ], [ -49.802569111, -28.485724965 ], [ -49.795211718, -28.488939482 ], [ -49.793134791, -28.494391337 ], [ -49.790926258, -28.496420219 ], [ -49.782251395, -28.49665637 ], [ -49.780580458, -28.495059615 ], [ -49.78505777, -28.492630154 ], [ -49.78608601, -28.488142401 ], [ -49.778045339, -28.477255971 ], [ -49.778558848, -28.475574185 ], [ -49.781545261, -28.474236815 ], [ -49.78126152, -28.472355158 ], [ -49.773207603, -28.46822631 ], [ -49.772080283, -28.463361215 ], [ -49.766149459, -28.459048305 ], [ -49.764273372, -28.462102319 ], [ -49.767567426, -28.476577705 ], [ -49.764891214, -28.483460728 ], [ -49.769733077, -28.487637532 ], [ -49.770831682, -28.494329281 ], [ -49.76594054, -28.500863885 ], [ -49.763901704, -28.501373825 ], [ -49.75443938, -28.498254071 ], [ -49.748261538, -28.493972535 ], [ -49.74298454, -28.495248626 ], [ -49.739266486, -28.500334729 ], [ -49.745278324, -28.503607162 ], [ -49.746559154, -28.506825008 ], [ -49.738817991, -28.508509924 ], [ -49.736233692, -28.513345803 ], [ -49.728438801, -28.51572825 ], [ -49.726566502, -28.518300997 ], [ -49.735480344, -28.523615347 ], [ -49.746720108, -28.535391132 ], [ -49.749448291, -28.542733099 ], [ -49.749180556, -28.54647003 ], [ -49.746056219, -28.549775753 ], [ -49.741470319, -28.549390852 ], [ -49.739104603, -28.547340062 ], [ -49.737680927, -28.550647035 ], [ -49.730901229, -28.551182968 ], [ -49.725977628, -28.569503885 ], [ -49.720689097, -28.574283414 ], [ -49.720632978, -28.576902613 ], [ -49.717433747, -28.577098879 ], [ -49.713775282, -28.574468523 ], [ -49.713748583, -28.572398176 ], [ -49.712307893, -28.572253692 ], [ -49.711487665999989, -28.574488689 ], [ -49.712535447, -28.576800555 ], [ -49.70914785, -28.578535616 ], [ -49.707968336, -28.582227197999988 ], [ -49.711054371, -28.586927849 ], [ -49.710169227, -28.589773075 ], [ -49.712363887, -28.591185322 ], [ -49.711752141, -28.592973942 ], [ -49.712877213, -28.593538363 ], [ -49.710386489, -28.596560623 ], [ -49.70858133, -28.596692874 ], [ -49.710194673, -28.604344553 ], [ -49.704201274, -28.605742596 ], [ -49.70306699, -28.604353645 ], [ -49.698496829, -28.606667622 ], [ -49.696760572, -28.614475546 ], [ -49.693261690999989, -28.616351791 ], [ -49.691351788, -28.620891398 ], [ -49.693665079, -28.62555384 ], [ -49.705484412, -28.630348715 ], [ -49.707913578, -28.630243328 ], [ -49.705822503, -28.628102332 ], [ -49.708023771, -28.627637829 ], [ -49.707640212, -28.626753824 ], [ -49.71456671, -28.625433689 ], [ -49.715946848, -28.623792496 ], [ -49.723424467, -28.626171443 ], [ -49.727548144, -28.624220553 ], [ -49.732216535, -28.624148449 ], [ -49.734251221, -28.625344377 ], [ -49.733779752, -28.623626935 ], [ -49.744990041, -28.624320002 ], [ -49.748810421, -28.626862449 ], [ -49.748957871, -28.629022486 ], [ -49.750452886, -28.62885721 ], [ -49.749989977, -28.627557619 ], [ -49.754025485, -28.627249306 ], [ -49.754465598, -28.628315992 ], [ -49.756994405, -28.627329621 ], [ -49.755031896, -28.623388605 ], [ -49.75703288, -28.621777603 ], [ -49.756259906, -28.617275821 ], [ -49.757363555, -28.615413857 ], [ -49.761966323, -28.619172884 ], [ -49.763278372, -28.618048165 ], [ -49.765411458, -28.619322912 ], [ -49.765621383, -28.62138606 ], [ -49.769661527, -28.624017138 ], [ -49.772011252, -28.627469754 ], [ -49.778903928, -28.629480246 ], [ -49.779973551, -28.626259128 ], [ -49.784343701, -28.624379526999984 ], [ -49.784370263, -28.617701297 ], [ -49.781302436, -28.612051945 ], [ -49.782557644, -28.609800216 ], [ -49.783827986, -28.60990756 ], [ -49.791124557, -28.615412403 ], [ -49.79059411, -28.613830596 ], [ -49.795338752, -28.615166014 ], [ -49.795524073, -28.617278455 ], [ -49.798070624, -28.61766986 ], [ -49.798192347, -28.624016236 ], [ -49.804022089, -28.628374961 ], [ -49.807980044, -28.628778131 ], [ -49.80900932, -28.631743747 ], [ -49.807520334, -28.632748317 ], [ -49.808807218, -28.63533941 ], [ -49.814012744, -28.635504455 ], [ -49.816616513, -28.638144262 ], [ -49.819002176, -28.642872006 ], [ -49.81539462, -28.64294204 ], [ -49.8165051, -28.647189644 ], [ -49.81328531, -28.647556791 ], [ -49.822748288, -28.654542238 ], [ -49.810097868, -28.651962092 ], [ -49.812943862, -28.6538269 ], [ -49.815505361, -28.657993665 ], [ -49.823326961, -28.659169801 ], [ -49.824578947, -28.665744332 ], [ -49.828293577, -28.665947036 ], [ -49.829231792, -28.668331253 ], [ -49.834462744, -28.665678962 ], [ -49.839176662, -28.666541772 ], [ -49.838173584, -28.671664611 ], [ -49.841326273, -28.676859715 ], [ -49.836382213, -28.678914385 ], [ -49.840298586, -28.685873858 ], [ -49.839410468, -28.686828633 ], [ -49.836538565, -28.686332398 ], [ -49.838010595, -28.690026172 ], [ -49.830716888, -28.689196443 ], [ -49.824530096, -28.68689963700001 ], [ -49.822618527, -28.688248894 ], [ -49.813498635, -28.687045524 ], [ -49.821935496, -28.693220892 ], [ -49.828682898, -28.692183068 ], [ -49.834866534, -28.693926498 ], [ -49.835418642, -28.697752534 ], [ -49.837771095, -28.700716905 ], [ -49.840143651, -28.700980124 ], [ -49.842566953, -28.707300732 ], [ -49.836350707, -28.708333989 ], [ -49.842036123, -28.714168629 ], [ -49.844700073, -28.714004895 ], [ -49.842733561, -28.709940613 ], [ -49.843379355, -28.708385656 ], [ -49.847389542, -28.709147683 ], [ -49.846304907, -28.704461043 ], [ -49.847860751, -28.7047604 ], [ -49.847614306, -28.703790214 ], [ -49.852999438, -28.706172410000011 ], [ -49.852114545, -28.703888036 ], [ -49.854236039, -28.704718475000011 ], [ -49.855049555, -28.703353408 ], [ -49.860940737999989, -28.703935549 ], [ -49.86101023, -28.702794217 ], [ -49.863701057, -28.702931196 ], [ -49.863204721, -28.700297605 ], [ -49.869377714, -28.70101519 ], [ -49.871805927, -28.702986927 ], [ -49.871150077, -28.70597247 ], [ -49.869766581, -28.706466461 ], [ -49.870187064, -28.708724678 ], [ -49.868743935, -28.709656079 ], [ -49.871589938, -28.71254432 ], [ -49.872918886, -28.71636292 ], [ -49.868962329, -28.71604387 ], [ -49.875034391, -28.722533923 ], [ -49.868019845, -28.721958517 ], [ -49.873972588, -28.726765456 ], [ -49.871124692, -28.727255159 ], [ -49.87518328, -28.728126368 ], [ -49.88331875, -28.737699031 ], [ -49.878219569, -28.736755729 ], [ -49.880098671, -28.741289445 ], [ -49.878141217, -28.743730232 ], [ -49.874813853, -28.743679362 ], [ -49.874793128, -28.744631964 ], [ -49.881335173, -28.746520846 ], [ -49.885639465, -28.745685362 ], [ -49.888382645, -28.74666512 ], [ -49.889155552, -28.745701012 ], [ -49.88658456, -28.739596143 ], [ -49.895730913, -28.739271369 ], [ -49.89105775, -28.738208111 ], [ -49.88599779, -28.730329711 ], [ -49.884668105, -28.725824097 ], [ -49.88106349400001, -28.72228787300001 ], [ -49.882554088, -28.717387518 ], [ -49.893262768, -28.722883465 ], [ -49.896553065, -28.725979105 ], [ -49.897536135, -28.721309277 ], [ -49.904860842, -28.718478439 ], [ -49.913657296, -28.724477203 ], [ -49.907949024, -28.713774517 ], [ -49.905860768, -28.712265416 ], [ -49.904945737, -28.707613446 ], [ -49.912269099, -28.713818219 ], [ -49.915095761, -28.71466043 ], [ -49.916636967, -28.717378594 ], [ -49.92604066, -28.71831281 ], [ -49.934677847, -28.725676496 ], [ -49.932823946, -28.730778122 ], [ -49.92885479, -28.732874112 ], [ -49.932171369, -28.735757222 ], [ -49.931123124, -28.738379107 ], [ -49.928667129, -28.739293825 ], [ -49.927547365, -28.741668452 ], [ -49.925519618, -28.740311374 ], [ -49.924574281, -28.743673024 ], [ -49.922524148, -28.743808353 ], [ -49.921743716, -28.745542586 ], [ -49.928821093, -28.749704667 ], [ -49.927593276, -28.753767024 ], [ -49.935029986, -28.755297259 ], [ -49.936238656, -28.756863189 ], [ -49.94353944, -28.752224313 ], [ -49.949542787, -28.752416671 ], [ -49.950757645, -28.753252437 ], [ -49.948791378, -28.756736338 ], [ -49.953430876, -28.758013981 ], [ -49.950247872, -28.763426852 ], [ -49.952009322, -28.765199774 ], [ -49.951110112, -28.766663372 ], [ -49.95420286, -28.766739777 ], [ -49.955373582, -28.769090436 ], [ -49.957493529, -28.768495608 ], [ -49.961332851, -28.772180408 ], [ -49.958532877, -28.776105316 ], [ -49.962172801, -28.777604009 ], [ -49.962091992, -28.779363288999985 ], [ -49.956994312, -28.78361072 ], [ -49.959489007, -28.78665489 ], [ -49.958611245, -28.792838047 ], [ -49.95381399, -28.799287516 ], [ -49.950889013, -28.800426208 ], [ -49.950558428, -28.802116468 ], [ -49.959632243, -28.798089069 ], [ -49.962702413, -28.799110438 ], [ -49.961724728, -28.806705469 ], [ -49.964402635, -28.811201483 ], [ -49.966144138, -28.821327916 ], [ -49.964254758, -28.829059638999986 ], [ -49.957818308, -28.829101346 ], [ -49.956891296, -28.834646997000011 ], [ -49.95845406, -28.83468896 ], [ -49.960365186, -28.838136083 ], [ -49.959622187, -28.840578172000011 ], [ -49.960456164, -28.844053315999986 ], [ -49.961812633, -28.844562398 ], [ -49.959827384, -28.847729774 ], [ -49.962390493, -28.852416631 ], [ -49.956463339, -28.856190213 ], [ -49.956006077, -28.8588348 ], [ -49.957085831, -28.861767059 ], [ -49.961749187, -28.863903504 ], [ -49.968715729, -28.869666585 ], [ -49.969870402, -28.876492802 ], [ -49.967135228, -28.876692472 ], [ -49.956760652, -28.87036333 ], [ -49.951531724, -28.870391859 ], [ -49.952421757, -28.873038218 ], [ -49.949488581, -28.875714189 ], [ -49.954195042, -28.878413221 ], [ -49.953858144, -28.880344217 ], [ -49.950527011, -28.880587321000011 ], [ -49.94117566, -28.87628311 ], [ -49.938348776, -28.8726204 ], [ -49.932108132, -28.872202869 ], [ -49.936378066, -28.874681297 ], [ -49.938224866, -28.879651904 ], [ -49.940966476, -28.87874758 ], [ -49.943589878, -28.879658346 ], [ -49.946225611, -28.885187002 ], [ -49.9504252, -28.88692872 ], [ -49.951134299, -28.88816188600001 ], [ -49.948236044, -28.890008124 ], [ -49.951627105999989, -28.892503495 ], [ -49.949720029, -28.893539684 ], [ -49.949595985, -28.897967193 ], [ -49.951513299, -28.900459286 ], [ -49.958300631, -28.902420996 ], [ -49.958323081, -28.905926375 ], [ -49.962628732, -28.913761236 ], [ -49.961860548, -28.91581296 ], [ -49.96332443, -28.916898154 ], [ -49.963179589, -28.918918852 ], [ -49.968725211, -28.922052101 ], [ -49.965086496, -28.925527876 ], [ -49.959692089, -28.926644865 ], [ -49.953322692, -28.925527784 ], [ -49.950425617, -28.928527528 ], [ -49.949569305, -28.935648746 ], [ -49.951831091, -28.929886094 ], [ -49.954326033, -28.928983934 ], [ -49.958206357, -28.930739237 ], [ -49.959789139, -28.935589019 ], [ -49.958438562, -28.938848854 ], [ -49.95852345, -28.945048645 ], [ -49.954699874, -28.952136116 ], [ -49.95802684, -28.96255149 ], [ -49.948706927, -28.962088147 ], [ -49.933656698999989, -28.96582164 ], [ -49.931904097, -28.963157542 ], [ -49.932518341, -28.967693438 ], [ -49.930947099, -28.975949927 ], [ -49.924780038, -28.975576946 ], [ -49.920241574, -28.978767081 ], [ -49.924040608, -28.98304892 ], [ -49.924272295, -28.980661561 ], [ -49.926491839, -28.979532242 ], [ -49.931095962, -28.980493188 ], [ -49.934014637, -28.982062759 ], [ -49.934423087, -28.98568645000001 ], [ -49.936434594, -28.984572059 ], [ -49.935764661, -28.980919023 ], [ -49.936798403, -28.979082965000011 ], [ -49.938228133, -28.978729443 ], [ -49.941680045, -28.981433728 ], [ -49.944652974, -28.989161022 ], [ -49.943400901, -28.990903623 ], [ -49.940463475, -28.991752482 ], [ -49.942430515, -29.001209377 ], [ -49.942970678, -28.994276502 ], [ -49.945420045, -28.99216709 ], [ -49.948766383, -28.998167779 ], [ -49.95209369, -29.000056497 ], [ -49.951132553, -29.001821786 ], [ -49.953629157, -29.005695279999987 ], [ -49.95915468, -29.010481234 ], [ -49.957400628, -29.012134154 ], [ -49.955857052, -29.011562497 ], [ -49.959183975, -29.013613771 ], [ -49.960449493, -29.01646978 ], [ -49.962703417, -29.017509523 ], [ -49.961789809, -29.018707888 ], [ -49.965991121, -29.021746293 ], [ -49.964684973, -29.0236971 ], [ -49.950469801, -29.020681057 ], [ -49.950928646, -29.024486465 ], [ -49.949806652, -29.024594231 ], [ -49.946773177, -29.021112619 ], [ -49.941431508, -29.021329756 ], [ -49.94070227, -29.022325298 ], [ -49.947551044, -29.02600861 ], [ -49.946139835, -29.030754101 ], [ -49.946938473, -29.031830788 ], [ -49.956286328, -29.035189603 ], [ -49.954581069, -29.037759704 ], [ -49.955346398, -29.041102242 ], [ -49.961165459, -29.043765603 ], [ -49.959574344000011, -29.047109581 ], [ -49.960998683, -29.050807554 ], [ -49.969759784, -29.051510876 ], [ -49.969683014, -29.053895582 ], [ -49.972048366, -29.056244188 ], [ -49.973662908, -29.055580608 ], [ -49.977197384, -29.058843007 ], [ -49.985229877, -29.06156008 ], [ -49.986386125, -29.063390933 ], [ -49.98978888, -29.062975687 ], [ -49.990864612, -29.064941491 ], [ -49.993459581, -29.064348779999989 ], [ -49.994118084, -29.066163827 ], [ -50.001746889, -29.069479996 ], [ -50.004413046, -29.072381592 ], [ -50.001567369, -29.072703247 ], [ -49.993992659, -29.069609896 ], [ -49.989764573, -29.070152597 ], [ -49.989342579, -29.071870216 ], [ -49.986023217, -29.072797614 ], [ -49.984904072, -29.070235312 ], [ -49.986242073, -29.070781093 ], [ -49.98827269200001, -29.068844969 ], [ -49.984935384, -29.067807874 ], [ -49.979500099, -29.068529758 ], [ -49.968082787, -29.065186073 ], [ -49.969823568, -29.069147476 ], [ -49.963830514, -29.065460166 ], [ -49.957455666, -29.066565071 ], [ -49.956942549, -29.062937376 ], [ -49.948993521, -29.058466037 ], [ -49.947142307, -29.059661605 ], [ -49.946188956, -29.056361424 ], [ -49.942132584, -29.058217893 ], [ -49.942118886, -29.059594017 ], [ -49.945068079, -29.061227939 ], [ -49.943259843, -29.063540731 ], [ -49.951743977, -29.061954877 ], [ -49.95247426, -29.065529487 ], [ -49.948798883, -29.068779132 ], [ -49.955973907, -29.067757614 ], [ -49.96033441, -29.070675191 ], [ -49.959207215, -29.073989073999989 ], [ -49.954772841, -29.076257835 ], [ -49.956155135, -29.084924974 ], [ -49.965233526, -29.081951018 ], [ -49.968259459, -29.084220486 ], [ -49.965948731, -29.08893272 ], [ -49.966762722, -29.096130515 ], [ -49.96299577, -29.099817461 ], [ -49.96975994, -29.100573162 ], [ -49.970231906, -29.104562766 ], [ -49.968303151, -29.109183332 ], [ -49.968277363, -29.11477694 ], [ -49.96436191, -29.115221778 ], [ -49.962602491, -29.117481232 ], [ -49.969221574, -29.120838307 ], [ -49.968932469, -29.1160249 ], [ -49.977820127, -29.118904447 ], [ -49.977429604, -29.116032533 ], [ -49.981684391, -29.119112549 ], [ -49.983441101, -29.116537161 ], [ -49.988041216, -29.119097807 ], [ -49.989512545, -29.11748526 ], [ -49.992604649, -29.117664918 ], [ -49.991244948, -29.122322356000012 ], [ -49.986476445, -29.126375133 ], [ -49.987436161, -29.1284382 ], [ -49.984765722, -29.13123247 ], [ -49.984317868, -29.136708231 ], [ -49.979476477, -29.134213764 ], [ -49.977763182, -29.135907759 ], [ -49.981741332, -29.139078002 ], [ -49.986426594, -29.136277778 ], [ -49.991265051, -29.136875226 ], [ -49.991543178, -29.133866231 ], [ -49.98939442, -29.131643646 ], [ -49.990128568, -29.129018773 ], [ -49.993570445, -29.131274043 ], [ -49.996802102, -29.13150227700001 ], [ -50.0016574, -29.127138231 ], [ -50.005952713, -29.128640269 ], [ -50.008315748, -29.127797004 ], [ -50.009284905, -29.1263282 ], [ -50.007375062, -29.123152639 ], [ -50.004220846, -29.121202483 ], [ -50.004616342, -29.120087778 ], [ -50.007924244, -29.121224202 ], [ -50.013418526, -29.12681959 ], [ -50.013188104, -29.130759509 ], [ -50.006675943, -29.13552126 ], [ -50.009548425, -29.139367086 ], [ -50.004912202, -29.140637136 ], [ -50.005054156999989, -29.142583945 ], [ -50.007863378, -29.143088784 ], [ -50.009126801, -29.144958009 ], [ -50.008590721, -29.147682833 ], [ -50.005877215, -29.150413854 ], [ -50.01067854, -29.149852673 ], [ -50.009543588, -29.157341328 ], [ -50.016400307, -29.153322378 ], [ -50.017909146, -29.154689494 ], [ -50.021061928, -29.151003456 ], [ -50.020669888, -29.157962372 ], [ -50.017803556, -29.163608258 ], [ -50.021292518, -29.168144082 ], [ -50.023297736, -29.163909791 ], [ -50.027020692, -29.164191819 ], [ -50.023543817, -29.166591963 ], [ -50.028750659, -29.171871758 ], [ -50.018810494, -29.174478846 ], [ -50.021792776, -29.177880207 ], [ -50.019797635, -29.179738598 ], [ -50.015955449, -29.18113865 ], [ -50.012931799, -29.180385915999988 ], [ -50.011963909, -29.18257688700001 ], [ -50.015232451, -29.18261506 ], [ -50.013609232, -29.185503333 ], [ -50.015158537, -29.186739728 ], [ -50.017479889, -29.181821996 ], [ -50.029782853, -29.179721315 ], [ -50.03339355, -29.175282355 ], [ -50.038613486, -29.177438639 ], [ -50.039979729, -29.180674155 ], [ -50.043366769, -29.183734405 ], [ -50.046443252, -29.183329327 ], [ -50.051831416, -29.184846434 ], [ -50.051944483, -29.182239833 ], [ -50.050656429, -29.183115992 ], [ -50.049908433, -29.181986002 ], [ -50.050607817, -29.179683289 ], [ -50.054023478, -29.183095801 ], [ -50.057894008, -29.183868302 ], [ -50.060088745, -29.185979328 ], [ -50.060800721, -29.185163711 ], [ -50.062844728, -29.185915444 ], [ -50.06565851, -29.190310435 ], [ -50.06532083, -29.193399134000011 ], [ -50.067873506, -29.195493016 ], [ -50.06740929, -29.191130308 ], [ -50.060211663, -29.179682289 ], [ -50.05972674, -29.175245688 ], [ -50.061312232, -29.175177193 ], [ -50.07160664, -29.186406027 ], [ -50.075322533, -29.188356248999987 ], [ -50.076203954, -29.185630188 ], [ -50.078676568, -29.184829496 ], [ -50.074577424, -29.18211689 ], [ -50.074479164, -29.180813903 ], [ -50.081064956, -29.182241955 ], [ -50.082443134, -29.179645186 ], [ -50.085555517, -29.178985749 ], [ -50.080379624, -29.178413221 ], [ -50.078016361, -29.175315757 ], [ -50.090073509, -29.175092366 ], [ -50.090183622, -29.173243371 ], [ -50.084326582, -29.170684668 ], [ -50.093288426, -29.171025666999988 ], [ -50.092292303, -29.168919417 ], [ -50.093678387, -29.168934968 ], [ -50.093422692, -29.167910173 ], [ -50.090621339, -29.164569421 ], [ -50.076679233, -29.159359941000012 ], [ -50.079830913, -29.158329842 ], [ -50.078321627, -29.157646429 ], [ -50.072997771, -29.157441987 ], [ -50.06665435, -29.159673001 ], [ -50.062824525, -29.159371455 ], [ -50.06254151, -29.161314687 ], [ -50.060932691, -29.161365478 ], [ -50.057143833, -29.1596311 ], [ -50.057155135, -29.157948958 ], [ -50.061767556, -29.160047768 ], [ -50.062478051, -29.158222267 ], [ -50.06795854, -29.157461982 ], [ -50.062603823, -29.155366704 ], [ -50.079821683, -29.155364772 ], [ -50.081280713, -29.158394746 ], [ -50.086286534, -29.160056501 ], [ -50.090301807, -29.160820896000011 ], [ -50.096839497, -29.158936936 ], [ -50.099664974, -29.159809653 ], [ -50.101935403, -29.164358759 ], [ -50.096322151, -29.166196266 ], [ -50.096574593, -29.16900447 ], [ -50.100029091, -29.173568251 ], [ -50.096320478, -29.17178619 ], [ -50.095953731, -29.173322628 ], [ -50.097618357, -29.174553917 ], [ -50.09517828, -29.175165596 ], [ -50.093315811, -29.177514997 ], [ -50.098383017, -29.181095216 ], [ -50.091181224, -29.179803088 ], [ -50.090947326, -29.181918793 ], [ -50.087631834, -29.183749503 ], [ -50.091230928, -29.187358029 ], [ -50.088488618, -29.186967041 ], [ -50.086402142, -29.188736165 ], [ -50.091555854, -29.193038876 ], [ -50.092000329, -29.194924252 ], [ -50.088788155, -29.191508908 ], [ -50.087079882, -29.19150516 ], [ -50.087761509, -29.193776417 ], [ -50.085006751, -29.192923438 ], [ -50.096901815, -29.200291781 ], [ -50.09035946, -29.201279681 ], [ -50.08476798600001, -29.198275364 ], [ -50.085208907, -29.206244985 ], [ -50.090068843, -29.210629767 ], [ -50.089471983, -29.212470572000012 ], [ -50.09236158, -29.216628194 ], [ -50.089259304, -29.215818754 ], [ -50.091346165, -29.219795464 ], [ -50.083980032, -29.213836429 ], [ -50.075710255, -29.215863498 ], [ -50.066986742, -29.213365748 ], [ -50.052717035, -29.213090211 ], [ -50.046997936, -29.217184191000012 ], [ -50.051669738, -29.214404544 ], [ -50.067224134, -29.214613288 ], [ -50.074063478, -29.216844735 ], [ -50.083766512, -29.215381782 ], [ -50.088997595, -29.223546595 ], [ -50.085517701, -29.224934999 ], [ -50.08413783, -29.227123699 ], [ -50.093936679, -29.233898331 ], [ -50.095156638, -29.237314204 ], [ -50.098569061, -29.23553419 ], [ -50.09240989, -29.226762419 ], [ -50.093551952, -29.22367872 ], [ -50.107540927, -29.234066153 ], [ -50.112691156, -29.24000684 ], [ -50.11102695, -29.235228875 ], [ -50.106017788, -29.229414918 ], [ -50.111138098, -29.228843971 ], [ -50.112960622, -29.225889249 ], [ -50.112445579, -29.223733093 ], [ -50.109808491, -29.222507296 ], [ -50.105401634, -29.225612509 ], [ -50.101690096, -29.225474878 ], [ -50.097597023, -29.222419608 ], [ -50.098265332, -29.218414712 ], [ -50.093275322, -29.212780786 ], [ -50.099072285, -29.211151297 ], [ -50.107765171, -29.211039128 ], [ -50.111146212, -29.207790419 ], [ -50.115523653, -29.208821086 ], [ -50.115490802, -29.206258349 ], [ -50.112816013, -29.205220922 ], [ -50.117244467, -29.20535825 ], [ -50.120700869, -29.203896555 ], [ -50.118101371, -29.201866065 ], [ -50.127462143, -29.200702751 ], [ -50.120367846, -29.197740001 ], [ -50.126868692, -29.197855392 ], [ -50.130066415, -29.19599926 ], [ -50.130184706, -29.198315088 ], [ -50.133035608, -29.197349091 ], [ -50.136502443, -29.198480452 ], [ -50.138028988, -29.19787279 ], [ -50.137928986, -29.193214862 ], [ -50.139646921, -29.192219803 ], [ -50.140106212, -29.194208456 ], [ -50.142848035, -29.194947793 ], [ -50.144819292, -29.197464337 ], [ -50.161547644, -29.203941933 ], [ -50.149006768, -29.201561043 ], [ -50.14692109, -29.201502994 ], [ -50.147108058, -29.203396726 ], [ -50.145741823, -29.201807702 ], [ -50.142764355, -29.201423074 ], [ -50.140344153, -29.202482484 ], [ -50.142015535, -29.204543132 ], [ -50.138796488, -29.205266105 ], [ -50.140253876, -29.206864109 ], [ -50.133967898, -29.207907351 ], [ -50.137058927, -29.212069655 ], [ -50.134736554, -29.21507172 ], [ -50.14343684, -29.21691743 ], [ -50.143569064, -29.219459229 ], [ -50.148226038, -29.219922737 ], [ -50.150668921, -29.224572727 ], [ -50.144973404, -29.223899556 ], [ -50.146205836, -29.22555464 ], [ -50.150485266, -29.22618056 ], [ -50.151232551, -29.230155217 ], [ -50.140714011, -29.228409494 ], [ -50.141612599, -29.232033674 ], [ -50.13926544, -29.231774961 ], [ -50.140683211, -29.237783361 ], [ -50.15185892, -29.243222571 ], [ -50.177509124, -29.248521292 ], [ -50.17694825, -29.249419123 ], [ -50.16998213, -29.24952712 ], [ -50.15522866100001, -29.247687514 ], [ -50.158459701, -29.251148858 ], [ -50.162105629, -29.252476568 ], [ -50.160258054, -29.253319781 ], [ -50.161925949, -29.254152624 ], [ -50.161245942, -29.254793087 ], [ -50.156313517, -29.252699504 ], [ -50.151580143, -29.248109491 ], [ -50.149158267, -29.250304575 ], [ -50.150023617, -29.254150209 ], [ -50.138753108, -29.253524597 ], [ -50.138963686, -29.256006989 ], [ -50.145887734, -29.2583182 ], [ -50.146187113, -29.261740696 ], [ -50.13982632, -29.266500308 ], [ -50.14388278, -29.266414716 ], [ -50.145136898, -29.267459613 ], [ -50.144599741, -29.270156903 ], [ -50.142524657, -29.271391071 ], [ -50.143458439, -29.275817657999987 ], [ -50.150482042, -29.285303997 ], [ -50.143647063, -29.280489457 ], [ -50.14117595, -29.280228594 ], [ -50.13963645, -29.281954776 ], [ -50.143733997, -29.284252115 ], [ -50.143841072, -29.285939947 ], [ -50.140816018, -29.286504971 ], [ -50.14036953, -29.289699747 ], [ -50.144412725, -29.291608975 ], [ -50.14493278, -29.293594305 ], [ -50.139009563, -29.290950185 ], [ -50.13921073, -29.29318289 ], [ -50.135814478, -29.297225206 ], [ -50.135932243, -29.299768628 ], [ -50.132937661, -29.29948008 ], [ -50.13406698, -29.302162521 ], [ -50.12873637, -29.303554251 ], [ -50.130239236, -29.300581373 ], [ -50.128274776, -29.298357203 ], [ -50.13016076, -29.292039698 ], [ -50.128809858, -29.289541546 ], [ -50.130124375, -29.285756953000011 ], [ -50.127217462, -29.281425337999984 ], [ -50.123009218, -29.281972507 ], [ -50.122331933, -29.284308843 ], [ -50.124202269, -29.286061978 ], [ -50.123703014, -29.287168145 ], [ -50.117110997, -29.291804347999989 ], [ -50.119970697, -29.296780594 ], [ -50.116324397, -29.298920501 ], [ -50.107235636, -29.298250112 ], [ -50.105231178, -29.299362816 ], [ -50.11252761, -29.303972789999985 ], [ -50.112493995, -29.305752234 ], [ -50.104399314, -29.306965573 ], [ -50.103568269, -29.309873367 ], [ -50.10174291, -29.310837371 ], [ -50.090654144, -29.310899303 ], [ -50.08756462, -29.314613215 ], [ -50.083757278, -29.31392994 ], [ -50.088274257, -29.321549641 ], [ -50.087745953, -29.324322754 ], [ -50.081342393, -29.321015247 ], [ -50.081639333, -29.321973223000011 ], [ -50.078719329, -29.321220035 ], [ -50.078333088, -29.322702108 ], [ -50.076167857, -29.322598415 ], [ -50.072823498, -29.320389123 ], [ -50.074621209, -29.324370106 ], [ -50.073616913, -29.32477389 ], [ -50.065772665, -29.321917598 ], [ -50.074467985, -29.328197062 ], [ -50.070001827, -29.329576062 ], [ -50.058576249, -29.327256342 ], [ -50.058150956, -29.329257989 ], [ -50.065024766, -29.333296424 ], [ -50.066481409, -29.33550958 ], [ -50.06020436, -29.335348159 ], [ -50.060488431, -29.338539242 ], [ -50.062126853, -29.337991715 ], [ -50.065096109, -29.339789924 ], [ -50.06616503, -29.339065062 ], [ -50.068745827, -29.342606608 ], [ -50.055909529, -29.339087599 ], [ -50.059508844, -29.341203069 ], [ -50.059468167, -29.344217096 ], [ -50.050946964, -29.339055766 ], [ -50.046775775, -29.340358565 ], [ -50.038131032, -29.348174297 ], [ -50.041002735, -29.355065888 ], [ -50.03369707, -29.349846534 ], [ -50.038239456, -29.34419627 ], [ -50.041530183, -29.34257549 ], [ -50.044900202, -29.335231722 ], [ -50.050068789, -29.331922496 ], [ -50.051215001, -29.324111274 ], [ -50.059225734, -29.315823646 ], [ -50.062208603, -29.314927125 ], [ -50.062288334, -29.312658119 ], [ -50.064136607, -29.310835404 ], [ -50.068942521, -29.311678536 ], [ -50.072036524, -29.310313786999988 ], [ -50.082717375, -29.302274416 ], [ -50.085350036, -29.301973695 ], [ -50.088710305, -29.298000754 ], [ -50.092448329, -29.29757904 ], [ -50.091987618, -29.293926811 ], [ -50.099591705, -29.288401179 ], [ -50.100755978, -29.283923792 ], [ -50.109179453, -29.279675017 ], [ -50.108359901999989, -29.276476210999984 ], [ -50.113738206, -29.268637572 ], [ -50.112547295, -29.266989244 ], [ -50.115482693, -29.262280448 ], [ -50.114324175, -29.257617783 ], [ -50.109889394, -29.258449006 ], [ -50.107470315, -29.257338521 ], [ -50.106160577, -29.256164396 ], [ -50.108456387, -29.254368669 ], [ -50.107648683, -29.253499128 ], [ -50.101370523, -29.255862669 ], [ -50.09473502, -29.251381626 ], [ -50.093703987, -29.252970617 ], [ -50.087873999, -29.254014873 ], [ -50.083374654, -29.250248163 ], [ -50.079233543, -29.251370323 ], [ -50.071369632, -29.248716948 ], [ -50.068479985, -29.245408847 ], [ -50.067171006, -29.2493429 ], [ -50.065340093, -29.249580388 ], [ -50.063069652, -29.24698516 ], [ -50.064773706, -29.243995723 ], [ -50.062972261, -29.242146532 ], [ -50.055110833, -29.240557511 ], [ -50.051626613, -29.242208718 ], [ -50.045736112, -29.23916445 ], [ -50.041787432, -29.240425682 ], [ -50.039947015, -29.238170151 ], [ -50.03654670800001, -29.237846240999986 ], [ -50.034825572, -29.232808913 ], [ -50.027410337, -29.231539177 ], [ -50.00993222, -29.22540954 ], [ -50.004692714, -29.225407462 ], [ -50.003663457, -29.227107245 ], [ -50.001129882, -29.227481792 ], [ -49.997649926, -29.226324764 ], [ -49.996585234, -29.228262264 ], [ -49.980092879, -29.219443719 ], [ -49.97681483, -29.214903331 ], [ -49.973285526, -29.214316205 ], [ -49.969281885, -29.211780105 ], [ -49.970946425, -29.204096194 ], [ -49.970437847, -29.202858667 ], [ -49.968440991, -29.203468485 ], [ -49.966136031, -29.20213134 ], [ -49.965015062, -29.199444543 ], [ -49.949834453, -29.200723309 ], [ -49.948043319, -29.202206555 ], [ -49.945522748, -29.201448673 ], [ -49.943564372, -29.202696064 ], [ -49.942815017, -29.205579982 ], [ -49.935434014, -29.208281511 ], [ -49.93098626, -29.20706718 ], [ -49.928743687, -29.207927576 ], [ -49.924994058, -29.206191443 ], [ -49.919950669, -29.206545262 ], [ -49.916768787, -29.208404728 ], [ -49.912866025, -29.207942818 ], [ -49.905993943, -29.211608312 ], [ -49.903007226, -29.214877338 ], [ -49.900341712, -29.215321974 ], [ -49.898035333, -29.214116279 ], [ -49.890620676, -29.219347939 ], [ -49.887788542, -29.218810208 ], [ -49.885545921, -29.220283519 ], [ -49.87840399, -29.221422189 ], [ -49.877488405, -29.225037556 ], [ -49.869235446, -29.224438825 ], [ -49.857569895, -29.232621976 ], [ -49.857240839, -29.237863569 ], [ -49.855681312, -29.240157052 ], [ -49.858637804, -29.241620453 ], [ -49.857425813, -29.245170868 ], [ -49.854719077, -29.244309606 ], [ -49.853523413, -29.245426376 ], [ -49.852615818, -29.244412745 ], [ -49.848737989, -29.247281518 ], [ -49.849245781, -29.250480288 ], [ -49.850784288, -29.249221782 ], [ -49.85313195, -29.24990007 ], [ -49.852200015, -29.253640942 ], [ -49.854797069, -29.254821563 ], [ -49.855072138, -29.256855991 ], [ -49.845433322, -29.258653555 ], [ -49.841728301, -29.260530646 ], [ -49.845003607, -29.268408045 ], [ -49.843022493, -29.271898461 ], [ -49.846773435, -29.271668358 ], [ -49.847923455, -29.272665202 ], [ -49.847464255, -29.273661625 ], [ -49.844825993, -29.273672831 ], [ -49.843508225, -29.277842019 ], [ -49.840680135, -29.276493129 ], [ -49.838619677, -29.279258912 ], [ -49.836824263, -29.274773958 ], [ -49.833013045, -29.277216431 ], [ -49.829163379, -29.275981225 ], [ -49.826442905, -29.279160122 ], [ -49.824142931, -29.278064335 ], [ -49.822600231, -29.282409005 ], [ -49.817379792, -29.285653803 ], [ -49.811735752, -29.283746303 ], [ -49.812057735, -29.285694567999986 ], [ -49.809899198, -29.286803637 ], [ -49.799429285, -29.287460183 ], [ -49.795634889, -29.289450908 ], [ -49.792284211, -29.28582946 ], [ -49.790542186, -29.285884731 ], [ -49.784061901, -29.290036013 ], [ -49.779121008, -29.291264121 ], [ -49.775929727, -29.297409932 ], [ -49.767758006, -29.299882448 ], [ -49.762338424, -29.300263156 ], [ -49.749401475, -29.297355549 ], [ -49.742097392, -29.298820337 ], [ -49.738792261, -29.301553363 ], [ -49.742430732, -29.301681241 ], [ -49.740620346, -29.306713643 ], [ -49.744643289, -29.307268074 ], [ -49.743589485, -29.311485395 ], [ -49.737509206, -29.315042592 ], [ -49.738034463, -29.31085755 ], [ -49.736601807, -29.309903902 ], [ -49.730051806, -29.317111106 ], [ -49.734081341, -29.319029835 ], [ -49.743563644, -29.319717337 ], [ -49.746677438, -29.324121698 ], [ -49.745415115, -29.328009652 ], [ -49.741740578, -29.329016397 ], [ -49.738821259, -29.325761475 ], [ -49.736264946, -29.32515528 ], [ -49.73044778, -29.329119922 ], [ -49.7224907, -29.326332982 ], [ -49.712565922, -29.325572028 ], [ -49.712769416, -29.327278318 ], [ -49.730138083999989, -29.349773025 ], [ -49.73086606, -29.357332928 ], [ -49.732827192, -29.358748257 ], [ -49.734630595, -29.358297911 ], [ -49.739384229, -29.363159094 ], [ -49.828552599, -29.475768893 ], [ -49.911589981, -29.590778436000011 ], [ -49.943743671999989, -29.641020692 ], [ -49.976397546, -29.697150949 ], [ -50.052783079, -29.838302075 ], [ -50.109915947, -29.956668176 ], [ -50.116516123, -29.972913071000011 ], [ -50.119378614, -29.976423445 ], [ -50.119579855, -29.97983142 ], [ -50.130047036, -30.004673756 ], [ -50.15796922, -30.066518134 ], [ -50.264291413, -30.336048841 ], [ -50.304050835, -30.442389071 ], [ -50.320715917, -30.47687486 ], [ -50.340097729, -30.511192565 ], [ -50.37397999, -30.562891596 ], [ -50.42870288, -30.632160981 ], [ -50.464910196, -30.680706197 ], [ -50.558312448, -30.818197233 ], [ -50.59903878, -30.870270502 ], [ -50.667853945, -30.962904253 ], [ -50.703718828, -31.014751844 ], [ -50.753836396, -31.092051566 ], [ -50.779316111, -31.123896916999989 ], [ -50.833645043, -31.182109947 ], [ -50.879140682, -31.227041526 ], [ -50.924007053, -31.266439903 ], [ -50.970368961, -31.304874167 ], [ -51.040080281, -31.359945266 ], [ -51.104008796, -31.421432213 ], [ -51.207325825, -31.526527006 ], [ -51.262068604, -31.574287753 ], [ -51.400352676, -31.676520466 ], [ -51.427238632, -31.695617448 ], [ -51.483723779, -31.731932463 ], [ -51.612395592, -31.803306309 ], [ -51.691322225, -31.840877814 ], [ -51.748020894, -31.869980925 ], [ -51.80314144, -31.901681203 ], [ -51.847672319, -31.930777596 ], [ -51.886864011, -31.959840732 ], [ -51.920781581, -31.987744737 ], [ -51.968907555, -32.031838444 ], [ -52.075753754, -32.141487138 ], [ -52.081564312, -32.155444577 ], [ -52.081886052, -32.159851625 ], [ -52.08304419, -32.160172136999989 ], [ -52.082874725, -32.156771689 ], [ -52.07907555, -32.147689314 ], [ -52.078806184, -32.137838197 ], [ -52.082207898999989, -32.132922961999988 ], [ -52.089770722, -32.131402702 ], [ -52.092270734, -32.129585365 ], [ -52.090586873, -32.127370159 ], [ -52.085101826, -32.127034644 ], [ -52.082733806, -32.12333799 ], [ -52.083990878, -32.118988458 ], [ -52.080755641, -32.118997497 ], [ -52.080162721, -32.117160845 ], [ -52.076308799, -32.11455456 ], [ -52.076900088, -32.110406415 ], [ -52.073002972, -32.106811385 ], [ -52.068762027, -32.09876309 ], [ -52.066221553, -32.096883306 ], [ -52.064402603, -32.097993439 ], [ -52.062557759, -32.097397545 ], [ -52.063585186, -32.095292602 ], [ -52.060537176, -32.089731207 ], [ -52.058299366999989, -32.080242371 ], [ -52.054017342, -32.077860389 ], [ -52.049693389, -32.077210233 ], [ -52.045639766, -32.053825504999985 ], [ -52.047188755, -32.05299237900001 ], [ -52.041030732, -32.044431395 ], [ -52.040636068, -32.036476576 ], [ -52.03901421, -32.036453619 ], [ -52.039052649, -32.030022692 ], [ -52.045330204, -32.013970937 ], [ -52.043872273, -32.006868251 ], [ -52.053832583, -31.984929241 ], [ -52.053962486, -31.980751928 ], [ -52.049199123, -31.976437082 ], [ -52.040476199, -31.973112321 ], [ -52.038023845, -31.970922227 ], [ -52.034844168, -31.971709188 ], [ -52.033353568, -31.97054806 ], [ -52.027303986, -31.97098061 ], [ -52.021877036, -31.969236603 ], [ -52.020368399, -31.96607889 ], [ -52.018583297, -31.967313468 ], [ -52.01524681, -31.96670972 ], [ -52.009799865, -31.960144986 ], [ -52.010193201, -31.958525179 ], [ -52.00720571, -31.956208 ], [ -52.008306726, -31.951826691 ], [ -52.005436253, -31.951534366 ], [ -52.004652748, -31.944917801 ], [ -52.006135627, -31.939022389 ], [ -52.009164231, -31.934032161 ], [ -52.011922069, -31.932628549 ], [ -52.010418128, -31.929576559 ], [ -52.011838117, -31.929169053 ], [ -52.015208163, -31.922418573 ], [ -52.018359797, -31.921056089 ], [ -52.019920246, -31.917663619 ], [ -52.032014625, -31.906978364 ], [ -52.04293313, -31.902681974 ], [ -52.044810697, -31.899421092 ], [ -52.04697054, -31.899242117 ], [ -52.047473486, -31.896658889 ], [ -52.044539306, -31.897292614 ], [ -52.046334161, -31.893563015 ], [ -52.047424552, -31.893687574 ], [ -52.048521041, -31.889545793 ], [ -52.054311098, -31.886748435 ], [ -52.058212821, -31.881891451 ], [ -52.066656834, -31.87764742 ], [ -52.07067133, -31.873193292 ], [ -52.082016164, -31.866022284 ], [ -52.088218602, -31.857504814 ], [ -52.089570678, -31.846139051 ], [ -52.09271962, -31.841385484 ], [ -52.098609593, -31.840594327 ], [ -52.098123681, -31.83591134 ], [ -52.062529843, -31.816152093 ], [ -52.049121308, -31.814254725 ], [ -52.036771513, -31.815627997 ], [ -52.030297844, -31.815006964 ], [ -52.02561681, -31.816591208 ], [ -52.019146446, -31.816011578 ], [ -52.017237292, -31.817178682 ], [ -52.010666834, -31.817472304 ], [ -52.006099527, -31.819577239 ], [ -52.004709867, -31.819008112 ], [ -51.986911526, -31.826529335 ], [ -51.965735115, -31.840503147 ], [ -51.960666925, -31.841733464 ], [ -51.95236028, -31.846968896 ], [ -51.950538331, -31.84700397 ], [ -51.929572986, -31.860319704 ], [ -51.908159633, -31.868908646 ], [ -51.892677764, -31.872181036 ], [ -51.878707159, -31.873083271 ], [ -51.867591862, -31.87191523 ], [ -51.857844693, -31.869132379000011 ], [ -51.843689223, -31.862761733 ], [ -51.809697935, -31.843539977 ], [ -51.805564793, -31.83930349 ], [ -51.802953552, -31.832747889 ], [ -51.804776551, -31.814753351 ], [ -51.799259324, -31.813499729 ], [ -51.792764084, -31.814952886 ], [ -51.787489928, -31.80837733 ], [ -51.787249621, -31.805046598 ], [ -51.793561456, -31.804467324 ], [ -51.796473772, -31.807334306 ], [ -51.794417851, -31.812447443 ], [ -51.796172132, -31.813145701 ], [ -51.813428211, -31.808303846 ], [ -51.827502769, -31.802317716 ], [ -51.832979007, -31.801453597 ], [ -51.840497388, -31.803049991 ], [ -51.840705194, -31.801987921 ], [ -51.818374861, -31.797227942 ], [ -51.806589185, -31.791778032 ], [ -51.806128054, -31.789519634 ], [ -51.802298652, -31.788464819 ], [ -51.791791457, -31.788694777 ], [ -51.773437613, -31.786455386 ], [ -51.759259901, -31.787086568 ], [ -51.755719744, -31.788790541 ], [ -51.753982123, -31.787428939 ], [ -51.750338233, -31.788909225 ], [ -51.734590334, -31.788685485 ], [ -51.733326718, -31.787242833 ], [ -51.725501622, -31.785638904 ], [ -51.708645677, -31.784835709 ], [ -51.699015173, -31.781928463000011 ], [ -51.693165476, -31.782190716 ], [ -51.689631237, -31.781338597 ], [ -51.681789563, -31.775691372 ], [ -51.673453144, -31.77411008 ], [ -51.671247288, -31.771744474 ], [ -51.656054262, -31.764928868 ], [ -51.654366624, -31.761814008 ], [ -51.648357142, -31.758635884 ], [ -51.647100509, -31.755822577 ], [ -51.640678242, -31.752257687 ], [ -51.631919661, -31.743385687 ], [ -51.623848452, -31.738121754 ], [ -51.624094369, -31.735933142 ], [ -51.621352887, -31.734887186 ], [ -51.617592778, -31.730755592 ], [ -51.613263961, -31.729405471 ], [ -51.610365198, -31.72460850400001 ], [ -51.605805717, -31.721652287 ], [ -51.600060541, -31.714594428 ], [ -51.598664107, -31.714711383000012 ], [ -51.594913654, -31.70701153800001 ], [ -51.583345261, -31.69626293 ], [ -51.573091466, -31.684302891000012 ], [ -51.572610565, -31.681669052 ], [ -51.561481864, -31.670045684 ], [ -51.544210899, -31.64612179 ], [ -51.542354506, -31.64111061 ], [ -51.529801221, -31.620975179 ], [ -51.50967928, -31.596875812 ], [ -51.507401047, -31.590999823 ], [ -51.502552764, -31.590423135 ], [ -51.498410317, -31.583157403 ], [ -51.475152581, -31.565955597 ], [ -51.474059945, -31.566431985 ], [ -51.475691699, -31.56904671 ], [ -51.474387727, -31.570242844 ], [ -51.474266939, -31.578946081 ], [ -51.471251905, -31.581466627 ], [ -51.469757386, -31.5897048 ], [ -51.447526858, -31.606262088 ], [ -51.444207058, -31.615656359 ], [ -51.440609933, -31.620942008 ], [ -51.437960714, -31.623704175 ], [ -51.436945974, -31.619564567 ], [ -51.435844563000011, -31.619865594 ], [ -51.436075811, -31.623549354 ], [ -51.43501162, -31.623624436 ], [ -51.433728394, -31.621937845 ], [ -51.436683948, -31.614128285 ], [ -51.440829628, -31.609353245 ], [ -51.445728724, -31.600099078 ], [ -51.450535507, -31.594956214 ], [ -51.458651615, -31.578356902 ], [ -51.462157904, -31.567049256 ], [ -51.460786898, -31.556299632 ], [ -51.455572813, -31.553792424999987 ], [ -51.457169469, -31.551267538 ], [ -51.455715374, -31.546373546 ], [ -51.446770293, -31.53617158 ], [ -51.446441411, -31.530930512 ], [ -51.448191574, -31.527484671 ], [ -51.450010581, -31.528007365 ], [ -51.460472436, -31.544382373 ], [ -51.461977745, -31.552562708 ], [ -51.464007007, -31.554360845 ], [ -51.463715821, -31.551001867 ], [ -51.455116184, -31.528850682 ], [ -51.440593538, -31.506683373 ], [ -51.44045295, -31.504308777 ], [ -51.436481145, -31.504023304 ], [ -51.428176232, -31.491998146 ], [ -51.423095198, -31.48835001 ], [ -51.421546712, -31.488102632 ], [ -51.420347706, -31.489791546 ], [ -51.422371489, -31.499936593 ], [ -51.420712107, -31.50344536 ], [ -51.416344223, -31.509556899 ], [ -51.410634291, -31.514151044 ], [ -51.399308882, -31.520405417 ], [ -51.383114402, -31.526970233 ], [ -51.37161123, -31.530416018 ], [ -51.361106626, -31.532032439 ], [ -51.343206584, -31.527911062 ], [ -51.336450021, -31.523087732 ], [ -51.310643674, -31.512847734 ], [ -51.297108653, -31.506098475 ], [ -51.282405993, -31.496931402999987 ], [ -51.264335053, -31.482786228 ], [ -51.233176737, -31.452644712 ], [ -51.211821208, -31.422752323 ], [ -51.203876265, -31.413635465 ], [ -51.194769127, -31.398170117 ], [ -51.178125115, -31.36242487 ], [ -51.166790357, -31.324798656 ], [ -51.164166229, -31.310338167 ], [ -51.160604996, -31.301713098 ], [ -51.157476994, -31.284712332 ], [ -51.156479032999989, -31.268058094 ], [ -51.157683337, -31.237769857 ], [ -51.163312472, -31.197317625 ], [ -51.168797808, -31.174554836 ], [ -51.178593503, -31.145015139 ], [ -51.17966534, -31.135296725 ], [ -51.178505453, -31.130891619 ], [ -51.18083966, -31.125393893 ], [ -51.180130256, -31.103288783 ], [ -51.176891151, -31.079768041 ], [ -51.167779717, -31.062690871 ], [ -51.165500118, -31.061948535 ], [ -51.164360068, -31.069528875 ], [ -51.165941952, -31.066873746 ], [ -51.166433445, -31.068325025 ], [ -51.16269122, -31.075424512 ], [ -51.14912155, -31.087502925 ], [ -51.12465258, -31.098174458 ], [ -51.110760628, -31.100020243 ], [ -51.103615485, -31.099380467 ], [ -51.091205187, -31.093535981 ], [ -51.084824862, -31.08758065 ], [ -51.048529837, -31.06159242 ], [ -51.037555022, -31.058380892 ], [ -51.023703992, -31.051536331 ], [ -51.000273739, -31.047823106 ], [ -50.994951678, -31.048103178 ], [ -50.981047847, -31.039816216 ], [ -50.981768757, -31.041244603 ], [ -50.980558237, -31.041051357 ], [ -50.975396568, -31.034085626 ], [ -50.972393535, -31.032925524 ], [ -50.96446872300001, -31.016059864 ], [ -50.96015815, -31.013605074 ], [ -50.956985582, -31.009565324 ], [ -50.954296719, -31.000602871 ], [ -50.955709137, -30.999008293 ], [ -50.955979059, -30.993120661 ], [ -50.952513501, -30.982084789 ], [ -50.952165136, -30.954869904999985 ], [ -50.966454343, -30.908855544 ], [ -50.968087548, -30.897820428 ], [ -50.96676356, -30.896107458 ], [ -50.957703873, -30.899927664 ], [ -50.941528829, -30.90397863 ], [ -50.919638944, -30.906387316 ], [ -50.904586065, -30.90403724 ], [ -50.895123156, -30.899730287 ], [ -50.88394568, -30.892627838 ], [ -50.883434621, -30.890640703 ], [ -50.882341926, -30.891587852 ], [ -50.878072384, -30.885033221 ], [ -50.856929857, -30.865411892 ], [ -50.846340419, -30.858915606 ], [ -50.835792509, -30.856034742 ], [ -50.831461017, -30.853024855 ], [ -50.828064762, -30.852174759 ], [ -50.825600332, -30.853485334 ], [ -50.823403, -30.852182269000011 ], [ -50.822752316, -30.845465908 ], [ -50.819360517, -30.840563377 ], [ -50.816488867, -30.84119592 ], [ -50.790483474, -30.829396528 ], [ -50.775242263, -30.827328454 ], [ -50.765177376, -30.823142708 ], [ -50.762109046, -30.823159873 ], [ -50.759350752, -30.821667832 ], [ -50.759017269, -30.820048883 ], [ -50.753776734, -30.818937213 ], [ -50.749680086, -30.814259655 ], [ -50.744463806, -30.812286602 ], [ -50.744740562, -30.810777577 ], [ -50.741035118, -30.80784818 ], [ -50.74083007, -30.805377101 ], [ -50.7207657, -30.779748255 ], [ -50.7174725, -30.774090583 ], [ -50.717021375, -30.766669731 ], [ -50.715942112, -30.765433815 ], [ -50.715050253, -30.767200298 ], [ -50.713858581, -30.766228301 ], [ -50.711616058, -30.758919815 ], [ -50.709717596, -30.758854599 ], [ -50.701987434, -30.746327211 ], [ -50.700260742, -30.733212117 ], [ -50.698924373, -30.734169573 ], [ -50.697574262, -30.725735349 ], [ -50.69011594, -30.706924308 ], [ -50.683275285, -30.663600451999987 ], [ -50.679541506, -30.609172518 ], [ -50.686429991, -30.500800317 ], [ -50.696375588, -30.441098821 ], [ -50.700513052, -30.424762646 ], [ -50.707880118, -30.409152960000011 ], [ -50.724777876, -30.383973606000012 ], [ -50.729115699, -30.375029263999988 ], [ -50.72949418, -30.36813728 ], [ -50.726298468, -30.365069461 ], [ -50.721924329, -30.36395226 ], [ -50.721856149, -30.360882449 ], [ -50.71754034500001, -30.351986366 ], [ -50.715717891, -30.351346671 ], [ -50.710834294, -30.353967636 ], [ -50.708455954, -30.35386277 ], [ -50.70558488, -30.347630926 ], [ -50.699101496, -30.345990315 ], [ -50.69892148, -30.350109286 ], [ -50.693650929, -30.351694138 ], [ -50.686698257, -30.356837817 ], [ -50.679627038, -30.368818074 ], [ -50.65846878, -30.384288142 ], [ -50.653383698, -30.389665907 ], [ -50.64874998, -30.391322782 ], [ -50.647879691999989, -30.395465323 ], [ -50.645673065, -30.396702983 ], [ -50.643441884, -30.395919292 ], [ -50.641233908, -30.392909089 ], [ -50.644792668, -30.388204706 ], [ -50.641218584, -30.386699749 ], [ -50.638704375, -30.387044338 ], [ -50.640843431, -30.388718003 ], [ -50.63459863, -30.39324141 ], [ -50.629637664, -30.391531898 ], [ -50.623994629, -30.392101954 ], [ -50.635298386, -30.387379457 ], [ -50.634673904, -30.38613314 ], [ -50.631258754, -30.38655354 ], [ -50.630182494, -30.383097346 ], [ -50.636223255, -30.381080752 ], [ -50.63792066300001, -30.378931571 ], [ -50.63211629, -30.374885112 ], [ -50.6305835, -30.367629985 ], [ -50.630971199, -30.361427434 ], [ -50.633801705, -30.356998371 ], [ -50.635617023, -30.341003078 ], [ -50.63257221, -30.332513995 ], [ -50.628614572, -30.328300485 ], [ -50.625066454, -30.328410064 ], [ -50.626419801, -30.34369013 ], [ -50.620663298, -30.356773308 ], [ -50.596732068, -30.391018583 ], [ -50.593358175, -30.394166269 ], [ -50.593098814, -30.400342166 ], [ -50.596656453, -30.401804735 ], [ -50.603938391, -30.399597613 ], [ -50.611751431, -30.405267408 ], [ -50.616106492, -30.404332925 ], [ -50.619646271, -30.406719136 ], [ -50.620933925, -30.409353499 ], [ -50.619679699, -30.410307967 ], [ -50.62197727, -30.412159991 ], [ -50.625563135, -30.411889392 ], [ -50.629136734, -30.407040791999989 ], [ -50.633294343, -30.406183558999984 ], [ -50.642363296, -30.409720894 ], [ -50.645687345, -30.412653386 ], [ -50.650184153, -30.413571746 ], [ -50.653734011, -30.417494042 ], [ -50.656430566, -30.426257777 ], [ -50.656425942, -30.430846113 ], [ -50.653096212, -30.43981338 ], [ -50.654407107, -30.442961798 ], [ -50.652091118, -30.444747396 ], [ -50.651027753, -30.448854326 ], [ -50.649210092, -30.448674323 ], [ -50.647808685, -30.450512131 ], [ -50.649217241, -30.453605421 ], [ -50.640415494, -30.463397022999988 ], [ -50.634784089, -30.466203701 ], [ -50.630789641, -30.470685471999989 ], [ -50.61452447, -30.482028065 ], [ -50.611097904, -30.485710938 ], [ -50.597138276, -30.490885994 ], [ -50.582661198, -30.490135548 ], [ -50.574420037, -30.481475761 ], [ -50.574590491, -30.477594063 ], [ -50.571326189, -30.471059072 ], [ -50.574501248, -30.464323572 ], [ -50.57233198, -30.460914018 ], [ -50.568671281, -30.458420579 ], [ -50.56732936, -30.454893897 ], [ -50.564514472, -30.437576389 ], [ -50.567039198, -30.429701867 ], [ -50.564663083, -30.423041405 ], [ -50.562923939, -30.409688785 ], [ -50.565627434, -30.404206344999988 ], [ -50.565331817, -30.397875421 ], [ -50.567466777, -30.395712605 ], [ -50.565637061, -30.387912017 ], [ -50.559098496, -30.379313497 ], [ -50.558551321, -30.375476011 ], [ -50.55365908, -30.371572804999989 ], [ -50.551070281, -30.366428775 ], [ -50.553548167, -30.365691057 ], [ -50.553425309, -30.364121455 ], [ -50.54957871, -30.363917337 ], [ -50.545316332, -30.355979381 ], [ -50.543696712, -30.342150304 ], [ -50.546605657, -30.338752777 ], [ -50.546262581, -30.331224637 ], [ -50.549502871, -30.326613669 ], [ -50.555442495, -30.32205741 ], [ -50.55538316, -30.316831297 ], [ -50.543012059, -30.299922414 ], [ -50.542173506, -30.290603922999988 ], [ -50.543833166, -30.281954265 ], [ -50.542417631, -30.278556173 ], [ -50.539209557, -30.276669012 ], [ -50.537779557, -30.273866221999988 ], [ -50.539129897, -30.269109047 ], [ -50.538527621, -30.26461755 ], [ -50.542996241, -30.254978519 ], [ -50.542626344, -30.25233441100001 ], [ -50.544395437, -30.253200278 ], [ -50.545902635, -30.251245515 ], [ -50.549755483, -30.251710145 ], [ -50.54925767, -30.248973457 ], [ -50.552122688, -30.249920326 ], [ -50.553528615, -30.252017553 ], [ -50.560468789, -30.251681545 ], [ -50.568281202, -30.246591301 ], [ -50.568704547, -30.243385767 ], [ -50.570766244, -30.241158587 ], [ -50.573077435, -30.243026931999989 ], [ -50.572965489, -30.240145363 ], [ -50.577391095, -30.235355315 ], [ -50.577567324, -30.233989985 ], [ -50.575454968, -30.234002452999984 ], [ -50.575623388, -30.233162361 ], [ -50.581343268, -30.228437474 ], [ -50.580818496, -30.224505072 ], [ -50.585503358, -30.222010679 ], [ -50.586042659, -30.218405195 ], [ -50.59050546, -30.212547567 ], [ -50.592621278, -30.204437841 ], [ -50.595699195, -30.200567396 ], [ -50.595015069, -30.198922841 ], [ -50.596492337, -30.194944142 ], [ -50.601946372, -30.192231963 ], [ -50.598227848, -30.196015685 ], [ -50.604319236, -30.19564794 ], [ -50.607356183, -30.197670533 ], [ -50.610955714, -30.197742782 ], [ -50.612897588, -30.200013675 ], [ -50.617462409, -30.200207092 ], [ -50.620740154, -30.198359145 ], [ -50.623063074, -30.199732107 ], [ -50.626178631, -30.198979424 ], [ -50.627394508, -30.196808805 ], [ -50.63022354, -30.196685875 ], [ -50.631996123, -30.194851259 ], [ -50.644323981, -30.192243131 ], [ -50.646302518, -30.194555061 ], [ -50.65159236, -30.195113706 ], [ -50.658888056, -30.199923311 ], [ -50.661227853, -30.208838218000011 ], [ -50.660681651, -30.214975756 ], [ -50.664073887, -30.222003026 ], [ -50.663394172, -30.230461652 ], [ -50.66641117, -30.236615886 ], [ -50.668892687, -30.254881782 ], [ -50.667898921, -30.257157572 ], [ -50.665785651, -30.257153421 ], [ -50.665684178, -30.258678556 ], [ -50.667207296, -30.259412191 ], [ -50.663482363, -30.270380975 ], [ -50.654966177, -30.281468944 ], [ -50.65494056, -30.284060429 ], [ -50.66222007, -30.289748498 ], [ -50.668372896, -30.291476964 ], [ -50.673244081, -30.296640845 ], [ -50.685759471, -30.298357788 ], [ -50.692016125, -30.297023344 ], [ -50.703681372, -30.296869417 ], [ -50.708619157, -30.299263095 ], [ -50.711742639, -30.298130154 ], [ -50.721500704, -30.29931661 ], [ -50.736491244, -30.295670058 ], [ -50.750731218, -30.296707228 ], [ -50.756756166, -30.292523761 ], [ -50.763696079, -30.29139653 ], [ -50.772021827, -30.296617941 ], [ -50.773651608, -30.293279822 ], [ -50.773075787, -30.288669647 ], [ -50.778245813, -30.288832929 ], [ -50.78200861, -30.28477285 ], [ -50.784728271, -30.28501087 ], [ -50.787555063, -30.288563955 ], [ -50.794867658, -30.312348774 ], [ -50.792819778, -30.326383258 ], [ -50.788900851, -30.333368248 ], [ -50.781686953, -30.329117889 ], [ -50.787868198, -30.326764827 ], [ -50.783784231, -30.324504024 ], [ -50.776661577, -30.327238428 ], [ -50.773498523, -30.332203562 ], [ -50.775866584, -30.333970862 ], [ -50.796979978, -30.338382131 ], [ -50.805117457, -30.336504267 ], [ -50.816111734, -30.331209812 ], [ -50.832388916, -30.325535724 ], [ -50.838263585, -30.324841246 ], [ -50.844017043, -30.320757096 ], [ -50.852248869, -30.321314 ], [ -50.854566381, -30.322582957 ], [ -50.865344846, -30.321637195 ], [ -50.884887763, -30.323672947 ], [ -50.892726972, -30.321688658 ], [ -50.90124638, -30.322106 ], [ -50.91483605, -30.32639132700001 ], [ -50.922120791, -30.33217138 ], [ -50.927036217, -30.338158671 ], [ -50.934552766, -30.355565486 ], [ -50.938553327, -30.375099074 ], [ -50.939209545, -30.394132458 ], [ -50.937609568, -30.40686709 ], [ -50.931941036, -30.42561955 ], [ -50.927172797, -30.43382566 ], [ -50.922882815, -30.436231485 ], [ -50.921002718, -30.435118125 ], [ -50.91818316, -30.437319564 ], [ -50.9101016, -30.438220253 ], [ -50.901141658, -30.441762314 ], [ -50.902096401, -30.443185725 ], [ -50.899167533, -30.442043573 ], [ -50.902634812, -30.44377899 ], [ -50.914388378, -30.44019198 ], [ -50.913462531, -30.441381585 ], [ -50.916521517, -30.440678627 ], [ -50.930036992, -30.43577062300001 ], [ -50.946050903, -30.426399001 ], [ -50.97340839, -30.407617091 ], [ -50.998382505, -30.395102348 ], [ -51.01300559, -30.389662625 ], [ -51.026686305, -30.386688669 ], [ -51.038672015, -30.386084456 ], [ -51.04208491, -30.389811697 ], [ -51.045888707, -30.389035002 ], [ -51.048267, -30.391492902 ], [ -51.05557806, -30.39198048 ], [ -51.05959291, -30.385584819 ], [ -51.053470231, -30.385327999 ], [ -51.052256506, -30.381625392 ], [ -51.047399989, -30.381495994 ], [ -51.04521702, -30.377432498 ], [ -51.047698625, -30.374785971 ], [ -51.047618316, -30.373130883 ], [ -51.04245882, -30.372432873 ], [ -51.041294745, -30.366374899 ], [ -51.04513227, -30.364170136 ], [ -51.046068771, -30.359638917 ], [ -51.049568986, -30.357669784 ], [ -51.065253676, -30.356627095 ], [ -51.068039667, -30.358281553 ], [ -51.06873531, -30.355019401 ], [ -51.068082231, -30.353543486 ], [ -51.050984653, -30.349227958 ], [ -51.049817092, -30.344590659 ], [ -51.044835298, -30.341872131 ], [ -51.039833506, -30.342935493 ], [ -51.036425882, -30.336358859 ], [ -51.03419803, -30.337033167 ], [ -51.031602251, -30.333870607 ], [ -51.029674015, -30.327244432 ], [ -51.040243166, -30.325215749 ], [ -51.039298007, -30.323717785 ], [ -51.027704597, -30.323640784 ], [ -51.025789771, -30.321297684 ], [ -51.026297009, -30.319485562 ], [ -51.023861691, -30.316369788 ], [ -51.019801426, -30.296508541 ], [ -51.023259807, -30.286264593 ], [ -51.022484511, -30.284153791 ], [ -51.024424068, -30.284070749 ], [ -51.030762464, -30.274475157 ], [ -51.042727082, -30.268674332 ], [ -51.048422505, -30.267924693 ], [ -51.056677594999989, -30.271132085 ], [ -51.059210999, -30.276710485 ], [ -51.064718708, -30.276235398 ], [ -51.069305221, -30.271285276 ], [ -51.069474304, -30.269234589 ], [ -51.063343148, -30.263815599 ], [ -51.06313028, -30.256949807 ], [ -51.06535308, -30.252970861 ], [ -51.06975548, -30.247130319 ], [ -51.076499176, -30.243384425 ], [ -51.089401447, -30.240983309 ], [ -51.096772409, -30.241538764 ], [ -51.100404112, -30.243256551 ], [ -51.102838799, -30.246149073 ], [ -51.1064344, -30.242976758 ], [ -51.106155038, -30.248201221 ], [ -51.101388774, -30.249960911 ], [ -51.102514473, -30.25229626 ], [ -51.100854111, -30.256083379 ], [ -51.099031802, -30.257107951 ], [ -51.103747073, -30.259930467 ], [ -51.106601349, -30.258983538 ], [ -51.10468514, -30.256371205 ], [ -51.104933913, -30.251845181 ], [ -51.11371879, -30.246370861 ], [ -51.118641609, -30.245859934 ], [ -51.12308651, -30.246693165 ], [ -51.123735155, -30.248179647 ], [ -51.128205512, -30.247770492 ], [ -51.132624105, -30.251646195 ], [ -51.136937932, -30.259729564 ], [ -51.137310527, -30.265829998 ], [ -51.133686474, -30.269413694 ], [ -51.140486167, -30.268062948 ], [ -51.142686314, -30.265662333 ], [ -51.149978164, -30.263404814 ], [ -51.159617639, -30.261959774 ], [ -51.157333748, -30.260976841 ], [ -51.155502209, -30.25684646 ], [ -51.155067417, -30.248576121999989 ], [ -51.15270447, -30.248520929 ], [ -51.151870589, -30.246483536 ], [ -51.152751146999989, -30.242931215999988 ], [ -51.155040814, -30.240611908000012 ], [ -51.167069531, -30.237423956 ], [ -51.170828218, -30.239077111 ], [ -51.18119456, -30.235245663 ], [ -51.188439531, -30.23583105 ], [ -51.191211151, -30.239420438 ], [ -51.193367539, -30.237769163 ], [ -51.192827611, -30.23481113 ], [ -51.190828106, -30.233299687 ], [ -51.183995315, -30.233166873 ], [ -51.182640155, -30.23192353 ], [ -51.179107178, -30.225371593 ], [ -51.178005922, -30.218499202 ], [ -51.182595576, -30.212946289 ], [ -51.185633315, -30.211980933 ], [ -51.186756433, -30.212779102 ], [ -51.187961447, -30.211139999 ], [ -51.194301829, -30.213625972999989 ], [ -51.199539321, -30.210742822 ], [ -51.19964798, -30.20923723 ], [ -51.195724022, -30.207668278 ], [ -51.194329028, -30.199762042 ], [ -51.199089578, -30.193605721 ], [ -51.206694813, -30.190409928 ], [ -51.214693601, -30.19019548 ], [ -51.222962729, -30.187867938 ], [ -51.23953426, -30.19037075 ], [ -51.248626557, -30.18650413 ], [ -51.248303862, -30.18508297 ], [ -51.241902493, -30.18163641 ], [ -51.237539464, -30.183316466 ], [ -51.232737378, -30.182721408 ], [ -51.226664475, -30.176924035 ], [ -51.226633575, -30.16821335 ], [ -51.232124639, -30.165635452 ], [ -51.233418943, -30.163597671 ], [ -51.232474184, -30.162206121 ], [ -51.230202864, -30.162746317 ], [ -51.228006708, -30.160567707 ], [ -51.225129244, -30.152502563 ], [ -51.225710877, -30.145190345 ], [ -51.228225354, -30.140512307 ], [ -51.23287149, -30.13595402 ], [ -51.244904348, -30.131339832 ], [ -51.245822978, -30.129554552 ], [ -51.244836041, -30.127694898 ], [ -51.24627777, -30.125529084 ], [ -51.261149227, -30.122704071 ], [ -51.262232091, -30.120036404 ], [ -51.25867327800001, -30.110712052 ], [ -51.260240255, -30.110689941 ], [ -51.26087535, -30.112426544 ], [ -51.263481074, -30.111636915 ], [ -51.265118743, -30.109488865 ], [ -51.262382391, -30.108754972 ], [ -51.258671284, -30.110522888 ], [ -51.258738712, -30.108961222 ], [ -51.260811076, -30.10629973 ], [ -51.267706898, -30.103674488 ], [ -51.26674176, -30.103817723 ], [ -51.26647722, -30.099843225 ], [ -51.26509658, -30.098496361 ], [ -51.257465875, -30.096090584 ], [ -51.256765779, -30.097129012 ], [ -51.256357464, -30.095757321 ], [ -51.252907493, -30.096567023 ], [ -51.251400996, -30.094885728 ], [ -51.252333931, -30.094073897 ], [ -51.250371142, -30.092295041 ], [ -51.248260963, -30.082927989 ], [ -51.248462601, -30.081461738 ], [ -51.250597717, -30.081183179 ], [ -51.248266174, -30.078366096 ], [ -51.244745014, -30.076777769999989 ], [ -51.240895213, -30.070067665 ], [ -51.239926158, -30.063336982 ], [ -51.234792848, -30.05901995 ], [ -51.234037196, -30.047801338 ], [ -51.23285869, -30.047208265 ], [ -51.23556344, -30.046262245 ], [ -51.23781337, -30.047101563 ], [ -51.235389307, -30.044271024 ], [ -51.24163874, -30.041786787999989 ], [ -51.242395775, -30.035258548999987 ], [ -51.250240572, -30.035299554 ], [ -51.257229848, -30.048355712 ], [ -51.262489047, -30.053567354 ], [ -51.266939299, -30.055753686 ], [ -51.266536165, -30.057113622 ], [ -51.27042384, -30.058554643 ], [ -51.270431339, -30.060056872 ], [ -51.271993417, -30.059222519 ], [ -51.271401451, -30.054939894 ], [ -51.265857787, -30.053404556 ], [ -51.262235825, -30.049489812 ], [ -51.262673706, -30.040257216 ], [ -51.259548789, -30.033683718 ], [ -51.264279818, -30.035746778 ], [ -51.270043712, -30.03547163 ], [ -51.271923664, -30.040554851 ], [ -51.279638452, -30.037839361 ], [ -51.269035293, -30.028421002 ], [ -51.268158961, -30.016479417 ], [ -51.27568523, -30.013690745 ], [ -51.277647053, -30.010917461 ], [ -51.27813719, -30.017416302 ], [ -51.281122992, -30.022104015 ], [ -51.282615743, -30.021930167 ], [ -51.286144387, -30.014854244 ], [ -51.289390514, -30.011892654 ], [ -51.290282816, -30.002224323000011 ], [ -51.29240518, -30.000309703 ], [ -51.2957726, -30.000455504 ], [ -51.295760261, -30.002056481 ], [ -51.299372344, -30.002625555 ], [ -51.302286615, -30.009900734 ], [ -51.3014505, -30.012328731 ], [ -51.304193354, -30.027519969 ], [ -51.302070181, -30.035763018 ], [ -51.297455787, -30.035893769 ], [ -51.296386173, -30.041290361 ], [ -51.292377175, -30.047595707 ], [ -51.295760223, -30.045432025 ], [ -51.297344803, -30.042233275 ], [ -51.299980132, -30.041623787 ], [ -51.301705955, -30.042655434 ], [ -51.302131444, -30.048115175 ], [ -51.299212151, -30.051154968 ], [ -51.301359838, -30.052358155 ], [ -51.300102488, -30.053216625 ], [ -51.301150675, -30.054175889 ], [ -51.305191628, -30.053990645 ], [ -51.305672305, -30.061548991 ], [ -51.309127797, -30.061814726 ], [ -51.308540731, -30.065231496 ], [ -51.310221868, -30.071672158 ], [ -51.312436527, -30.072921246 ], [ -51.310867787, -30.076435572 ], [ -51.311382958, -30.080707428 ], [ -51.314224613, -30.080895547 ], [ -51.313674686, -30.084399252 ], [ -51.308414783, -30.08619417 ], [ -51.308416992, -30.087691327000012 ], [ -51.309958136, -30.087328753 ], [ -51.310517503, -30.088732132 ], [ -51.307600713, -30.090558581 ], [ -51.306501245, -30.093931477 ], [ -51.306971025, -30.097279662 ], [ -51.31151304, -30.103042208 ], [ -51.31092018, -30.107553933 ], [ -51.314169543, -30.112856573 ], [ -51.312383374, -30.120489741 ], [ -51.313801242, -30.122003211 ], [ -51.314410254, -30.127538773 ], [ -51.313157544, -30.130376084 ], [ -51.306220719, -30.131959043 ], [ -51.305812818, -30.134582453 ], [ -51.306575588, -30.135884083 ], [ -51.310864437, -30.136063126 ], [ -51.310096725, -30.137493773 ], [ -51.317675519, -30.144490204 ], [ -51.321737796, -30.150532247 ], [ -51.324562335, -30.168442714 ], [ -51.323679098, -30.172834162 ], [ -51.314821288, -30.188745118 ], [ -51.316420605, -30.19256767400001 ], [ -51.315053906, -30.19425569 ], [ -51.318849715, -30.19931276 ], [ -51.321179896, -30.206454135 ], [ -51.321545498, -30.210039126 ], [ -51.31990246, -30.21397499 ], [ -51.322417594, -30.212789368 ], [ -51.324914747, -30.214006161999986 ], [ -51.329796424, -30.230352691 ], [ -51.324661467, -30.235211227 ], [ -51.3187575, -30.23457854 ], [ -51.31677028, -30.23038523 ], [ -51.315461618, -30.237662112 ], [ -51.312568057, -30.240236336 ], [ -51.2923353, -30.231376889 ], [ -51.293623917, -30.232434884 ], [ -51.292566259, -30.233943913 ], [ -51.293739717, -30.236285165 ], [ -51.298703575, -30.240093871 ], [ -51.294854507, -30.246949368 ], [ -51.287464413, -30.249546437 ], [ -51.287353457, -30.250860424 ], [ -51.279714495, -30.250703929 ], [ -51.274871735, -30.248765065 ], [ -51.27497208, -30.249873364 ], [ -51.273358635, -30.249436818 ], [ -51.282524003, -30.256545718 ], [ -51.287672066, -30.257228449 ], [ -51.2875412, -30.25873676 ], [ -51.290072067, -30.255071063 ], [ -51.291859133, -30.254527389 ], [ -51.297956119, -30.259648798 ], [ -51.300938921, -30.274092054 ], [ -51.299256855, -30.280770448 ], [ -51.298882625, -30.292070149 ], [ -51.295273294, -30.302946935 ], [ -51.292258893, -30.304300089 ], [ -51.285318856, -30.304140172 ], [ -51.285080558, -30.306106937 ], [ -51.275927281, -30.308470941 ], [ -51.268281285, -30.308219692 ], [ -51.264543494, -30.306132107 ], [ -51.25993493, -30.306903042 ], [ -51.260661531, -30.305382007 ], [ -51.257197152, -30.30577018 ], [ -51.248401448, -30.311203167 ], [ -51.246296125, -30.31512028 ], [ -51.247443956, -30.316322733 ], [ -51.246528021, -30.319098251 ], [ -51.25015521, -30.324178951 ], [ -51.248812862, -30.325241611 ], [ -51.249628316, -30.327473835 ], [ -51.2472169, -30.328526629 ], [ -51.241238815, -30.325605996 ], [ -51.238520266, -30.316847929999987 ], [ -51.233781621, -30.310454263 ], [ -51.223291647, -30.303587024 ], [ -51.211874004, -30.29956522 ], [ -51.210723727, -30.297919776 ], [ -51.210697941, -30.324077078999988 ], [ -51.207356043, -30.340815663 ], [ -51.200401003, -30.358329647 ], [ -51.19612724, -30.363850063 ], [ -51.196923793, -30.367622858 ], [ -51.191941455, -30.376718651 ], [ -51.18552192, -30.3830535 ], [ -51.179547127, -30.386450559 ], [ -51.155866282, -30.376488954 ], [ -51.145295742, -30.367691705 ], [ -51.128587955, -30.359251323 ], [ -51.121967738, -30.360793434 ], [ -51.108686562, -30.357109182 ], [ -51.098581557, -30.357238848 ], [ -51.094656836, -30.364729578 ], [ -51.096943867, -30.374836349 ], [ -51.095295054, -30.38163564 ], [ -51.097522755, -30.382112406 ], [ -51.097320649, -30.380676373 ], [ -51.100877148, -30.378131064 ], [ -51.103801501, -30.378380666 ], [ -51.104172836, -30.376341627 ], [ -51.119656136, -30.392590283000011 ], [ -51.122061628, -30.396917203 ], [ -51.121467365, -30.405779238 ], [ -51.119226754, -30.408625437 ], [ -51.120435625, -30.410638046 ], [ -51.123610875, -30.410708872000011 ], [ -51.126218175, -30.415592785 ], [ -51.127776179, -30.423319415 ], [ -51.125381873, -30.428555765 ], [ -51.127119988, -30.429789367 ], [ -51.127247258, -30.43247949 ], [ -51.131911974, -30.435298165 ], [ -51.142262537, -30.471433072 ], [ -51.144059351, -30.473185221 ], [ -51.146207025, -30.483975208 ], [ -51.152590721, -30.500266602 ], [ -51.156890756, -30.499311952 ], [ -51.156266736, -30.49318626 ], [ -51.154809709, -30.492448631 ], [ -51.15459599, -30.488517087 ], [ -51.1509237, -30.484108917 ], [ -51.14864639, -30.47349555 ], [ -51.143416256, -30.471022006 ], [ -51.135755715, -30.436786119 ], [ -51.138250727, -30.434578071 ], [ -51.142520304, -30.433893552 ], [ -51.143910479, -30.43253566 ], [ -51.144424651, -30.430686224 ], [ -51.141947464, -30.426546499 ], [ -51.144897748, -30.421563555 ], [ -51.148322241, -30.420130142 ], [ -51.152757219, -30.414157992 ], [ -51.177724992, -30.408506275 ], [ -51.19787928, -30.408032135 ], [ -51.202671529, -30.409184161 ], [ -51.207944106, -30.413688202 ], [ -51.228211427, -30.423049266 ], [ -51.233359529, -30.431988819 ], [ -51.237554187, -30.435111227 ], [ -51.240675709, -30.44040606 ], [ -51.244913559, -30.442790814 ], [ -51.246379296, -30.445845451 ], [ -51.245158426, -30.449150844 ], [ -51.249428668, -30.45203019 ], [ -51.250072266, -30.460407221 ], [ -51.253304495, -30.461511119 ], [ -51.258555037, -30.466901743 ], [ -51.259525186, -30.471794883 ], [ -51.265383366, -30.479774596 ], [ -51.265979424, -30.48464814 ], [ -51.279154847, -30.510403582 ], [ -51.299942447, -30.563949659 ], [ -51.303348573, -30.588550052 ], [ -51.30222999, -30.634448131 ], [ -51.29309973, -30.707675636 ], [ -51.294882757, -30.731355926 ], [ -51.294141288, -30.751557818 ], [ -51.281142797, -30.801667755 ], [ -51.282434795, -30.812538998 ], [ -51.290350251, -30.81752137 ], [ -51.29432797, -30.818825971 ], [ -51.296936972, -30.818054607 ], [ -51.298649128, -30.816344972 ], [ -51.287759175, -30.810477844 ], [ -51.28511944, -30.807256532 ], [ -51.284291834, -30.80245583 ], [ -51.287297811, -30.797513581 ], [ -51.298081004, -30.791908581 ], [ -51.311773214, -30.788636561 ], [ -51.319089322, -30.785528966 ], [ -51.331207947, -30.778481893 ], [ -51.31809393, -30.78351514 ], [ -51.305486318, -30.784318614 ], [ -51.300502952, -30.780041931 ], [ -51.293955343, -30.770891355 ], [ -51.293350275, -30.764775513 ], [ -51.29645295600001, -30.750668403 ], [ -51.297039621, -30.73999227 ], [ -51.299657108, -30.731351606 ], [ -51.306482048, -30.715494059 ], [ -51.316599089, -30.704147678 ], [ -51.314342153, -30.700925881 ], [ -51.316926289, -30.697346112 ], [ -51.31395763, -30.688503027 ], [ -51.319155614, -30.682161707 ], [ -51.319432156, -30.679899163 ], [ -51.316590187, -30.676558069 ], [ -51.318694127, -30.6712509 ], [ -51.319443934, -30.663492464 ], [ -51.316855079, -30.654332717 ], [ -51.317664247, -30.648162196 ], [ -51.327610912, -30.638017291 ], [ -51.33461263800001, -30.633788455 ], [ -51.347887295, -30.631513747 ], [ -51.364097236, -30.633240533 ], [ -51.371645049, -30.636096976 ], [ -51.380929806, -30.64347321 ], [ -51.386964536, -30.655022691999985 ], [ -51.385675561, -30.662234469 ], [ -51.389468908, -30.664619557 ], [ -51.391074049, -30.668738522 ], [ -51.396099136, -30.701846091 ], [ -51.398130615, -30.710142309999988 ], [ -51.400224115, -30.713065584 ], [ -51.405830506, -30.756750616 ], [ -51.403805251, -30.766771417 ], [ -51.404277101, -30.782928484 ], [ -51.402858701, -30.783796237 ], [ -51.395942404, -30.808262514 ], [ -51.39578508, -30.820248044999989 ], [ -51.390580097, -30.840293655 ], [ -51.381715639, -30.860942973 ], [ -51.3726968, -30.872535238 ], [ -51.369010214, -30.874354512 ], [ -51.37602792, -30.877418722 ], [ -51.390084229, -30.879893461 ], [ -51.397614948, -30.878067939 ], [ -51.409195776, -30.87848584 ], [ -51.414890176, -30.875922955 ], [ -51.429384234, -30.875192694 ], [ -51.435959502, -30.873458629 ], [ -51.438590493, -30.870968318 ], [ -51.443538297, -30.870555788 ], [ -51.447032665, -30.872464592999986 ], [ -51.448823933, -30.872183327 ], [ -51.458172379, -30.876855714 ], [ -51.473120841, -30.886828899 ], [ -51.487628916, -30.89991133 ], [ -51.495544687, -30.91211032 ], [ -51.500198531, -30.927695279 ], [ -51.499776779, -30.972414108 ], [ -51.487686761, -31.019549366 ], [ -51.465753782, -31.065035055 ], [ -51.451997235, -31.082151013 ], [ -51.441814018, -31.088052883 ], [ -51.456924476, -31.092068111 ], [ -51.46153818, -31.095293153999989 ], [ -51.470714729, -31.098138421 ], [ -51.511958721, -31.104639049 ], [ -51.533281414, -31.111565735 ], [ -51.538092107, -31.115082011 ], [ -51.540990481, -31.112684397 ], [ -51.545424933, -31.111642073 ], [ -51.550085237, -31.112151728000011 ], [ -51.55448821, -31.114069981 ], [ -51.567272138, -31.128626819 ], [ -51.577842212, -31.129745462 ], [ -51.58176721, -31.128317147 ], [ -51.585713056, -31.130034666 ], [ -51.601963403, -31.131741756 ], [ -51.617990178, -31.139558979 ], [ -51.62866634200001, -31.15295407 ], [ -51.639424917, -31.180730941 ], [ -51.641310255, -31.187677884 ], [ -51.643590368, -31.211130876999984 ], [ -51.642569607, -31.226076514 ], [ -51.639178362, -31.241833312 ], [ -51.634457354, -31.255486484 ], [ -51.628284297, -31.265451386 ], [ -51.62269156, -31.267386539 ], [ -51.61832799, -31.266498889 ], [ -51.616719562, -31.267687996 ], [ -51.619141223, -31.268951772 ], [ -51.664225367, -31.271116656 ], [ -51.68076398, -31.270484731 ], [ -51.706671251, -31.265621083999985 ], [ -51.713362944, -31.265764606 ], [ -51.724307461, -31.27109335 ], [ -51.729659116, -31.277516252 ], [ -51.73572207, -31.279083772 ], [ -51.737466984, -31.280832035 ], [ -51.740821342, -31.281692552 ], [ -51.745376899, -31.277544047 ], [ -51.749095413, -31.277310784 ], [ -51.749935501, -31.278822145 ], [ -51.745600582, -31.280855932 ], [ -51.745836247, -31.2825172 ], [ -51.751519986, -31.27941878 ], [ -51.753159897, -31.279937925 ], [ -51.753507743, -31.282410781 ], [ -51.757147481, -31.286132135 ], [ -51.758638974, -31.286093238 ], [ -51.759283658, -31.283929818 ], [ -51.762705654, -31.28398492 ], [ -51.763842511, -31.282103224 ], [ -51.767557536, -31.282691633 ], [ -51.768785447, -31.278366321 ], [ -51.777108338, -31.27528096 ], [ -51.790475371, -31.273267296 ], [ -51.794589909, -31.27396547 ], [ -51.811742104, -31.285749679 ], [ -51.822954466, -31.295840757000011 ], [ -51.826776189, -31.302847003 ], [ -51.833930501, -31.306396671 ], [ -51.843935268, -31.32324855 ], [ -51.857737799, -31.331836654 ], [ -51.855248576, -31.33635731 ], [ -51.860240603, -31.331626829 ], [ -51.85968226, -31.326115818 ], [ -51.858684752, -31.32770408 ], [ -51.858081028, -31.326752718 ], [ -51.857477237, -31.316063815 ], [ -51.860094629, -31.312209718 ], [ -51.866690593, -31.307659812 ], [ -51.872471157, -31.300328943 ], [ -51.870229545, -31.297373231 ], [ -51.867122664, -31.296599493 ], [ -51.866796848, -31.295067626 ], [ -51.871142094, -31.294773624 ], [ -51.871426497, -31.293431299 ], [ -51.876132842, -31.298530357 ], [ -51.876446811, -31.30190855 ], [ -51.874144009, -31.304009137 ], [ -51.875633587, -31.305749578 ], [ -51.875039641, -31.309039723 ], [ -51.882848312, -31.314764172 ], [ -51.882073248, -31.316108351 ], [ -51.883090666, -31.316799542 ], [ -51.878827391, -31.324452571 ], [ -51.884305996, -31.322689184 ], [ -51.885310877, -31.320044118 ], [ -51.892087954, -31.315682513 ], [ -51.902431527, -31.31354635 ], [ -51.906297595, -31.313904256 ], [ -51.9130443, -31.310044123 ], [ -51.919462762, -31.310765857 ], [ -51.93056104, -31.31893459 ], [ -51.93183072, -31.321081116 ], [ -51.931397966, -31.327078189 ], [ -51.927992124, -31.328900503 ], [ -51.921445718, -31.327869631 ], [ -51.922988952, -31.331862718 ], [ -51.932729492, -31.335148594 ], [ -51.938999927, -31.335175457 ], [ -51.944606788, -31.338943139 ], [ -51.94864382, -31.339322375 ], [ -51.953500245, -31.34365204 ], [ -51.960130675, -31.352783053 ], [ -51.963224145, -31.362728656 ], [ -51.962421165, -31.370027358 ], [ -51.960679221, -31.372990444 ], [ -51.951779247, -31.375467962 ], [ -51.947822979, -31.374687944 ], [ -51.948606501, -31.375499327 ], [ -51.95629105, -31.376329743 ], [ -51.962258628, -31.379016884 ], [ -51.967269114, -31.377924223000011 ], [ -51.969812093, -31.378578507 ], [ -51.975865504, -31.380425149 ], [ -51.980635811, -31.383721911 ], [ -51.987068121, -31.394544511 ], [ -52.001149894, -31.440915664 ], [ -52.00833076, -31.493233625 ], [ -52.007677683, -31.500250858 ], [ -52.01023604600001, -31.500941631 ], [ -52.009506965, -31.502954482 ], [ -52.01793487, -31.540338344 ], [ -52.015644153, -31.570036091 ], [ -52.013704596, -31.58180565 ], [ -52.011389049, -31.585652078 ], [ -52.012185236, -31.588352224 ], [ -52.010942175, -31.59413488 ], [ -52.013451626, -31.59719978 ], [ -52.009932853, -31.597640935 ], [ -52.011120081, -31.606834394 ], [ -52.01004621, -31.614158731 ], [ -52.013449821, -31.619365401 ], [ -52.021197093, -31.662438235 ], [ -52.030653012, -31.692345283 ], [ -52.032683416, -31.695211309 ], [ -52.036026072, -31.695788453 ], [ -52.057219091, -31.683205197 ], [ -52.058874825, -31.67901617 ], [ -52.0620438, -31.679098592 ], [ -52.063678089, -31.681313463 ], [ -52.066450616, -31.681697219 ], [ -52.067914998, -31.677202215 ], [ -52.06961691, -31.677123379 ], [ -52.076902151, -31.681983178 ], [ -52.085097338, -31.682018954 ], [ -52.086870524, -31.683456611999986 ], [ -52.104144163, -31.684662935 ], [ -52.120517134, -31.689334016 ], [ -52.127434808, -31.690137206 ], [ -52.152364323, -31.699336818 ], [ -52.163539362, -31.707556246 ], [ -52.192928635, -31.722579244 ], [ -52.209236918, -31.735507378 ], [ -52.225767497, -31.751898076 ], [ -52.227806941, -31.760314596 ], [ -52.226708362, -31.767931857 ], [ -52.223064265, -31.777518002 ], [ -52.21898793, -31.783500368 ], [ -52.223039936, -31.786738899 ], [ -52.223374078, -31.79179373 ], [ -52.219669136, -31.79368506 ], [ -52.215517953, -31.799334426 ], [ -52.212616327, -31.807639415 ], [ -52.213421535, -31.809869677 ], [ -52.217098086, -31.811146555 ], [ -52.215492659, -31.80845067 ], [ -52.219331127, -31.804425334 ], [ -52.22008872, -31.808374342 ], [ -52.223459433, -31.813379602 ], [ -52.229403637, -31.806544918000011 ], [ -52.23049459, -31.806495164 ], [ -52.230503476, -31.809075822 ], [ -52.236151772, -31.804986739 ], [ -52.22270938, -31.819614874 ], [ -52.221884595, -31.83701241 ], [ -52.223011479, -31.843373952 ], [ -52.226707053, -31.848480146 ], [ -52.232693838, -31.840965234 ], [ -52.240458647, -31.838467056 ], [ -52.247719185, -31.839036093 ], [ -52.255193139, -31.844717324 ], [ -52.256827252, -31.849349882 ], [ -52.25451753, -31.864816733 ], [ -52.248733144, -31.87784271400001 ], [ -52.242258717, -31.883195739 ], [ -52.234483444, -31.894685885 ], [ -52.228947388, -31.895595287 ], [ -52.228563127, -31.884359064 ], [ -52.23626095, -31.883246138 ], [ -52.238224651, -31.879766855 ], [ -52.232167597, -31.873912268 ], [ -52.221418704, -31.872509125 ], [ -52.206916578, -31.88825281 ], [ -52.185814974, -31.904042241 ], [ -52.165212236, -31.911696196000012 ], [ -52.147333828, -31.915578918 ], [ -52.137620159, -31.919294085 ], [ -52.129614629, -31.927034114 ], [ -52.126947669, -31.933224995 ], [ -52.123045915, -31.933485689 ], [ -52.112918932, -31.943099239 ], [ -52.111196896, -31.950695857 ], [ -52.113105091, -31.955931012 ], [ -52.115042312, -31.947792992 ], [ -52.121763982, -31.944977642 ], [ -52.134237958999989, -31.950925482 ], [ -52.142022657, -31.952300047 ], [ -52.144226216, -31.951511789 ], [ -52.145991373, -31.947531679999987 ], [ -52.144801975, -31.942446321 ], [ -52.142307012, -31.942482894 ], [ -52.141432627, -31.940624494 ], [ -52.142284291, -31.936200088 ], [ -52.144542209, -31.933792399000012 ], [ -52.145424084, -31.928589405 ], [ -52.150665536, -31.928276294 ], [ -52.153176812, -31.929361403 ], [ -52.155524685, -31.933864845 ], [ -52.153935345, -31.941253987 ], [ -52.148333459, -31.947054623 ], [ -52.15218041, -31.951616029 ], [ -52.166986615, -31.944149637 ], [ -52.168644679, -31.948229051 ], [ -52.171966422, -31.949396713 ], [ -52.175051993, -31.953417241 ], [ -52.180765535, -31.95095572 ], [ -52.18536656, -31.950721292 ], [ -52.186746054, -31.955833376 ], [ -52.189243464, -31.957467589 ], [ -52.187638632, -31.959080247 ], [ -52.187531844, -31.963707667 ], [ -52.20331607, -31.963500081 ], [ -52.207443548, -31.966429196 ], [ -52.212574395, -31.961547963 ], [ -52.218631644, -31.95999751 ], [ -52.223311041, -31.972518209 ], [ -52.228635729, -31.975366025 ], [ -52.229666531, -31.979269142 ], [ -52.239399995, -31.98523536 ], [ -52.235399039, -31.994394487 ], [ -52.237651895, -31.998231574 ], [ -52.235920416, -32.001378555 ], [ -52.23714502, -32.00602364 ], [ -52.234160651, -32.016535714 ], [ -52.23490842, -32.019717145 ], [ -52.238480255, -32.024088293 ], [ -52.242359128, -32.025040116 ], [ -52.24382722, -32.02688805 ], [ -52.24246053, -32.031149152 ], [ -52.244490132, -32.040362141 ], [ -52.247274238, -32.043734867 ], [ -52.249150252, -32.049761112 ], [ -52.248231772, -32.051723891 ], [ -52.243607786, -32.046309678 ], [ -52.236399588, -32.044980724 ], [ -52.233036249, -32.043060331 ], [ -52.228748186, -32.036434888 ], [ -52.212366236, -32.035868754 ], [ -52.203867507, -32.038389532 ], [ -52.196856938, -32.027036963 ], [ -52.201537603, -32.024003638 ], [ -52.205879563, -32.013727120999988 ], [ -52.205818316, -32.010297383999983 ], [ -52.201922937, -32.007530167 ], [ -52.194515366, -32.006294357 ], [ -52.192912412, -32.00361717 ], [ -52.192480277, -31.998184158 ], [ -52.195839936, -31.996332241 ], [ -52.196093429, -31.992521078 ], [ -52.189783251, -31.987637319 ], [ -52.188247426, -31.982859351 ], [ -52.185668538, -31.981568365 ], [ -52.18546241, -31.982632038 ], [ -52.182024304, -31.982574736 ], [ -52.180900834, -31.981269325 ], [ -52.175371585, -31.980525485 ], [ -52.175578668999989, -31.979312175 ], [ -52.165472512, -31.980769624 ], [ -52.163159565, -31.983091206 ], [ -52.148641249, -31.980896765 ], [ -52.139087306, -31.983484461 ], [ -52.133197376, -31.983210454 ], [ -52.129121131, -31.981120024 ], [ -52.122948704, -31.980696223 ], [ -52.121212859, -31.978689715 ], [ -52.12230636200001, -31.972280126 ], [ -52.1275666, -31.970387785 ], [ -52.136452457, -31.972483116 ], [ -52.140333936, -31.966959034 ], [ -52.138894088, -31.965430442 ], [ -52.136437494, -31.966259964999985 ], [ -52.133765664, -31.965122564 ], [ -52.134689347, -31.963342827 ], [ -52.137730516, -31.961015312 ], [ -52.142604462, -31.960919888 ], [ -52.149512386, -31.957315985 ], [ -52.14054073, -31.957803462 ], [ -52.131384349, -31.956645747 ], [ -52.128214973, -31.958721475 ], [ -52.127818405, -31.962518629 ], [ -52.129583194, -31.964551621 ], [ -52.135814817, -31.967176782 ], [ -52.13455756, -31.970956812 ], [ -52.122543727999989, -31.968105578 ], [ -52.120204131, -31.968530787 ], [ -52.119656205, -31.978069806 ], [ -52.113109643, -31.978152103 ], [ -52.109320454, -31.981703056 ], [ -52.108405995, -31.984391544 ], [ -52.099732658, -31.991927435 ], [ -52.096142654, -31.996182389 ], [ -52.095207518, -32.005370983 ], [ -52.098208503, -32.00648908 ], [ -52.098830687, -32.004349704 ], [ -52.100650523, -32.003771078 ], [ -52.113254347, -32.010722002999984 ], [ -52.131758911, -32.015370383 ], [ -52.13593053, -32.018106804 ], [ -52.143736054, -32.020408542 ], [ -52.154273689, -32.026548067 ], [ -52.161910059, -32.028311595 ], [ -52.169960573, -32.027845546 ], [ -52.181281508, -32.030536487 ], [ -52.196229644, -32.027297771 ], [ -52.203356818, -32.038787699 ], [ -52.199428786, -32.04536372 ], [ -52.19787916, -32.05278455 ], [ -52.193680057, -32.058929713 ], [ -52.194990139, -32.060009571 ], [ -52.2029346, -32.05887008 ], [ -52.208450229, -32.06039974 ], [ -52.212492291, -32.063642208 ], [ -52.214435992, -32.072298978 ], [ -52.221590863, -32.06881743000001 ], [ -52.225990693, -32.068330894 ], [ -52.232853108, -32.070762843 ], [ -52.232688513, -32.072270763 ], [ -52.23096521, -32.072155661 ], [ -52.231065443, -32.074638477 ], [ -52.233198157, -32.07393952 ], [ -52.234398929, -32.075624185 ], [ -52.238072932, -32.076663659 ], [ -52.240223568, -32.079764159 ], [ -52.238341762, -32.081215839 ], [ -52.235545935, -32.081108307 ], [ -52.234936588, -32.083258943 ], [ -52.232570888, -32.084298416999985 ], [ -52.231047521, -32.08386829 ], [ -52.23049846, -32.081591809 ], [ -52.227932355, -32.084792765 ], [ -52.21715718, -32.084631723 ], [ -52.214413447, -32.083046826 ], [ -52.212645494, -32.076538596 ], [ -52.210862372, -32.076000295 ], [ -52.208019716, -32.071177888 ], [ -52.204772842, -32.070415422 ], [ -52.204050684, -32.071266983 ], [ -52.206118594, -32.074822761999989 ], [ -52.202631584, -32.075279684 ], [ -52.179472694, -32.060961511 ], [ -52.176747545, -32.057765349 ], [ -52.171162672, -32.055477569 ], [ -52.164299334, -32.055780364 ], [ -52.158478954, -32.0520459 ], [ -52.147309208, -32.047503985 ], [ -52.136341324999989, -32.045720863 ], [ -52.117534433, -32.034416542 ], [ -52.110570164, -32.027889642 ], [ -52.111209396, -32.026375671 ], [ -52.109728463, -32.024111348 ], [ -52.107945947, -32.027620492 ], [ -52.108181453, -32.024828055 ], [ -52.096742557, -32.029235395 ], [ -52.088668041, -32.030311997 ], [ -52.079999342, -32.028290229 ], [ -52.077466944, -32.03086559 ], [ -52.068998692, -32.030138685 ], [ -52.069486934, -32.033853517 ], [ -52.063994888, -32.045997347 ], [ -52.065908725, -32.050433837 ], [ -52.065349544, -32.0476643 ], [ -52.067288671, -32.044386853 ], [ -52.070031645, -32.04369238 ], [ -52.072647891, -32.03526065 ], [ -52.07576198, -32.031436593 ], [ -52.076913819, -32.035191154 ], [ -52.07231714800001, -32.051087052 ], [ -52.083251388, -32.049505792 ], [ -52.085337304, -32.05169264 ], [ -52.08503451, -32.054586008 ], [ -52.087894234, -32.058757841 ], [ -52.086312975, -32.051827216 ], [ -52.090081082, -32.04913571 ], [ -52.092032423, -32.049606724 ], [ -52.093378175, -32.047857246 ], [ -52.094690284, -32.047655383 ], [ -52.094723928, -32.048597409 ], [ -52.099534993, -32.047251657 ], [ -52.101721841, -32.045233028 ], [ -52.102854106, -32.04863998 ], [ -52.107845015, -32.050851545 ], [ -52.109661781, -32.050245956 ], [ -52.119149336, -32.052432804 ], [ -52.134120833, -32.057546664 ], [ -52.139537487, -32.061668031 ], [ -52.149899782, -32.074957337 ], [ -52.156258463, -32.096287515 ], [ -52.153735177, -32.103319072 ], [ -52.157765114999989, -32.112809359 ], [ -52.155779855, -32.113513472 ], [ -52.154919845, -32.115595361 ], [ -52.150404439, -32.116339228 ], [ -52.148021393, -32.115462501 ], [ -52.142749609, -32.107689023999988 ], [ -52.13392669, -32.098888732 ], [ -52.119291563, -32.091509193 ], [ -52.117751615, -32.087297526 ], [ -52.113100001, -32.084803972 ], [ -52.109018257, -32.074558747 ], [ -52.10655842, -32.073178655 ], [ -52.102462005, -32.06721926 ], [ -52.088869904, -32.059783977 ], [ -52.085539167, -32.061096086 ], [ -52.084646094999989, -32.065354556 ], [ -52.099265843, -32.083065496 ], [ -52.104807751, -32.10596045 ], [ -52.103648604, -32.138784895 ], [ -52.099421886, -32.159333768 ], [ -52.097722481, -32.161742552 ], [ -52.110742476, -32.163539584 ], [ -52.116947549, -32.165603695 ], [ -52.140999992, -32.179227364 ], [ -52.19900578, -32.226600204 ], [ -52.225211647, -32.25122891 ], [ -52.250921473, -32.279844413999989 ], [ -52.269737405, -32.304058422 ], [ -52.293031035, -32.338318744 ], [ -52.310993492, -32.368609419 ], [ -52.340757889, -32.424571547 ], [ -52.368167452, -32.481751854 ], [ -52.386430215, -32.525830845 ], [ -52.411077657, -32.592377499 ], [ -52.423267179, -32.629869655 ], [ -52.457886542, -32.768627401 ], [ -52.471632653, -32.808592395 ], [ -52.490993627, -32.858224317 ], [ -52.511473346, -32.899157145 ], [ -52.55614922, -32.9765063 ], [ -52.603468521, -33.069257306 ], [ -52.623858546, -33.104238888 ], [ -52.641022307, -33.129744569 ], [ -52.687672953, -33.188517634 ], [ -52.726659473, -33.233151096 ], [ -52.769305353, -33.276123418 ], [ -52.802024041, -33.304912619 ], [ -52.856173278, -33.346860096 ], [ -52.905948317, -33.387937809 ], [ -53.086162003, -33.530671334 ], [ -53.150413433, -33.585367375 ], [ -53.184898115, -33.612041801 ], [ -53.206360273, -33.626060265 ], [ -53.229905718, -33.645532607 ], [ -53.264975512, -33.671311464 ], [ -53.341369125, -33.721909077 ], [ -53.369912995999989, -33.743837651 ], [ -53.371965896, -33.74302455 ], [ -53.380203399, -33.747557496 ], [ -53.386504375, -33.746174834 ], [ -53.391424026, -33.750432715 ], [ -53.394853369, -33.751177994 ], [ -53.397673837, -33.750234585 ], [ -53.398880921999989, -33.748167012999986 ], [ -53.40333169, -33.749800146 ], [ -53.416744038, -33.74830161 ], [ -53.419467806, -33.745139519 ], [ -53.423483425, -33.743043999 ], [ -53.426082019, -33.739371027 ], [ -53.431051084, -33.739354759 ], [ -53.432075198, -33.735237675 ], [ -53.430905339, -33.730855858 ], [ -53.431959538, -33.727885146 ], [ -53.435969841, -33.724445102 ], [ -53.433522529, -33.719923293 ], [ -53.435074040000011, -33.715292876 ], [ -53.438694074, -33.712451699 ], [ -53.436928749, -33.706473917 ], [ -53.438685067, -33.704254348 ], [ -53.436446734, -33.701347239 ], [ -53.43986596500001, -33.698071586 ], [ -53.440826474, -33.699875118 ], [ -53.442010038, -33.699715405 ], [ -53.44311628, -33.697119373 ], [ -53.439515993, -33.693461414 ], [ -53.532350027, -33.68880449 ], [ -53.528907082, -33.687750468 ], [ -53.530980979, -33.678960426 ], [ -53.524427444, -33.674292538 ], [ -53.525133821, -33.673213001 ], [ -53.528560577, -33.67291461 ], [ -53.52874981, -33.668003269 ], [ -53.532216557, -33.667567771999984 ], [ -53.533182086, -33.661718538 ], [ -53.531045492, -33.661802508 ], [ -53.530731325, -33.659549101 ], [ -53.533615732, -33.659194811 ], [ -53.531018275, -33.656530823 ], [ -53.533963853, -33.651405114 ], [ -53.532457293, -33.649624209 ], [ -53.535451451, -33.649769161 ], [ -53.531808306, -33.648323407 ], [ -53.531744835, -33.645485904 ], [ -53.529413842, -33.644032251 ], [ -53.53165638, -33.6411842 ], [ -53.528162755, -33.63992329 ], [ -53.5296163, -33.633450746 ], [ -53.527086537, -33.631772713 ], [ -53.528897572, -33.629210202 ], [ -53.525973002, -33.62556583100001 ], [ -53.528794872, -33.623716546 ], [ -53.529186469, -33.620496456 ], [ -53.534543396, -33.616727236 ], [ -53.536507382, -33.613405925 ], [ -53.532282313, -33.609223643999989 ], [ -53.534609076, -33.60339178 ], [ -53.531944631, -33.600986163 ], [ -53.530294788, -33.601518341 ], [ -53.52924235, -33.605444312 ], [ -53.530136303, -33.615209323 ], [ -53.528403483, -33.617063724 ], [ -53.526378948, -33.617147748 ], [ -53.521153572, -33.615832545 ], [ -53.51939098, -33.61073686400001 ], [ -53.512500567, -33.602600274 ], [ -53.513213241, -33.592063101 ], [ -53.515551784, -33.584789215 ], [ -53.51130955, -33.573210225 ], [ -53.511038307, -33.56726819 ], [ -53.514633927, -33.554076288 ], [ -53.510975489, -33.544047756 ], [ -53.511840537, -33.536666274 ], [ -53.507814857, -33.531087531 ], [ -53.506886428, -33.532012168 ], [ -53.507756776, -33.537782504 ], [ -53.505339328, -33.541129137 ], [ -53.501143807, -33.543415069999988 ], [ -53.47730771, -33.54843831 ], [ -53.482221506, -33.547923938 ], [ -53.48457421, -33.550722732 ], [ -53.482129601, -33.552300235 ], [ -53.482618738, -33.553606406 ], [ -53.486251655, -33.555120428 ], [ -53.480173585, -33.562998385 ], [ -53.477625761, -33.563870054 ], [ -53.471978088, -33.563383314 ], [ -53.46562988, -33.557968147 ], [ -53.458161162, -33.541836311 ], [ -53.455748722, -33.539994696 ], [ -53.452566082, -33.533359347 ], [ -53.452342045, -33.519375775 ], [ -53.450635897, -33.513373933 ], [ -53.444676621, -33.505131091 ], [ -53.446565626, -33.511331433 ], [ -53.44575968, -33.515141309 ], [ -53.440037023, -33.518897913000011 ], [ -53.438069364, -33.516384177 ], [ -53.43803882, -33.510580495 ], [ -53.434871905, -33.502543656 ], [ -53.435036199, -33.499200086 ], [ -53.438441934, -33.496549967 ], [ -53.434432488, -33.497362448 ], [ -53.432984625, -33.493358092 ], [ -53.433735067, -33.478145761 ], [ -53.431565234, -33.475616750999983 ], [ -53.431264853, -33.46842458 ], [ -53.428908624, -33.466517862 ], [ -53.427903209, -33.462844414 ], [ -53.424774489, -33.440720174 ], [ -53.426001604, -33.426725755 ], [ -53.428834885, -33.414601902 ], [ -53.440184517, -33.381857886 ], [ -53.442524023, -33.368475376 ], [ -53.449183895, -33.349033255 ], [ -53.457746724, -33.309947942 ], [ -53.467633104, -33.279652878 ], [ -53.469681795, -33.260080891 ], [ -53.468536645, -33.25135488 ], [ -53.463687096, -33.238632156 ], [ -53.451704204, -33.220231312 ], [ -53.444704723, -33.19601292 ], [ -53.438515299, -33.183216829 ], [ -53.432202659, -33.162102658 ], [ -53.437101611, -33.162134529 ], [ -53.435880619, -33.157376306 ], [ -53.428358981, -33.141287147 ], [ -53.425995061, -33.140740956 ], [ -53.425044223, -33.138721929 ], [ -53.417612617, -33.116943283 ], [ -53.413984294, -33.114401236 ], [ -53.411249888, -33.108063719 ], [ -53.409626395, -33.109291239 ], [ -53.410815091, -33.116531509 ], [ -53.414976578, -33.11832711000001 ], [ -53.422647785, -33.135399447 ], [ -53.422846457, -33.139058768 ], [ -53.420307361, -33.146562017 ], [ -53.421972697, -33.156328649 ], [ -53.420170293, -33.159318068 ], [ -53.416682649, -33.16101198 ], [ -53.408267092, -33.161280465 ], [ -53.402708782, -33.158274999 ], [ -53.399954762, -33.154529492 ], [ -53.393251143, -33.149488395 ], [ -53.389556227999989, -33.143147258 ], [ -53.388120668, -33.143278414 ], [ -53.386453355, -33.136809905 ], [ -53.38327352, -33.135939269 ], [ -53.380202189, -33.132100675999986 ], [ -53.368236784, -33.122764586 ], [ -53.357644253, -33.108991537 ], [ -53.350703979, -33.103512139 ], [ -53.33715697, -33.082592232 ], [ -53.332994635, -33.068990002 ], [ -53.32266861, -33.056224839 ], [ -53.319766374, -33.054841233 ], [ -53.317470372, -33.064594053 ], [ -53.318873206, -33.065728088 ], [ -53.323617834, -33.063847212 ], [ -53.325329994, -33.065236309 ], [ -53.328453284, -33.073250828 ], [ -53.328905834, -33.078978644 ], [ -53.3269113, -33.082970932 ], [ -53.318546819, -33.091901355 ], [ -53.313555734, -33.095631626 ], [ -53.277373362, -33.109360947 ], [ -53.275408304, -33.107766476 ], [ -53.27245507, -33.108998758 ], [ -53.264459065, -33.109489084 ], [ -53.260162409, -33.107410855 ], [ -53.248639494, -33.09250848 ], [ -53.241191772, -33.076134792 ], [ -53.238684257, -33.075221033 ], [ -53.235006989, -33.069579619 ], [ -53.225696115, -33.059949738 ], [ -53.207494633, -33.045031538 ], [ -53.195054392, -33.030453742 ], [ -53.190634231, -33.022920414 ], [ -53.186090979, -33.019546015 ], [ -53.17443751, -33.003506069 ], [ -53.171403742, -32.995486841 ], [ -53.169043898, -32.993994714 ], [ -53.163567487, -32.983909472 ], [ -53.162888525, -32.978820239 ], [ -53.159585219, -32.973422963 ], [ -53.154462287, -32.952486892 ], [ -53.158243329, -32.92913064 ], [ -53.159188229, -32.905029918 ], [ -53.1571211, -32.879443239 ], [ -53.158728145, -32.872970222 ], [ -53.155638268, -32.852113901 ], [ -53.149268264, -32.830888788 ], [ -53.147314389, -32.81880625 ], [ -53.144443185, -32.81242649 ], [ -53.141371558, -32.807264942 ], [ -53.13233541, -32.798489385 ], [ -53.123905535, -32.793837778 ], [ -53.110538654, -32.804581701 ], [ -53.10851304, -32.809936245 ], [ -53.112394481, -32.806018732999988 ], [ -53.11481367, -32.806617608 ], [ -53.114034585, -32.808566296 ], [ -53.110461704, -32.810680488 ], [ -53.109549071, -32.81366158 ], [ -53.101281213, -32.821988816 ], [ -53.08539874, -32.831562965999986 ], [ -53.078704218, -32.834220667 ], [ -53.07631135, -32.834928956 ], [ -53.070094366, -32.833809941 ], [ -53.053073443, -32.819603357 ], [ -53.041415516, -32.801514857999983 ], [ -53.025381101, -32.789344763 ], [ -53.014082739, -32.775998936 ], [ -52.997418269, -32.76120192 ], [ -52.996219974, -32.762806163 ], [ -53.000556884, -32.770488136 ], [ -53.004157819, -32.781917321 ], [ -53.002965495, -32.793843095 ], [ -52.99875671, -32.801852065 ], [ -52.977399783, -32.827439088 ], [ -52.963014203, -32.842158351 ], [ -52.948461474, -32.854877418 ], [ -52.927777799, -32.868567876 ], [ -52.907789552, -32.887685586 ], [ -52.883198702, -32.903929893 ], [ -52.86742488, -32.909880369 ], [ -52.846797738, -32.913966251 ], [ -52.832225737, -32.915041481 ], [ -52.807779287, -32.910580271 ], [ -52.798534512, -32.907264411 ], [ -52.795314073, -32.904866935 ], [ -52.790530409, -32.903746493 ], [ -52.782861566, -32.898186237 ], [ -52.776441744, -32.896899318 ], [ -52.76125697, -32.885827967 ], [ -52.751129941, -32.872698562 ], [ -52.748668287, -32.866064908 ], [ -52.7461386, -32.865993232 ], [ -52.743820372, -32.86375982 ], [ -52.744132796, -32.859963094 ], [ -52.740542374, -32.857287 ], [ -52.740159275000011, -32.85461929 ], [ -52.735788776, -32.851981039 ], [ -52.734640727, -32.84923989 ], [ -52.730012271, -32.846830981 ], [ -52.731273177, -32.842361505 ], [ -52.727500644, -32.840612037 ], [ -52.727924163, -32.837367746 ], [ -52.722663926, -32.832812913 ], [ -52.715766862, -32.816399718 ], [ -52.712274621, -32.811676459 ], [ -52.712062917, -32.807752178 ], [ -52.708387271, -32.805457646 ], [ -52.709929383, -32.801647104 ], [ -52.688499797, -32.757772724 ], [ -52.662978934, -32.71356982 ], [ -52.648024278, -32.683552833 ], [ -52.629167681, -32.652886361 ], [ -52.611677124, -32.62047596 ], [ -52.604280675, -32.58833329 ], [ -52.58640911, -32.530696547 ], [ -52.588290893, -32.504917565 ], [ -52.605903687, -32.4620256 ], [ -52.614972967, -32.443474302 ], [ -52.637146806, -32.405185957 ], [ -52.652698965, -32.383959555 ], [ -52.674570993, -32.347379148 ], [ -52.691972225, -32.326301177 ], [ -52.694904763, -32.317936062 ], [ -52.692871806, -32.302126715999989 ], [ -52.68795754, -32.280899893 ], [ -52.682087259, -32.265014341 ], [ -52.677273928, -32.258048168 ], [ -52.66949995800001, -32.241214264 ], [ -52.656613837, -32.205916045 ], [ -52.653472524, -32.202924218 ], [ -52.648885049, -32.192011825 ], [ -52.628494123, -32.162036886 ], [ -52.627991282, -32.159014402 ], [ -52.630844787, -32.159050713 ], [ -52.630245207, -32.15497853 ], [ -52.628020002, -32.151083496 ], [ -52.622860248, -32.146727321 ], [ -52.623468548, -32.14605814 ], [ -52.633652063, -32.146667913 ], [ -52.64588205, -32.15227176 ], [ -52.658816989, -32.153577011999985 ], [ -52.669853599, -32.159409878 ], [ -52.672527782, -32.163142316 ], [ -52.674951631, -32.164038549 ], [ -52.680901186, -32.163555943 ], [ -52.694193962, -32.158730971 ], [ -52.695336969, -32.156393434 ], [ -52.701163363, -32.155268731 ], [ -52.718888357, -32.154156242 ], [ -52.727815385, -32.156114174 ], [ -52.731680823, -32.158048841 ], [ -52.732197869, -32.159659595 ], [ -52.726532436, -32.163178874999986 ], [ -52.724630706, -32.168658355 ], [ -52.720512118, -32.170403225 ], [ -52.710994144, -32.165302954 ], [ -52.707103257999989, -32.159554823 ], [ -52.702134257, -32.159613834 ], [ -52.706506227, -32.162394565 ], [ -52.706593942, -32.164767395 ], [ -52.70096814, -32.165545002 ], [ -52.69765998, -32.163185366 ], [ -52.697070245, -32.16609526 ], [ -52.700162701, -32.167991012 ], [ -52.706392083, -32.166862068 ], [ -52.709223376, -32.168764748 ], [ -52.713916685, -32.168517222 ], [ -52.714060087, -32.171424908 ], [ -52.715495634, -32.172144007 ], [ -52.71671336, -32.171239906 ], [ -52.718765093, -32.172564481 ], [ -52.726723976, -32.171298851 ], [ -52.729002266, -32.167348081 ], [ -52.732853258, -32.165116275 ], [ -52.739835132, -32.165751826 ], [ -52.73673904, -32.168689534999984 ], [ -52.736752776, -32.171744625 ], [ -52.74267581, -32.174782756999988 ], [ -52.746705257, -32.173722222 ], [ -52.745463971, -32.17531467 ], [ -52.747894049, -32.177178443 ], [ -52.749863351, -32.176861787 ], [ -52.750306666, -32.176910585 ], [ -52.751129969, -32.177469316 ], [ -52.747713397, -32.177358191 ], [ -52.74483269, -32.176044131 ], [ -52.743669234, -32.176570502999986 ], [ -52.737334611, -32.174628653 ], [ -52.736082385, -32.176840985 ], [ -52.739769032, -32.177068913 ], [ -52.741563439, -32.182938182 ], [ -52.73611707, -32.180180642 ], [ -52.735235083, -32.183455609 ], [ -52.736887828, -32.183984975 ], [ -52.736928457, -32.186191700999984 ], [ -52.72883221, -32.18838407 ], [ -52.726272271, -32.18737709 ], [ -52.728031272, -32.194253945 ], [ -52.730782391, -32.194886342 ], [ -52.731956311, -32.200167691 ], [ -52.732585096, -32.200955785 ], [ -52.734302832, -32.200050673 ], [ -52.732776989, -32.194410139 ], [ -52.730461119, -32.192288859 ], [ -52.731071862, -32.189265285 ], [ -52.736365956, -32.189275766 ], [ -52.739037492, -32.19271771 ], [ -52.749209562, -32.192200722 ], [ -52.757410987, -32.197635966 ], [ -52.762831086, -32.198937063 ], [ -52.762071626, -32.201944116 ], [ -52.768611631, -32.202287026 ], [ -52.772034516, -32.205084301 ], [ -52.769442113, -32.204807161 ], [ -52.769011613, -32.20570128 ], [ -52.771520463, -32.209873365 ], [ -52.77516, -32.210691887 ], [ -52.771289162, -32.210194306 ], [ -52.76763787, -32.205124872 ], [ -52.761914352, -32.204191435 ], [ -52.760956337, -32.204369683 ], [ -52.764965311, -32.20608261600001 ], [ -52.7629253, -32.208485801 ], [ -52.759670024, -32.208166919 ], [ -52.761398457, -32.213940089 ], [ -52.75672998, -32.207643772 ], [ -52.752765794, -32.20626609 ], [ -52.749273515, -32.207645259 ], [ -52.743300066, -32.214168411 ], [ -52.738067539, -32.214898644 ], [ -52.730746328, -32.20800849 ], [ -52.732537457, -32.205931415 ], [ -52.73550594, -32.205190422 ], [ -52.742747733, -32.207095375 ], [ -52.742339721, -32.205421445 ], [ -52.736987448, -32.202168207 ], [ -52.729429342, -32.205622277 ], [ -52.728541442, -32.21113115 ], [ -52.73237319, -32.213878391 ], [ -52.733803184, -32.217155465999987 ], [ -52.7372053, -32.217382078 ], [ -52.73990356, -32.220539149 ], [ -52.7438637, -32.219354757 ], [ -52.750408981, -32.211509152 ], [ -52.754092565, -32.211296423 ], [ -52.760872351, -32.21732808 ], [ -52.763487732, -32.221367666 ], [ -52.776763202, -32.23060056 ], [ -52.779150217, -32.237531666 ], [ -52.778366494, -32.24462411 ], [ -52.779831149, -32.246821277 ], [ -52.778433763, -32.252170577 ], [ -52.78302422, -32.25836985 ], [ -52.784939723, -32.265201487 ], [ -52.78414208, -32.26945194 ], [ -52.787507769, -32.270142134 ], [ -52.789319449, -32.268728799 ], [ -52.793032632, -32.268389993 ], [ -52.796822682, -32.272082329 ], [ -52.79716292, -32.276947408 ], [ -52.788535238, -32.279832154 ], [ -52.790106852, -32.28092505 ], [ -52.794454174, -32.279121942 ], [ -52.794171117, -32.28062135 ], [ -52.795751101, -32.281275627 ], [ -52.793663754, -32.282014448 ], [ -52.793490394, -32.28362558 ], [ -52.796498227, -32.285857715 ], [ -52.796484451, -32.290228877 ], [ -52.804012113, -32.311069656 ], [ -52.806544402, -32.311114775 ], [ -52.807369161, -32.312363144 ], [ -52.806916024, -32.318254327 ], [ -52.807661332, -32.31950693 ], [ -52.811961029, -32.318567652 ], [ -52.813669526, -32.32110269 ], [ -52.813156513, -32.324670558 ], [ -52.804887612, -32.327601447 ], [ -52.80056973, -32.334696169 ], [ -52.801385526, -32.335283345 ], [ -52.803252929, -32.333875033 ], [ -52.808533269, -32.327707108 ], [ -52.817498303, -32.326036551 ], [ -52.820522192, -32.331096888 ], [ -52.820496813, -32.339760628 ], [ -52.816951369, -32.347280245 ], [ -52.80876556, -32.353649762 ], [ -52.800044707, -32.352379945 ], [ -52.790046078, -32.343059902 ], [ -52.787269567, -32.345265355 ], [ -52.786550716, -32.34971482 ], [ -52.779254515, -32.351064283 ], [ -52.776155873, -32.352841174 ], [ -52.781334108, -32.352517769 ], [ -52.785750727999989, -32.355657958 ], [ -52.791868599, -32.354775194 ], [ -52.795744677, -32.357451741 ], [ -52.798082471, -32.35518503 ], [ -52.803242535, -32.359763653 ], [ -52.794209788, -32.374870051 ], [ -52.790113652, -32.378820909 ], [ -52.783717675, -32.37372945 ], [ -52.772564053, -32.36783728 ], [ -52.772716051, -32.360913575999987 ], [ -52.774708001, -32.355728579999983 ], [ -52.774014344, -32.353704866 ], [ -52.771679523, -32.352635689999985 ], [ -52.762517588, -32.355639872999987 ], [ -52.749696874, -32.362348876 ], [ -52.730166438, -32.367069386 ], [ -52.724186769, -32.370011214 ], [ -52.723556337, -32.381622648 ], [ -52.737780207, -32.398920112 ], [ -52.766388011, -32.426220989 ], [ -52.78594221, -32.439746963 ], [ -52.802388801, -32.447019448 ], [ -52.834539921, -32.453878929 ], [ -52.892438886, -32.46108068 ], [ -52.919597451, -32.467624716 ], [ -52.939949449, -32.474854335000011 ], [ -52.959349479, -32.484876334 ], [ -52.969280174, -32.491409686 ], [ -52.97030529, -32.493935123 ], [ -52.978136623, -32.498964805999989 ], [ -52.98333484, -32.504240786 ], [ -52.987748586, -32.510631233999987 ], [ -52.984214825, -32.515129602 ], [ -52.987187834, -32.523902363 ], [ -52.988588559, -32.537680542 ], [ -52.991865115, -32.545227785 ], [ -52.995462742, -32.582675396 ], [ -52.997438959, -32.591248091 ], [ -53.000799697, -32.597872426 ], [ -53.009287356, -32.607702085 ], [ -53.020104576, -32.61307165 ], [ -53.029258013, -32.614160713 ], [ -53.043070797, -32.61357330700001 ], [ -53.054056731, -32.615414792 ], [ -53.0629964, -32.618059699999989 ], [ -53.070023232, -32.622212766 ], [ -53.076965416, -32.627822838 ], [ -53.079682794, -32.633549514 ], [ -53.080832944, -32.637485655 ], [ -53.080408839, -32.646957388 ], [ -53.083072636, -32.64787855 ], [ -53.084643665, -32.658242174 ], [ -53.090387274, -32.653295844 ], [ -53.108526101, -32.643014259 ], [ -53.128378477, -32.638463087 ], [ -53.146714797, -32.640609711 ], [ -53.166721316, -32.648586953 ], [ -53.176413231, -32.658464568999989 ], [ -53.182244589, -32.652650586999989 ], [ -53.184414642, -32.646533035 ], [ -53.189786504, -32.64284247 ], [ -53.197182286, -32.640874764 ], [ -53.214682339, -32.638817047 ], [ -53.237064844, -32.629768474 ], [ -53.243484758, -32.623182741999983 ], [ -53.245585222, -32.607111738 ], [ -53.249489651, -32.60320881 ], [ -53.254904175, -32.60196384 ], [ -53.27179696, -32.605223486 ], [ -53.277836484, -32.61154231 ], [ -53.278593875, -32.618627888 ], [ -53.284409592, -32.621421774 ], [ -53.288805117, -32.621096639 ], [ -53.296837635, -32.616108197 ], [ -53.303164774, -32.606827655 ], [ -53.307192597, -32.603363448 ], [ -53.329780875, -32.589051415 ], [ -53.333156064, -32.58503657100001 ], [ -53.338815329, -32.584622257 ], [ -53.346231243, -32.591618113 ], [ -53.352718199, -32.591932533 ], [ -53.355538052999989, -32.590574606 ], [ -53.36126311, -32.58039874 ], [ -53.369697048, -32.569865999 ], [ -53.372830993, -32.569674155 ], [ -53.378675539, -32.571597057 ], [ -53.380237859, -32.578312988 ], [ -53.384964625, -32.585253304 ], [ -53.388120447, -32.58692814 ], [ -53.389989282, -32.586509286 ], [ -53.403394496, -32.579989455 ], [ -53.412286131, -32.5726192 ], [ -53.416645299, -32.568002942 ], [ -53.417421714, -32.560895232 ], [ -53.421797718, -32.558259145 ], [ -53.424684277, -32.558919111 ], [ -53.427888827, -32.566111539 ], [ -53.429809475, -32.566440971 ], [ -53.432432613, -32.564931117 ], [ -53.433620418, -32.556667088 ], [ -53.436895889, -32.548161903 ], [ -53.449453322, -32.528633558 ], [ -53.457499118, -32.522295924 ], [ -53.458148326, -32.520597573 ], [ -53.456576808, -32.516748719 ], [ -53.461252658, -32.510070194 ], [ -53.463522402, -32.502716478 ], [ -53.462119783, -32.498307795 ], [ -53.466485404, -32.493273443 ], [ -53.462803933, -32.488508888 ], [ -53.464354925, -32.48472994 ], [ -53.470937257, -32.48068944300001 ], [ -53.478061536, -32.483841656 ], [ -53.481004873, -32.48393033 ], [ -53.49955394, -32.481038536 ], [ -53.507910092, -32.48313395 ], [ -53.510630351, -32.486603529999989 ], [ -53.517071439, -32.489241024 ], [ -53.517912494, -32.486924603 ], [ -53.516213037, -32.486053538 ], [ -53.515455971, -32.483243069 ], [ -53.520318438, -32.48106087 ], [ -53.523618513, -32.482829222 ], [ -53.522488289, -32.486175513 ], [ -53.52436577, -32.488562884999986 ], [ -53.526423068, -32.489022926 ], [ -53.529550774, -32.486831637 ], [ -53.528362217, -32.484379803 ], [ -53.530014159, -32.483020999 ], [ -53.543537265, -32.479067968 ], [ -53.540001609, -32.47514331 ], [ -53.540948591, -32.472931317 ], [ -53.552602285, -32.47388552 ], [ -53.556369189, -32.472711063 ], [ -53.562182337, -32.46659404 ], [ -53.567061412, -32.458532734 ], [ -53.584039825, -32.451305357 ], [ -53.586424372, -32.446472415 ], [ -53.588835571, -32.435173037 ], [ -53.600254874, -32.430717299 ], [ -53.605114635, -32.424231999 ], [ -53.615031129, -32.416572979 ], [ -53.615516876, -32.412957935 ], [ -53.612094854, -32.403429978 ], [ -53.61437521, -32.398403963 ], [ -53.619710504, -32.393647936 ], [ -53.627869669, -32.38910669900001 ], [ -53.644948811, -32.384337096 ], [ -53.645467803, -32.379540511 ], [ -53.643620139, -32.368248671 ], [ -53.637316404, -32.359101415 ], [ -53.634035513, -32.356528194 ], [ -53.633339898, -32.350276176 ], [ -53.634149822, -32.347539963 ], [ -53.6380431, -32.34450458 ], [ -53.643742524, -32.335735834999987 ], [ -53.644977331, -32.33239255 ], [ -53.643088687, -32.324919663 ], [ -53.646280955, -32.322338121 ], [ -53.65544593, -32.319484584 ], [ -53.65717015, -32.316818584 ], [ -53.655880175, -32.311789228 ], [ -53.648819717, -32.312703377 ], [ -53.647354687, -32.311955291 ], [ -53.643195416, -32.301576423 ], [ -53.64286393, -32.296299477 ], [ -53.655515392, -32.290539021 ], [ -53.657384802, -32.288164549 ], [ -53.655625711, -32.280231362 ], [ -53.657186727, -32.27760659 ], [ -53.659290713, -32.275373199 ], [ -53.664737917, -32.27500411 ], [ -53.666386729, -32.271193073 ], [ -53.670615565, -32.268061453 ], [ -53.675413828, -32.260084238 ], [ -53.67779398, -32.258597894999987 ], [ -53.676677536, -32.25308213600001 ], [ -53.679338595, -32.243060597 ], [ -53.676435532, -32.237807304 ], [ -53.685189622, -32.219622476 ], [ -53.693571168, -32.21319999 ], [ -53.694454724, -32.210518235 ], [ -53.692394661, -32.207827395 ], [ -53.693538359, -32.204847038 ], [ -53.698406604, -32.203830538 ], [ -53.704075683, -32.207100963 ], [ -53.711327694, -32.199005713 ], [ -53.710550721, -32.195992023 ], [ -53.702827359, -32.191528296 ], [ -53.702781222, -32.188420637 ], [ -53.704651392, -32.187107298999983 ], [ -53.710990089, -32.188867601 ], [ -53.713988101, -32.188035222 ], [ -53.714881847, -32.182553586 ], [ -53.712846859, -32.177206272 ], [ -53.723488245, -32.17367933 ], [ -53.723052654, -32.169033027 ], [ -53.718996566, -32.163964718 ], [ -53.717611723, -32.153002601 ], [ -53.722979331, -32.15078343 ], [ -53.730794188, -32.152941593 ], [ -53.735172816, -32.151607565 ], [ -53.734928912, -32.14989157 ], [ -53.725977598, -32.145598406 ], [ -53.725728253, -32.140055307 ], [ -53.735993993, -32.127899091 ], [ -53.744228281, -32.115262487 ], [ -53.740234454, -32.112425804 ], [ -53.73768356, -32.106535428 ], [ -53.740524561, -32.103505255 ], [ -53.740081734, -32.100278558 ], [ -53.735819738, -32.10198652 ], [ -53.731528677999989, -32.105913398 ], [ -53.727180258, -32.101246686 ], [ -53.72527415, -32.095846883 ], [ -53.733525011, -32.093024927 ], [ -53.745366378, -32.091439946 ], [ -53.747643656, -32.083203116 ], [ -53.74582637, -32.078093681 ], [ -53.754173843, -32.079420534999983 ], [ -53.75629088, -32.076153676 ], [ -53.763837453, -32.079571086 ], [ -53.768628843, -32.076460848 ], [ -53.769439372, -32.073364385 ], [ -53.77867821, -32.071740261 ], [ -53.781161135, -32.069818291 ], [ -53.783193679, -32.072270203999985 ], [ -53.787393636, -32.071114283 ], [ -53.789236667, -32.072214963 ], [ -53.791136539999989, -32.070592517 ], [ -53.789042772, -32.068629091999988 ], [ -53.791031384, -32.06792591300001 ], [ -53.800957413, -32.071097311 ], [ -53.803997068, -32.070728525 ], [ -53.805339141, -32.069170469 ], [ -53.806692225, -32.069859392 ], [ -53.809424315, -32.065782524 ], [ -53.811731946, -32.065338809 ], [ -53.814653773, -32.062540754 ], [ -53.814221395, -32.059352886 ], [ -53.827589932, -32.059409703 ], [ -53.830895765, -32.05576189 ], [ -53.833316927, -32.055143015 ], [ -53.835644104, -32.051652221 ], [ -53.836176287, -32.048785029 ], [ -53.833099282, -32.046215447 ], [ -53.834748208, -32.041514529 ], [ -53.837074715, -32.039583312 ], [ -53.841680994, -32.040189036 ], [ -53.842725626, -32.038888619 ], [ -53.840125635, -32.034273534 ], [ -53.837617621, -32.033395202 ], [ -53.846821368, -32.028983368 ], [ -53.849996707, -32.029175592 ], [ -53.851110709, -32.030633928 ], [ -53.852617502, -32.029676441 ], [ -53.851136726999989, -32.026827097 ], [ -53.85381772, -32.021674462 ], [ -53.851533956, -32.013463311 ], [ -53.854158966, -32.010385575 ], [ -53.853453239, -32.006002797 ], [ -53.849757931, -32.00058777 ], [ -53.853509337, -31.999882632 ], [ -53.857243558, -31.996680356 ], [ -53.860483209, -31.997548581 ], [ -53.86018309, -31.994953001 ], [ -53.863430324, -31.996106591 ], [ -53.864753087, -31.994655285 ], [ -53.864069797, -31.992906223999988 ], [ -53.870795426, -31.995458289999984 ], [ -53.871262085, -31.997098807 ], [ -53.869877698, -31.997980843 ], [ -53.871682433, -31.999085411 ], [ -53.879320911, -31.994962836 ], [ -53.891399549, -31.99569056 ], [ -53.893040376, -31.992832563 ], [ -53.891716194, -31.988774141 ], [ -53.896788454, -31.9849754 ], [ -53.89654772, -31.981149036999987 ], [ -53.898449703, -31.978473528 ], [ -53.902557448, -31.979051944 ], [ -53.906727528, -31.976109761 ], [ -53.908328911, -31.972869146 ], [ -53.910719458, -31.971473037 ], [ -53.909883439, -31.969576973999985 ], [ -53.91324346, -31.965676244 ], [ -53.916186748, -31.966055284 ], [ -53.917038324, -31.964365182 ], [ -53.922806107, -31.962809097 ], [ -53.926028468, -31.963593928 ], [ -53.92612086, -31.961951756 ], [ -53.932042059, -31.963175324 ], [ -53.933058234, -31.962433907 ], [ -53.932250239, -31.961177787 ], [ -53.936388085, -31.958414891 ], [ -53.941875498, -31.958690799 ], [ -53.944768713, -31.955565876 ], [ -53.948140456, -31.954291377 ], [ -53.954579565, -31.957004854 ], [ -53.956113578999989, -31.955370204000012 ], [ -53.960580496, -31.955280034 ], [ -53.962269641, -31.951480173 ], [ -53.966095504, -31.949933935 ], [ -53.967895082, -31.944051151 ], [ -53.970931476, -31.943238513 ], [ -53.972538243, -31.940545344 ], [ -53.97143992, -31.935252745 ], [ -53.967131945, -31.936784898 ], [ -53.966605001, -31.933256911 ], [ -53.964186664, -31.933184165 ], [ -53.964758119, -31.930205704 ], [ -53.962195223, -31.931177287 ], [ -53.961697629, -31.930243588 ], [ -53.963261465, -31.921960268 ], [ -53.969242639, -31.922357366 ], [ -53.969703534, -31.921081485 ], [ -53.967237043, -31.920072739 ], [ -53.969790229, -31.917701628 ], [ -53.971339977, -31.91903358 ], [ -53.975358021, -31.9175785 ], [ -53.977723763, -31.918281527 ], [ -53.981246111, -31.915987231 ], [ -53.984256672, -31.917600495 ], [ -53.985367187, -31.916591452 ], [ -53.989825821, -31.917569524 ], [ -53.992258174, -31.914548661 ], [ -53.994230396, -31.91549761 ], [ -53.997669001, -31.913800377 ], [ -53.999892911, -31.915325567 ], [ -54.001625238, -31.913378052 ], [ -54.002360177, -31.914891908 ], [ -54.004381156, -31.914629909 ], [ -54.006882382, -31.912575879 ], [ -54.006824213, -31.908169323 ], [ -54.015435292, -31.908602302 ], [ -54.016556056, -31.90639284 ], [ -54.013407634, -31.907183074 ], [ -54.012243117, -31.905224649 ], [ -54.013141366, -31.90423334 ], [ -54.018394521, -31.904126177 ], [ -54.01541412, -31.90245696800001 ], [ -54.016371126, -31.901032169 ], [ -54.023400858, -31.901684005 ], [ -54.023569687, -31.898210878 ], [ -54.026433659, -31.896923464 ], [ -54.028570175, -31.898504696 ], [ -54.032237334, -31.898744053 ], [ -54.031378156, -31.896046384 ], [ -54.032733725, -31.89547489 ], [ -54.034426181, -31.897350218 ], [ -54.040440898, -31.89681872 ], [ -54.042257668, -31.900569112 ], [ -54.044988097, -31.901729006 ], [ -54.045459783, -31.903733831 ], [ -54.048260221, -31.903393367 ], [ -54.048989936, -31.90564433 ], [ -54.051604937, -31.904105396 ], [ -54.053684264, -31.905104754 ], [ -54.056883053, -31.909173023 ], [ -54.056153424, -31.911678274 ], [ -54.06270208, -31.915949176 ], [ -54.063489916, -31.92018795 ], [ -54.065775151, -31.921775061 ], [ -54.069996843, -31.922619548 ], [ -54.073520479, -31.918762214 ], [ -54.077254203, -31.921180924 ], [ -54.080799522, -31.924296443999989 ], [ -54.079522887, -31.926984058 ], [ -54.080908134, -31.929463454 ], [ -54.088032863, -31.931239901 ], [ -54.086738922, -31.935145313 ], [ -54.090135525, -31.934914178 ], [ -54.091588443, -31.930295568 ], [ -54.094312177, -31.931706435 ], [ -54.098086393, -31.928234056 ], [ -54.100550867, -31.928078642 ], [ -54.10168209, -31.926445191 ], [ -54.100386301, -31.924227402 ], [ -54.102440416, -31.923567463 ], [ -54.105061404, -31.919748237 ], [ -54.108123929, -31.918641801 ], [ -54.105282274, -31.912947920999986 ], [ -54.108562906, -31.911860004 ], [ -54.108303288, -31.909923217 ], [ -54.110291845, -31.908032485 ], [ -54.115647353, -31.906866494999985 ], [ -54.116214979, -31.904650962 ], [ -54.12057876, -31.903553538 ], [ -54.124480064, -31.900029037 ], [ -54.132597352, -31.89629353 ], [ -54.134158253, -31.896344351 ], [ -54.134562689, -31.898208373999989 ], [ -54.140520381, -31.894892556999988 ], [ -54.144236601, -31.888434725 ], [ -54.142471637, -31.885997051 ], [ -54.144649436, -31.881820773 ], [ -54.153836185, -31.878818345 ], [ -54.158509121, -31.873544162 ], [ -54.456226811, -31.651700546 ], [ -54.451511561, -31.640036237 ], [ -54.451775906, -31.638645361 ], [ -54.453332522, -31.639403643 ], [ -54.452887736, -31.636757059 ], [ -54.455135411, -31.635440538 ], [ -54.453664058, -31.629955841 ], [ -54.454222381, -31.62836438 ], [ -54.457300475, -31.629151136 ], [ -54.460962136, -31.626613804 ], [ -54.460179906, -31.621922025999989 ], [ -54.462508263, -31.621666316 ], [ -54.464476428, -31.619128349 ], [ -54.463278245, -31.613764123 ], [ -54.466622658, -31.613042061 ], [ -54.46573849, -31.610024902 ], [ -54.461800597, -31.608189867 ], [ -54.460025824, -31.6055844 ], [ -54.456622815, -31.607434166 ], [ -54.457318849, -31.601205062 ], [ -54.453036227, -31.603069603 ], [ -54.452386338, -31.599336605 ], [ -54.458049342, -31.598276201000015 ], [ -54.45896777, -31.59635319 ], [ -54.457970595, -31.59406073500001 ], [ -54.462528031, -31.592627667 ], [ -54.464363932, -31.587951814 ], [ -54.464936314, -31.590998242 ], [ -54.468817839, -31.592711638 ], [ -54.469317699, -31.58177189 ], [ -54.472940715, -31.570352972 ], [ -54.480944501, -31.56975809 ], [ -54.483821739, -31.565734576 ], [ -54.486764711, -31.565579612 ], [ -54.488797641, -31.564054442 ], [ -54.493643265, -31.558138817 ], [ -54.490259571, -31.551023344 ], [ -54.496666924, -31.5404472 ], [ -54.49909596, -31.539851805 ], [ -54.501609609, -31.536996577 ], [ -54.50163484, -31.531440065 ], [ -54.503412725, -31.529497482 ], [ -54.503295573, -31.527115434 ], [ -54.506690961, -31.523246032 ], [ -54.510377419, -31.521518159999989 ], [ -54.515644167, -31.510177384 ], [ -54.518689597, -31.511053434 ], [ -54.521166736, -31.508337475 ], [ -54.523838321, -31.510669737 ], [ -54.523760529, -31.506062332 ], [ -54.525007226, -31.504842359 ], [ -54.528350949, -31.505892672 ], [ -54.532760265, -31.501527546 ], [ -54.547361878, -31.498382268 ], [ -54.547665069, -31.495826816 ], [ -54.553788319, -31.491800231 ], [ -54.556559818, -31.494961358 ], [ -54.557670805, -31.494592037 ], [ -54.560120007, -31.492698286 ], [ -54.560908556, -31.490296317 ], [ -54.559519547, -31.488973267 ], [ -54.561192, -31.48671605 ], [ -54.566703848, -31.487089162 ], [ -54.569243533, -31.48574343 ], [ -54.570679964, -31.482468794 ], [ -54.577073113, -31.481337048 ], [ -54.579364528, -31.475940006 ], [ -54.579616031, -31.470425212 ], [ -54.583249766, -31.466338525 ], [ -54.583223446, -31.462849262 ], [ -54.586222026, -31.4627542 ], [ -54.586610615, -31.460523699 ], [ -54.588028245, -31.460206444 ], [ -54.586458561, -31.45655296 ], [ -54.670337879, -31.454078297 ], [ -54.675829189, -31.450762883 ], [ -54.677299118, -31.447328839 ], [ -54.680341195, -31.447194914 ], [ -54.68293442, -31.44517968600001 ], [ -54.685588262, -31.444539571 ], [ -54.688929061, -31.446239746 ], [ -54.693162094, -31.445388906 ], [ -54.695541927, -31.443234467 ], [ -54.696649243, -31.438043434 ], [ -54.699031432, -31.436250576 ], [ -54.701707042, -31.435561374 ], [ -54.703489777, -31.439296558 ], [ -54.711410194, -31.439509764 ], [ -54.714470636, -31.436948602 ], [ -54.715415422, -31.438294354 ], [ -54.719129209, -31.438479341 ], [ -54.721307828, -31.437006412 ], [ -54.724615206, -31.429636451 ], [ -54.735562932, -31.429747219 ], [ -54.738847462, -31.425615536999985 ], [ -54.750607035, -31.427437655 ], [ -54.752022695, -31.424462861 ], [ -54.76000758, -31.425146826 ], [ -54.760721271, -31.426891871 ], [ -54.765440524, -31.427154253 ], [ -54.768615156, -31.426010973 ], [ -54.788907433, -31.433338108 ], [ -54.789332033, -31.434803616 ], [ -54.796519293, -31.430030501 ], [ -54.799228313, -31.432476303 ], [ -54.802454411, -31.429981863 ], [ -54.804873927, -31.429949352 ], [ -54.804884848, -31.42898879 ], [ -54.811736323, -31.431846644 ], [ -54.811781793, -31.434833323 ], [ -54.827025786, -31.43634664 ], [ -54.829549707, -31.437284146999986 ], [ -54.832600482, -31.44079602 ], [ -54.833870962, -31.440022705 ], [ -54.836455277, -31.441938325 ], [ -54.844594732, -31.433961559 ], [ -54.845917204, -31.431009846 ], [ -54.847613227, -31.430510676 ], [ -54.850783471, -31.4251147 ], [ -54.855015456, -31.423649082 ], [ -54.857195603, -31.418173352 ], [ -54.861537159, -31.417922113 ], [ -54.857925728, -31.408049628 ], [ -54.868151742, -31.403008293 ], [ -54.868632521, -31.40170556 ], [ -54.878385579, -31.398077274999984 ], [ -54.884527588, -31.385898789 ], [ -54.887392896, -31.383216037 ], [ -54.886718093, -31.380910502 ], [ -54.884255794, -31.381105252 ], [ -54.885978935, -31.377277808 ], [ -54.890282286, -31.37725273 ], [ -54.891839617, -31.374833403 ], [ -54.899634017, -31.376328512 ], [ -54.897989637, -31.381355208 ], [ -54.904812041, -31.384065746 ], [ -54.907161792, -31.381330176 ], [ -54.912470242, -31.379647158 ], [ -54.9143719, -31.381099345 ], [ -54.918169033, -31.378855368 ], [ -54.92090442, -31.378935677 ], [ -54.920925389, -31.38004382 ], [ -54.927862594, -31.384452101 ], [ -54.931205004, -31.383717418 ], [ -54.932496189, -31.385053779 ], [ -54.94064672, -31.380645831 ], [ -54.941077588, -31.379252013 ], [ -54.937909749, -31.376228845 ], [ -54.93993887, -31.375261284 ], [ -54.937082001, -31.370134788 ], [ -54.933781177, -31.369324237 ], [ -54.935120492, -31.364361884 ], [ -54.936770928, -31.364239408 ], [ -54.935052964, -31.3564763 ], [ -54.938696317, -31.354087349 ], [ -54.942197104, -31.35483175 ], [ -54.94914845, -31.353843587 ], [ -54.951458024, -31.351671044999989 ], [ -54.952931718, -31.354588238 ], [ -54.956235305, -31.353533677 ], [ -54.956514673, -31.351711707 ], [ -54.959208878, -31.352454139 ], [ -54.961137834, -31.346731444 ], [ -54.959967868, -31.345668512 ], [ -54.960201853, -31.341967303 ], [ -54.95869303, -31.339606063 ], [ -54.952767506, -31.339327377 ], [ -54.95307121, -31.331971336 ], [ -54.959468332, -31.323247881 ], [ -54.974936238, -31.31691603 ], [ -54.978780062, -31.316999975 ], [ -54.980430431, -31.312404225 ], [ -54.982846219, -31.311396597 ], [ -54.980012501, -31.302996449 ], [ -54.982340715, -31.296055291 ], [ -54.985652596, -31.292438715 ], [ -54.989196014, -31.294142951 ], [ -54.988974449, -31.291937228 ], [ -54.995635293, -31.28835378 ], [ -54.99482062, -31.283081554 ], [ -55.000536146, -31.283020891999985 ], [ -55.002407698, -31.269215814 ], [ -55.007170903, -31.266874007 ], [ -55.008506641, -31.269918502 ], [ -55.012251432, -31.267909034 ], [ -55.015280754, -31.269282857 ], [ -55.016828693, -31.267504077 ], [ -55.02027942, -31.267040355999988 ], [ -55.020764405, -31.268585002 ], [ -55.023464629, -31.269462146 ], [ -55.031893484, -31.269741441 ], [ -55.032434886, -31.273637279 ], [ -55.036517618, -31.275679727 ], [ -55.031759984, -31.278603195 ], [ -55.035856072, -31.284069103 ], [ -55.032812659, -31.289491245 ], [ -55.033451443, -31.291459654 ], [ -55.036540599, -31.291481227 ], [ -55.039413753, -31.297899986000012 ], [ -55.038891087, -31.300519736 ], [ -55.043463526, -31.305163128 ], [ -55.04236288, -31.307031197 ], [ -55.043211526, -31.308390337 ], [ -55.047736948, -31.307295159 ], [ -55.048360511, -31.309282754 ], [ -55.052752585, -31.311091371 ], [ -55.053109609, -31.313919184 ], [ -55.058580029, -31.313976018 ], [ -55.060083718, -31.315429999 ], [ -55.05713041, -31.319324284999986 ], [ -55.057627347, -31.322141911 ], [ -55.061802312, -31.324668428 ], [ -55.059208488, -31.326971079 ], [ -55.057356022, -31.331746259 ], [ -55.064254688, -31.331798329 ], [ -55.06586441, -31.330157655 ], [ -55.074464301, -31.332089679999989 ], [ -55.077697191, -31.327722979 ], [ -55.080567877, -31.327001917000011 ], [ -55.081158955, -31.324451231 ], [ -55.08604856, -31.322723346 ], [ -55.085713335, -31.321141376 ], [ -55.089081627, -31.319441418 ], [ -55.091211021, -31.320104166 ], [ -55.091784783, -31.317757551 ], [ -55.098488103, -31.316221695999989 ], [ -55.098881802, -31.314481631 ], [ -55.102804926, -31.314986153 ], [ -55.106066389, -31.309312303 ], [ -55.109040448, -31.307681011 ], [ -55.113829771, -31.311191371 ], [ -55.122060432, -31.312779616 ], [ -55.12237915, -31.304851007 ], [ -55.125756925, -31.302437519 ], [ -55.127556968, -31.303046862 ], [ -55.13474189, -31.300897724 ], [ -55.136516808, -31.301347368 ], [ -55.140485208, -31.297616046 ], [ -55.144699498, -31.296947361 ], [ -55.147631855, -31.294335691 ], [ -55.149340609, -31.295179263 ], [ -55.152338464, -31.293227348999988 ], [ -55.152504066, -31.28921609 ], [ -55.156647549, -31.285423428 ], [ -55.160575245, -31.284434276 ], [ -55.163560494, -31.285689534 ], [ -55.166277015, -31.281050108 ], [ -55.162987479, -31.279151556 ], [ -55.163395688, -31.277435387 ], [ -55.169447197, -31.271877762 ], [ -55.169419524, -31.269405373000012 ], [ -55.174193707, -31.268174905 ], [ -55.180076484, -31.270472624 ], [ -55.179885438, -31.268849614 ], [ -55.182997813, -31.26768061 ], [ -55.183786527, -31.265353464 ], [ -55.193362841, -31.264701396 ], [ -55.195401086, -31.263383709 ], [ -55.195707858, -31.264512176999986 ], [ -55.199239866, -31.264242043 ], [ -55.202335253, -31.261925544 ], [ -55.213707841, -31.263203714 ], [ -55.235321712, -31.258423917 ], [ -55.238120175, -31.261658805 ], [ -55.240118765, -31.260572952 ], [ -55.239102195, -31.257507917 ], [ -55.240384234, -31.253660631 ], [ -55.246762096, -31.252240517 ], [ -55.248550163, -31.248164233 ], [ -55.247501096, -31.246011244 ], [ -55.248878627, -31.241217653 ], [ -55.246600039, -31.233306529 ], [ -55.248950535, -31.227232021 ], [ -55.247300164, -31.224509194 ], [ -55.248819582, -31.218435401 ], [ -55.247663838, -31.215984771999985 ], [ -55.248489981, -31.213900978 ], [ -55.250053412, -31.21582719 ], [ -55.251401042, -31.215168113 ], [ -55.251578312, -31.213249268 ], [ -55.253988117, -31.211119212 ], [ -55.250104999, -31.206008475 ], [ -55.253706204, -31.203943334 ], [ -55.257008053, -31.198206339 ], [ -55.261604069, -31.196552466 ], [ -55.26280546, -31.194684123 ], [ -55.270990938, -31.195928087 ], [ -55.273413192, -31.194251924 ], [ -55.278854531, -31.195060117 ], [ -55.279863008, -31.193921061 ], [ -55.282717325, -31.193907416 ], [ -55.283714607, -31.188037386 ], [ -55.285730785, -31.185466706 ], [ -55.281934546, -31.183923142 ], [ -55.276404974, -31.17840353 ], [ -55.271922123, -31.178668648 ], [ -55.270958854, -31.17696321 ], [ -55.271914414, -31.172835544 ], [ -55.274693113, -31.170179004 ], [ -55.276124938, -31.171481996 ], [ -55.280722348, -31.169755665 ], [ -55.284952476, -31.166346734 ], [ -55.284413523, -31.164773695 ], [ -55.288577257, -31.165837524 ], [ -55.288658379, -31.164387426 ], [ -55.290618701, -31.163670921 ], [ -55.288996677, -31.161071794 ], [ -55.290083385, -31.159239509 ], [ -55.285259102, -31.156402166 ], [ -55.290499658, -31.150176353 ], [ -55.28969847, -31.145277258 ], [ -55.290929452, -31.142260568 ], [ -55.294120859, -31.144306772 ], [ -55.297544668, -31.144420381 ], [ -55.305222629, -31.141017057 ], [ -55.306657902, -31.143439728 ], [ -55.311509213, -31.145483136 ], [ -55.311654813, -31.147279804 ], [ -55.312974159, -31.147049987 ], [ -55.313874965, -31.145759615 ], [ -55.3186327, -31.145106765 ], [ -55.317877199, -31.139917289 ], [ -55.320830559, -31.135847629 ], [ -55.326218407, -31.138004398 ], [ -55.330580004, -31.134425876 ], [ -55.334317765, -31.13284962 ], [ -55.338455909, -31.133687444 ], [ -55.340103752, -31.131418861 ], [ -55.338289278, -31.130293344 ], [ -55.339554475, -31.12705123 ], [ -55.337039096, -31.119912354 ], [ -55.329802234, -31.116540216 ], [ -55.331102575, -31.112796971 ], [ -55.328692708, -31.110384362 ], [ -55.329711718, -31.107901563 ], [ -55.333855074, -31.104999594 ], [ -55.333507059, -31.098712278 ], [ -55.331928455, -31.09523637 ], [ -55.328335359, -31.093488622 ], [ -55.329656622, -31.09196239600001 ], [ -55.327474301, -31.088180065 ], [ -55.338981965, -31.085077988 ], [ -55.345547397, -31.075576255 ], [ -55.349840499, -31.072280751 ], [ -55.350164506, -31.067789158 ], [ -55.351261749, -31.067550643 ], [ -55.3526719, -31.070350613 ], [ -55.360103247, -31.067434258 ], [ -55.358582522, -31.062577194 ], [ -55.356444684, -31.062007495 ], [ -55.352771873, -31.057214658 ], [ -55.353206170999989, -31.053700397 ], [ -55.350051948, -31.048309159 ], [ -55.348829172, -31.04286908 ], [ -55.349445951, -31.03919517 ], [ -55.351353254, -31.037610652 ], [ -55.357513290999989, -31.040449792 ], [ -55.359486939, -31.040213159 ], [ -55.362570571, -31.038995453 ], [ -55.363596332, -31.035671435 ], [ -55.369282915, -31.034397812 ], [ -55.373395145, -31.027966946 ], [ -55.371293687, -31.023413789 ], [ -55.373892418, -31.019087276 ], [ -55.375236429, -31.021770839 ], [ -55.380001002, -31.023534215 ], [ -55.387242067, -31.020573068 ], [ -55.392543052, -31.02575486100001 ], [ -55.399930412, -31.028563442 ], [ -55.400651247, -31.027151874 ], [ -55.404900105, -31.027331579 ], [ -55.406689722, -31.018748689 ], [ -55.411306008, -31.017552504 ], [ -55.414932917, -31.014466302 ], [ -55.41934151, -31.014986635 ], [ -55.423708921, -31.017753056 ], [ -55.424973954, -31.016462447 ], [ -55.425269443, -31.011680278 ], [ -55.430604585, -31.010181048 ], [ -55.43101371, -31.007655253 ], [ -55.437049508, -31.00471582 ], [ -55.434432422, -31.000941908 ], [ -55.437473426, -30.994318806 ], [ -55.436030139, -30.992202081 ], [ -55.431644459, -30.992511363 ], [ -55.42877402, -30.990020214 ], [ -55.429098194, -30.986711539 ], [ -55.424579825, -30.985628926 ], [ -55.426727396, -30.981251104 ], [ -55.431558647, -30.978162745 ], [ -55.432938792, -30.972720634 ], [ -55.435783356, -30.971410471 ], [ -55.43807609800001, -30.97255851 ], [ -55.437578701, -30.969292325 ], [ -55.441210802, -30.962846376 ], [ -55.441290549, -30.959731490999985 ], [ -55.444356339, -30.958450274 ], [ -55.452269266, -30.960352435 ], [ -55.452127553, -30.957904628 ], [ -55.457308412, -30.951375193 ], [ -55.463553533, -30.950255291 ], [ -55.468982936, -30.954638 ], [ -55.472516611, -30.952556736 ], [ -55.477384164999989, -30.952626072999987 ], [ -55.478359743, -30.953849547 ], [ -55.48668994, -30.947662737 ], [ -55.487326515, -30.941906934 ], [ -55.489738846, -30.93980846 ], [ -55.489581775, -30.933458047 ], [ -55.486432609, -30.928278269 ], [ -55.48859498600001, -30.925361775 ], [ -55.493708782, -30.924679427 ], [ -55.499451417, -30.926891378 ], [ -55.504159615, -30.92475431 ], [ -55.510148842, -30.911341489 ], [ -55.510414601, -30.90615698 ], [ -55.508114105, -30.904315602 ], [ -55.510174484, -30.901755758 ], [ -55.516968853, -30.898708461 ], [ -55.524986571, -30.897977506 ], [ -55.527206129, -30.900025334 ], [ -55.529260868, -30.899327915 ], [ -55.532526675, -30.902372217 ], [ -55.533743776, -30.897255786 ], [ -55.54590851, -30.890544093 ], [ -55.551843343, -30.882657132 ], [ -55.551801056, -30.876758998 ], [ -55.55477713, -30.872596149 ], [ -55.563560262, -30.86866114 ], [ -55.56462643, -30.862995518 ], [ -55.563537253, -30.858512904 ], [ -55.564732655, -30.856757565 ], [ -55.562605531, -30.855022019 ], [ -55.565253612, -30.852663918999987 ], [ -55.56727748, -30.845445603 ], [ -55.571898604, -30.845963962 ], [ -55.575227851, -30.842321675 ], [ -55.577427445, -30.843179945 ], [ -55.579253382, -30.840095724 ], [ -55.577043738, -30.837059842 ], [ -55.578324231, -30.83434425 ], [ -55.577531011, -30.833411138 ], [ -55.578614784, -30.832902244 ], [ -55.585202889, -30.836018504 ], [ -55.587432386, -30.838491878 ], [ -55.586760591, -30.841195877 ], [ -55.590739044, -30.840885881 ], [ -55.600119758, -30.847550322 ], [ -55.60466313, -30.848859354 ], [ -55.604521648, -30.849862118 ], [ -55.606775377, -30.849654298 ], [ -55.608048953, -30.84813743 ], [ -55.610788709, -30.848304658 ], [ -55.613051764, -30.84320509 ], [ -55.618652183, -30.841693033 ], [ -55.622517282, -30.842196569 ], [ -55.624175489, -30.845770161 ], [ -55.628731587, -30.848018969 ], [ -55.632640917, -30.845192622 ], [ -55.637861408, -30.846223419 ], [ -55.639322487, -30.848512179 ], [ -55.643008249, -30.849944401 ], [ -55.64664288, -30.854834594 ], [ -55.645172801, -30.857574342 ], [ -55.649977471, -30.866017488 ], [ -55.652230956, -30.865996593 ], [ -55.651690232, -30.864473615 ], [ -55.657823419, -30.863823521 ], [ -55.663148827, -30.871890552 ], [ -55.663162618, -30.87386268 ], [ -55.660378675, -30.874563854 ], [ -55.652890865, -30.883301241 ], [ -55.655707379, -30.884899238 ], [ -55.653271274, -30.889579017 ], [ -55.653409973, -30.891751951999989 ], [ -55.654912495, -30.892429261 ], [ -55.653989133, -30.896563967999988 ], [ -55.651864206, -30.896728989 ], [ -55.650433506, -30.899897841 ], [ -55.651239199, -30.901249984 ], [ -55.648742113, -30.901391266 ], [ -55.648097639, -30.902706362 ], [ -55.649889416, -30.904285329 ], [ -55.645020376, -30.908960708 ], [ -55.645677059, -30.910089526 ], [ -55.642117896, -30.911600886 ], [ -55.643753813, -30.916044009 ], [ -55.647208962, -30.918638392 ], [ -55.646902932, -30.920927299 ], [ -55.648397877, -30.92296259 ], [ -55.651435347, -30.923024996 ], [ -55.653362125, -30.925208546 ], [ -55.656038869, -30.924865283 ], [ -55.659262311, -30.930272745 ], [ -55.663468211, -30.933168204 ], [ -55.660173556, -30.942799183 ], [ -55.658575347, -30.943827917 ], [ -55.661730156, -30.948632114 ], [ -55.664469725, -30.946841267 ], [ -55.666186387, -30.953978471 ], [ -55.671767546, -30.953551886 ], [ -55.671657476999989, -30.955296515 ], [ -55.67623983, -30.956091447 ], [ -55.688459378, -30.952361097 ], [ -55.688829574, -30.944857463 ], [ -55.694872634, -30.943451617 ], [ -55.697243479, -30.948250939 ], [ -55.700588184, -30.949491067 ], [ -55.700706629, -30.951606306 ], [ -55.703953716, -30.955221667 ], [ -55.709650112, -30.954624876 ], [ -55.711033422, -30.949982345 ], [ -55.716371286, -30.945990738 ], [ -55.716026224, -30.943021333 ], [ -55.718794116, -30.941642513 ], [ -55.723905163, -30.94275449 ], [ -55.721041051, -30.945584136 ], [ -55.722093351, -30.94898986 ], [ -55.724536294, -30.951238262 ], [ -55.72236227, -30.957343812 ], [ -55.725897395, -30.962726033 ], [ -55.724359361, -30.966035148 ], [ -55.729982499, -30.970898526 ], [ -55.731539504, -30.974083663 ], [ -55.728291271, -30.979452491 ], [ -55.733856423, -30.981372375 ], [ -55.74107948, -30.978828505 ], [ -55.746639146, -30.979462688 ], [ -55.747485364, -30.9812013 ], [ -55.745759217, -30.985293644 ], [ -55.74719533, -30.988864982 ], [ -55.748798102, -30.98906593 ], [ -55.750566284, -30.991739328 ], [ -55.75009021, -30.994476913 ], [ -55.752332921, -30.998583055 ], [ -55.756691614, -30.997788677 ], [ -55.758635408, -30.999466499 ], [ -55.761882468, -30.998994792 ], [ -55.763105456, -31.000001422 ], [ -55.766821145, -30.997246346 ], [ -55.77319898, -30.99705388 ], [ -55.774630209, -30.999997517 ], [ -55.767907413, -31.003484714 ], [ -55.766558539, -31.010018534 ], [ -55.776717881, -31.015600854 ], [ -55.780612294, -31.015029129 ], [ -55.780885106, -31.017147472 ], [ -55.79515841, -31.015317676 ], [ -55.796518845, -31.016820911 ], [ -55.807156002, -31.016511997 ], [ -55.812183409, -31.014694439 ], [ -55.813672433, -31.017609797 ], [ -55.811939251, -31.021654525999985 ], [ -55.819908054, -31.029793639 ], [ -55.827035295, -31.040473174 ], [ -55.83024852, -31.04051898 ], [ -55.829778616, -31.04369812 ], [ -55.832306626, -31.044373987 ], [ -55.837463845, -31.042443997 ], [ -55.842424857, -31.043848013 ], [ -55.847645313, -31.042097439 ], [ -55.849362999, -31.043938976 ], [ -55.855281667, -31.045115724 ], [ -55.866381826, -31.061615107 ], [ -55.867159109, -31.064853854 ], [ -55.869323819, -31.06498397 ], [ -55.870757714, -31.071570211 ], [ -55.877667897, -31.072610278 ], [ -55.882445464, -31.077273116 ], [ -55.890865004, -31.077148886 ], [ -55.891814397, -31.07392452 ], [ -55.895242461, -31.073067153 ], [ -55.895380234, -31.068507493 ], [ -55.898695272, -31.066708886 ], [ -55.904126569, -31.06925132500001 ], [ -55.910460615, -31.075090376 ], [ -55.913135045, -31.07563507 ], [ -55.918561266, -31.073712941 ], [ -55.924249986, -31.075697877 ], [ -55.925853457, -31.076834648 ], [ -55.926991914, -31.08127921 ], [ -55.929926579, -31.083206455 ], [ -55.930283674, -31.086263866 ], [ -55.933597395, -31.087053415 ], [ -55.938510873, -31.085829701 ], [ -55.945057016, -31.081731764 ], [ -55.956703277, -31.079781565 ], [ -55.958929232, -31.077437319 ], [ -55.965319133, -31.077495208 ], [ -55.968296928, -31.074833839 ], [ -55.974892915, -31.074682428 ], [ -55.97929877, -31.073199622 ], [ -55.986682679, -31.077285073 ], [ -55.990228108, -31.083610551 ], [ -55.992674472, -31.08504726 ], [ -56.011123407, -31.081577829 ], [ -56.00743951, -31.076501679 ], [ -56.007654636, -31.071737022 ], [ -56.012006924, -31.06387096 ], [ -56.012912517, -31.057807916 ], [ -56.015655899, -31.053865956 ], [ -56.015272862, -31.051372539 ], [ -56.018438294, -31.047729248 ], [ -56.017422093, -31.030984695 ], [ -56.014234202, -31.021589652 ], [ -56.018102356999989, -31.009931901 ], [ -56.016549759, -31.006183236 ], [ -56.017639913, -31.003023827 ], [ -56.01265068, -30.993229387 ], [ -56.013208444, -30.990070386 ], [ -56.007059075, -30.983752397 ], [ -56.010804965, -30.978297727 ], [ -56.005694093, -30.973232979 ], [ -56.010630745, -30.968577289 ], [ -56.01148374, -30.963804544 ], [ -56.010147977, -30.958149901 ], [ -56.01248467500001, -30.952827124 ], [ -56.009434475, -30.947032668 ], [ -56.015292624, -30.944510397 ], [ -56.014985863, -30.941972587 ], [ -56.010366157, -30.937565216 ], [ -56.010154075, -30.927082069 ], [ -56.00548404, -30.922319354 ], [ -56.007744031, -30.91551642 ], [ -56.011051464, -30.911951936 ], [ -56.008240554, -30.906409133 ], [ -56.006521705, -30.898160825 ], [ -56.00769466, -30.893527076 ], [ -56.000942424, -30.882677605 ], [ -55.997843588, -30.873514488 ], [ -55.990380415, -30.866410799 ], [ -55.989644964, -30.858991616 ], [ -55.992856832, -30.85243904 ], [ -55.991517453, -30.848534876 ], [ -55.993368452, -30.845904933 ], [ -56.004375702, -30.839841081 ], [ -56.00424078, -30.830395422 ], [ -56.008745736, -30.819678227 ], [ -56.013693034, -30.818030353 ], [ -56.016969207, -30.818453821 ], [ -56.01647063, -30.811611058 ], [ -56.012471791, -30.807300934 ], [ -56.016010458, -30.802319266 ], [ -56.025184092, -30.798596081 ], [ -56.024644814, -30.794695447 ], [ -56.021021764, -30.79057337 ], [ -56.022980505, -30.786143258 ], [ -56.03077244, -30.783978934999986 ], [ -56.035976811, -30.784159057 ], [ -56.03912714, -30.775223512 ], [ -56.046574558, -30.773724256 ], [ -56.049524113, -30.776794681 ], [ -56.057005448, -30.77329321 ], [ -56.062134906, -30.775021431 ], [ -56.065747827, -30.769375962 ], [ -56.066775942, -30.764213698 ], [ -56.064261156, -30.76059679 ], [ -56.063186685, -30.752760294 ], [ -56.066536945, -30.748418768 ], [ -56.072732419, -30.745383164 ], [ -56.079339535, -30.749300022 ], [ -56.085187649, -30.756034401 ], [ -56.088389961, -30.757524741 ], [ -56.095687768, -30.754022112 ], [ -56.097614385, -30.746600472 ], [ -56.102332998, -30.744499945 ], [ -56.102801731, -30.740128081 ], [ -56.10733011, -30.732001899 ], [ -56.116781543, -30.733046565 ], [ -56.119148269, -30.737512358 ], [ -56.126785335, -30.740551675 ], [ -56.128159971, -30.739625103 ], [ -56.13018464, -30.733554681 ], [ -56.132748864, -30.732003273 ], [ -56.131352233, -30.724139553000011 ], [ -56.128381742, -30.72029027 ], [ -56.130307008, -30.716515125 ], [ -56.134881291, -30.712895131 ], [ -56.135756764, -30.710161818 ], [ -56.138706215, -30.710157673 ], [ -56.150792176, -30.704700995 ], [ -56.149612594, -30.701989054999984 ], [ -56.150435286, -30.694077493 ], [ -56.13888354, -30.687951061 ], [ -56.137407497, -30.683628697 ], [ -56.143222349, -30.67952273 ], [ -56.145356743, -30.68107786 ], [ -56.151941966, -30.680452232 ], [ -56.160757579, -30.671215763 ], [ -56.166694316, -30.663419532 ], [ -56.169983023, -30.654062505 ], [ -56.164581299, -30.643157677 ], [ -56.165564875, -30.640891871 ], [ -56.175533845, -30.633298306 ], [ -56.177678835, -30.633557204 ], [ -56.181344931, -30.631309591 ], [ -56.180346779, -30.630293966 ], [ -56.182869262, -30.624562735 ], [ -56.178970327, -30.62091034 ], [ -56.175911434, -30.620835367 ], [ -56.171875378, -30.618829382 ], [ -56.170944378, -30.614523856 ], [ -56.178605718999989, -30.611748892 ], [ -56.187674722, -30.604694717 ], [ -56.193001073, -30.603792266 ], [ -56.214095591, -30.608464822 ], [ -56.219880056, -30.60707829 ], [ -56.224358242, -30.597330443 ], [ -56.234205491, -30.59360574 ], [ -56.234492857, -30.586988901 ], [ -56.227897244, -30.586645415 ], [ -56.223841158, -30.584795904 ], [ -56.226252562, -30.578131536 ], [ -56.22943775, -30.578019152 ], [ -56.23311561, -30.574854455 ], [ -56.23796186, -30.573428511 ], [ -56.245050408, -30.573737099 ], [ -56.250251265, -30.57825884 ], [ -56.254091228, -30.587027185 ], [ -56.256713991, -30.587575737 ], [ -56.261838849, -30.584646571999986 ], [ -56.262020135, -30.581497956 ], [ -56.259848058, -30.580410376 ], [ -56.261769191, -30.570029713999986 ], [ -56.256738267, -30.566947627 ], [ -56.258337556, -30.562013029 ], [ -56.265920509, -30.554537568 ], [ -56.276669378, -30.56069343 ], [ -56.282152902, -30.55984999 ], [ -56.278960073, -30.553264417 ], [ -56.28584868, -30.545980153 ], [ -56.285708336, -30.543893128 ], [ -56.289004632, -30.539924506 ], [ -56.290295872, -30.529223884 ], [ -56.28727734, -30.527539375 ], [ -56.292207655, -30.520503957 ], [ -56.294272343, -30.520553746 ], [ -56.293812835, -30.523261604 ], [ -56.297331466, -30.526264132 ], [ -56.299119156, -30.524678659 ], [ -56.301752938, -30.525780188 ], [ -56.303044233, -30.528456198000011 ], [ -56.307556812, -30.53046248 ], [ -56.31145422, -30.531235491 ], [ -56.317053607, -30.530160518 ], [ -56.32291511, -30.531818236 ], [ -56.326942193, -30.52797565 ], [ -56.32930594, -30.529655064999989 ], [ -56.331284543, -30.529352804 ], [ -56.333530877, -30.524539372 ], [ -56.336798908, -30.523067226 ], [ -56.337428417, -30.518816610999984 ], [ -56.333932184, -30.516398613 ], [ -56.335468751, -30.512002264 ], [ -56.348959531, -30.504089865 ], [ -56.35139472, -30.499446314999989 ], [ -56.350486084, -30.496612757 ], [ -56.357154711, -30.491680323 ], [ -56.360789595999989, -30.492805076 ], [ -56.36463558, -30.492071616 ], [ -56.364727726, -30.496818096 ], [ -56.362589860999989, -30.497612257 ], [ -56.360540241, -30.495294897 ], [ -56.359864373, -30.497574484 ], [ -56.360792217, -30.500055629 ], [ -56.368259598, -30.503167334 ], [ -56.373418566, -30.501202117 ], [ -56.378075949, -30.501460015 ], [ -56.383495137, -30.498822421 ], [ -56.389266687, -30.493060161 ], [ -56.388313199, -30.492114469 ], [ -56.385841127, -30.49347699 ], [ -56.383667718, -30.492627373 ], [ -56.387611564, -30.489521185 ], [ -56.387330263, -30.486989316999988 ], [ -56.395588283, -30.484868287 ], [ -56.397180891, -30.47894651 ], [ -56.396410638, -30.472217394 ], [ -56.398300497, -30.471536828 ], [ -56.401671355, -30.474831764 ], [ -56.406236337, -30.468610549 ], [ -56.407031416, -30.459873092 ], [ -56.40482201, -30.458979348 ], [ -56.402058556, -30.460126994 ], [ -56.399784303, -30.45856849 ], [ -56.39818767, -30.448439297 ], [ -56.408010571, -30.446885776 ], [ -56.414830146, -30.438130119 ], [ -56.415142458, -30.432802278 ], [ -56.416434421, -30.431362627 ], [ -56.420266709, -30.432737273 ], [ -56.423273085, -30.432063535 ], [ -56.426312435, -30.435208869 ], [ -56.439978485, -30.432523656 ], [ -56.447461191, -30.424748443 ], [ -56.453918158, -30.422542186 ], [ -56.451616866, -30.41912919 ], [ -56.444912814, -30.415775138 ], [ -56.44453711, -30.411607578 ], [ -56.453865951, -30.402206 ], [ -56.45581775, -30.392856401 ], [ -56.460783082, -30.385639489 ], [ -56.462178216, -30.384482182 ], [ -56.467043241, -30.385308131 ], [ -56.476445257, -30.389443983 ], [ -56.480515788, -30.392486426 ], [ -56.483942316, -30.398841586 ], [ -56.491364756, -30.398109429000012 ], [ -56.496452963, -30.387062552 ], [ -56.507090757, -30.381841407 ], [ -56.504635466, -30.37300821 ], [ -56.505190297, -30.370474529999985 ], [ -56.514907091, -30.365098307 ], [ -56.519431872, -30.359803913 ], [ -56.521576709, -30.358950556 ], [ -56.530965234, -30.360220901 ], [ -56.536362431, -30.359025968 ], [ -56.541535231, -30.361054585 ], [ -56.546144008, -30.360649403 ], [ -56.546967282, -30.358242834 ], [ -56.544637917, -30.356645186 ], [ -56.544055442, -30.353351261 ], [ -56.551992601, -30.344150874 ], [ -56.549691821, -30.339147467 ], [ -56.541918435, -30.337497454 ], [ -56.537023722, -30.33413734 ], [ -56.537683963, -30.330655474 ], [ -56.540845082, -30.327335123 ], [ -56.541563249, -30.313142318 ], [ -56.544302942, -30.311406443 ], [ -56.546970217, -30.311489412 ], [ -56.55349763, -30.319132991 ], [ -56.555754654, -30.320304757 ], [ -56.55784311, -30.319175258 ], [ -56.563120659, -30.311667983 ], [ -56.575879342, -30.303559843 ], [ -56.576468637, -30.300929112 ], [ -56.574312049, -30.291316983 ], [ -56.575490431, -30.289320327 ], [ -56.577391464, -30.288924906999988 ], [ -56.585304426, -30.290366932 ], [ -56.597530158, -30.295762158 ], [ -56.6051444, -30.292830026 ], [ -56.613388182, -30.30048536 ], [ -56.618743469, -30.301229021 ], [ -56.620964928, -30.29300479 ], [ -56.61130224, -30.287789747 ], [ -56.607682158, -30.282945988 ], [ -56.609497959, -30.26943734 ], [ -56.614963163, -30.261580033 ], [ -56.627598886, -30.266861363 ], [ -56.639172488, -30.259127616 ], [ -56.640496838, -30.255452739 ], [ -56.639420784, -30.25415778 ], [ -56.631338605, -30.255241716 ], [ -56.625248933, -30.249515864 ], [ -56.624125477, -30.246584292 ], [ -56.641163335, -30.234818913 ], [ -56.646837024, -30.222954864 ], [ -56.650740244, -30.220435096 ], [ -56.652071188, -30.219591522 ], [ -56.664490186, -30.221856573 ], [ -56.666507396, -30.22128803 ], [ -56.668742481, -30.218101647 ], [ -56.657803164, -30.212941223 ], [ -56.650274222, -30.212157772000012 ], [ -56.646018367, -30.208804518 ], [ -56.645300883, -30.206820669 ], [ -56.646532694, -30.203847685 ], [ -56.648322883, -30.204290397 ], [ -56.650605216, -30.207434952 ], [ -56.652429933, -30.206911583 ], [ -56.660801902, -30.198338544 ], [ -56.663678745, -30.197426592 ], [ -56.678688404, -30.200263064 ], [ -56.68015532, -30.198648101 ], [ -56.680278008, -30.194824138 ], [ -56.681947695, -30.194497084 ], [ -56.685501985, -30.196127291 ], [ -56.692125232, -30.20262319 ], [ -56.697190807, -30.205035929 ], [ -56.700538524, -30.197622517 ], [ -56.708394644, -30.188132119 ], [ -56.704820032, -30.179275774 ], [ -56.705648384, -30.176063793 ], [ -56.71115522, -30.175971721 ], [ -56.717650528, -30.179867877 ], [ -56.719895192, -30.17972953 ], [ -56.729785597, -30.171704147 ], [ -56.746550615, -30.166720434 ], [ -56.758214287, -30.160845772999988 ], [ -56.760913273, -30.160445271 ], [ -56.772999242, -30.164262932 ], [ -56.776536074, -30.163373991 ], [ -56.78193808, -30.15877421 ], [ -56.784005417, -30.151165575 ], [ -56.777792804, -30.133714856 ], [ -56.780271012, -30.126630374 ], [ -56.797125868, -30.123033199 ], [ -56.800881909, -30.121152795 ], [ -56.80464515, -30.105975761 ], [ -56.808075013, -30.103240694 ], [ -56.810040768, -30.102974046 ], [ -56.814510577, -30.10755142 ], [ -56.816830652, -30.107347827 ], [ -56.81864441, -30.106141294 ], [ -56.824166901, -30.09564446 ], [ -56.83358456500001, -30.092302246 ], [ -56.854173006, -30.088793353 ], [ -56.864551036, -30.090050416 ], [ -56.870691498, -30.093935487999989 ], [ -56.873650768, -30.09272393 ], [ -56.873276178, -30.088695413 ], [ -56.874541226, -30.086248624 ], [ -56.880020188, -30.088450475999984 ], [ -56.884823658, -30.087123281 ], [ -56.888888814, -30.089108498 ], [ -56.890387258, -30.097045244 ], [ -56.89518411, -30.104523557 ], [ -56.902629521, -30.112340801 ], [ -56.905382203, -30.113469962 ], [ -56.906721574, -30.112373375 ], [ -56.904743722, -30.109095679 ], [ -56.905407121, -30.107653977 ], [ -56.90881111800001, -30.107629164999988 ], [ -56.913947421, -30.110970354 ], [ -56.91537537, -30.110217612 ], [ -56.915113968, -30.107520395 ], [ -56.911992492, -30.104349915 ], [ -56.911327134, -30.101509133 ], [ -56.917773671, -30.096201725 ], [ -56.932415991, -30.093936865 ], [ -56.936009715, -30.094456152999989 ], [ -56.944317352, -30.098505766 ], [ -56.95558087, -30.101144856 ], [ -56.967758969, -30.097663997 ], [ -56.977423058, -30.097554643 ], [ -56.982835207, -30.088430029 ], [ -56.993442554, -30.085711772 ], [ -57.005790891, -30.087755227 ], [ -57.023898099, -30.087542221 ], [ -57.028940585, -30.092848043 ], [ -57.031332093, -30.102143844 ], [ -57.044805033, -30.10573889 ], [ -57.047909916, -30.104574162 ], [ -57.050870726, -30.100962453 ], [ -57.057872044, -30.098646517 ], [ -57.067840542, -30.101209256 ], [ -57.069301552, -30.099234516 ], [ -57.067138978, -30.09118523 ], [ -57.061539342, -30.089577454 ], [ -57.061360049, -30.088520262 ], [ -57.063857918, -30.086122039 ], [ -57.06908076, -30.085575017 ], [ -57.073565358, -30.089996293 ], [ -57.080672101, -30.09342263 ], [ -57.08723445, -30.101043423 ], [ -57.087673365, -30.10663011 ], [ -57.091202898, -30.108996749 ], [ -57.092126864, -30.112714197 ], [ -57.089403282, -30.113396061 ], [ -57.085874826, -30.110319878 ], [ -57.08475784, -30.114549641 ], [ -57.091186163, -30.121515828999989 ], [ -57.095486791, -30.121264822 ], [ -57.095081958, -30.116012499 ], [ -57.096418321, -30.114569981 ], [ -57.106279293999989, -30.115270605 ], [ -57.108168686, -30.116668013 ], [ -57.115987452, -30.113843281 ], [ -57.116728364, -30.120036905 ], [ -57.114083204, -30.127182903 ], [ -57.110970601, -30.128745799 ], [ -57.107357156, -30.125251439 ], [ -57.104679274, -30.126340237 ], [ -57.107257768, -30.132922378 ], [ -57.105700233, -30.13512887700001 ], [ -57.108950676, -30.138130627 ], [ -57.110986762, -30.142678814 ], [ -57.114483285, -30.145457403 ], [ -57.119825695, -30.144589431 ], [ -57.12291421, -30.141139594 ], [ -57.12916502, -30.140838055 ], [ -57.135839259, -30.157935725 ], [ -57.14463988, -30.166205781 ], [ -57.144777693, -30.17161280700001 ], [ -57.154148831, -30.181982692 ], [ -57.159136112, -30.185691164 ], [ -57.158477662, -30.191284819 ], [ -57.159464132, -30.193073725 ], [ -57.168219363, -30.197636072 ], [ -57.167125463, -30.203641069 ], [ -57.168361158, -30.208396654 ], [ -57.164777742, -30.213448021 ], [ -57.167942468, -30.217732201 ], [ -57.163249686, -30.217318693 ], [ -57.162763329, -30.219303656 ], [ -57.165086731, -30.221743207 ], [ -57.165428906, -30.224512281 ], [ -57.163252096, -30.227624165 ], [ -57.156780887, -30.231405856999988 ], [ -57.155162119, -30.234136228 ], [ -57.161537136, -30.24213651 ], [ -57.163411633, -30.24286175 ], [ -57.166336718, -30.240860608 ], [ -57.167449214, -30.241382191 ], [ -57.169048991, -30.243505217 ], [ -57.167913673, -30.24902633 ], [ -57.177334057, -30.25128814 ], [ -57.185105421, -30.256325382 ], [ -57.18668307, -30.258825472 ], [ -57.196253077, -30.264506478 ], [ -57.202911855, -30.284429628 ], [ -57.209340877, -30.284543029 ], [ -57.215909996, -30.288287297 ], [ -57.220261387, -30.289285372 ], [ -57.250077175, -30.289156862 ], [ -57.253626336, -30.28629299 ], [ -57.255871276, -30.281849218 ], [ -57.253183224, -30.273292957 ], [ -57.258554772, -30.267169477 ], [ -57.261769094, -30.267223298999987 ], [ -57.268969018, -30.271648478 ], [ -57.270247304, -30.278692046 ], [ -57.26881761, -30.28279514 ], [ -57.270060979, -30.284984513 ], [ -57.274887221, -30.286955213 ], [ -57.277815422, -30.29245404 ], [ -57.280939077, -30.294272236 ], [ -57.284564521, -30.293722065 ], [ -57.293176751, -30.286392628 ], [ -57.306979409, -30.262332801 ], [ -57.311355846, -30.258103343999984 ], [ -57.314329424, -30.257747978 ], [ -57.317570055, -30.261443414 ], [ -57.319503981999986, -30.269742441 ], [ -57.342983739999987, -30.27768115 ], [ -57.35203600900001, -30.28448503 ], [ -57.356043309, -30.284233662 ], [ -57.357681582, -30.282628021 ], [ -57.357459828, -30.275440265 ], [ -57.358825038, -30.272402933 ], [ -57.361858977, -30.270919584 ], [ -57.364919145, -30.271050328000012 ], [ -57.369834508, -30.27301152 ], [ -57.378750489, -30.279420746 ], [ -57.389300684, -30.295741429 ], [ -57.389444957, -30.302461629 ], [ -57.392352245, -30.304673263 ], [ -57.397627434999983, -30.304535655 ], [ -57.403956315, -30.300686145 ], [ -57.411311774, -30.300033703 ], [ -57.418599253999986, -30.302644102 ], [ -57.421380893, -30.300875659 ], [ -57.42165747, -30.289161342 ], [ -57.418098989, -30.283679225 ], [ -57.415334857, -30.282038222 ], [ -57.414784778, -30.279708132 ], [ -57.416404530999984, -30.277977874 ], [ -57.429295976, -30.274609268 ], [ -57.452295289, -30.276037447 ], [ -57.455475735, -30.274470222 ], [ -57.460593194999987, -30.26741982 ], [ -57.463523412, -30.265399861 ], [ -57.486759698, -30.266829239 ], [ -57.490064887, -30.269016082999986 ], [ -57.495318992, -30.278559975 ], [ -57.497901188, -30.287287693 ], [ -57.500273086, -30.288853132000011 ], [ -57.512844908, -30.285189720999988 ], [ -57.525408793, -30.28547219 ], [ -57.531632858, -30.281376656 ], [ -57.550831711, -30.272619385 ], [ -57.555120961999982, -30.265001227 ], [ -57.566339844, -30.259111205999989 ], [ -57.567979154999989, -30.252230965 ], [ -57.558591662, -30.235562776 ], [ -57.556298865, -30.224972932 ], [ -57.557846388999984, -30.213383447999984 ], [ -57.563072907, -30.209109511 ], [ -57.60336743500001, -30.189671133 ], [ -57.614676012, -30.189346827 ], [ -57.626373971, -30.186696336 ], [ -57.632054731, -30.187038983 ], [ -57.645141937999988, -30.19369063 ], [ -57.649742824, -30.189320897 ], [ -57.646804238, -30.18159069 ], [ -57.639613701, -30.176744266 ], [ -57.632660271, -30.174776946 ], [ -57.62508434, -30.174993218 ], [ -57.600279229999984, -30.178676107 ], [ -57.588019079, -30.178344798 ], [ -57.569608433, -30.171763767 ], [ -57.525614706, -30.151385455 ], [ -57.464604258, -30.110343034 ], [ -57.458226693, -30.101236562 ], [ -57.453761149999984, -30.081558761 ], [ -57.447574936, -30.072283314 ], [ -57.417521641, -30.038372564 ], [ -57.396332152999989, -30.022794248 ], [ -57.35198068, -30.008058557 ], [ -57.33756762, -29.989972476 ], [ -57.328140707, -29.972036783 ], [ -57.324045173, -29.939802501 ], [ -57.324079572, -29.921729399 ], [ -57.328623834999988, -29.902545795 ], [ -57.329688014999988, -29.887635369 ], [ -57.324578905, -29.872817849 ], [ -57.29781686699998, -29.834729179 ], [ -57.282178511, -29.817288264 ], [ -57.267752239, -29.809455114 ], [ -57.235400158, -29.780788386 ], [ -57.221053139, -29.776301507 ], [ -57.180659093, -29.781200801 ], [ -57.17202099, -29.780684864 ], [ -57.131905357, -29.770160056 ], [ -57.099722117, -29.74832011 ], [ -57.069222099, -29.721941031 ], [ -57.057338809, -29.713729705 ], [ -57.045475592, -29.701585929 ], [ -57.033434897, -29.695707785 ], [ -57.021104574, -29.683317321 ], [ -57.011519342, -29.664496214 ], [ -57.000923686, -29.651914638 ], [ -56.990640037, -29.646683772 ], [ -56.971148366, -29.643406403 ], [ -56.967394843, -29.637261961 ], [ -56.967286614, -29.630070512 ], [ -56.972084955, -29.617300946 ], [ -56.971397969, -29.610284187 ], [ -56.96780032600001, -29.601794887 ], [ -56.95091776, -29.580687251 ], [ -56.929537202, -29.566215132 ], [ -56.92074509, -29.554517416 ], [ -56.901961734, -29.533816707 ], [ -56.888008403, -29.526447019 ], [ -56.872840865, -29.514740839 ], [ -56.86081571, -29.507346907 ], [ -56.822092442, -29.4900248 ], [ -56.808210262, -29.473111156 ], [ -56.803998144, -29.459678789 ], [ -56.796951479, -29.449066935 ], [ -56.779500372, -29.437372594 ], [ -56.777849992, -29.429027898 ], [ -56.780361207, -29.416289783 ], [ -56.773151617, -29.386992743 ], [ -56.768401557, -29.377998887 ], [ -56.758703007, -29.370904555 ], [ -56.746190856, -29.368356363 ], [ -56.730073327, -29.368854879 ], [ -56.712968072, -29.367352615 ], [ -56.699965305, -29.356440893 ], [ -56.689120113, -29.333966399 ], [ -56.664522813, -29.294990869 ], [ -56.650714091, -29.26434826 ], [ -56.649206831, -29.254956413 ], [ -56.654851451, -29.231152213 ], [ -56.654760639, -29.223793977 ], [ -56.645842989, -29.200293956 ], [ -56.616924514, -29.171069326 ], [ -56.594874335, -29.136291126 ], [ -56.593911411, -29.126256093 ], [ -56.58875341800001, -29.119812818 ], [ -56.577783868, -29.115313367 ], [ -56.567982044, -29.114083493 ], [ -56.550131344, -29.116653384 ], [ -56.544307531, -29.115737329 ], [ -56.537673555, -29.111479445 ], [ -56.532753784, -29.104697044 ], [ -56.523487296, -29.09791675 ], [ -56.514855529, -29.092661987 ], [ -56.503025419, -29.088661566 ], [ -56.476519374, -29.086205843 ], [ -56.430420241, -29.07950349 ], [ -56.42177139, -29.075492 ], [ -56.415997499, -29.068960172 ], [ -56.413102136, -29.061918483 ], [ -56.412320721, -29.047234616 ], [ -56.410002744, -29.038655496 ], [ -56.404363219, -29.032480927 ], [ -56.399117272, -29.017351596 ], [ -56.402232846, -29.012063391 ], [ -56.412850079, -29.005300154 ], [ -56.416174189, -29.000736419999985 ], [ -56.415964679, -28.992263268 ], [ -56.406335992, -28.972595637 ], [ -56.389838118, -28.9553034 ], [ -56.378990174, -28.948029927 ], [ -56.344193918, -28.940056522999985 ], [ -56.321642501, -28.92330432 ] ] ], [ [ [ -51.164048794, -30.261699455 ], [ -51.162680179, -30.264845856 ], [ -51.164103643, -30.266014681 ], [ -51.170195453, -30.263662297 ], [ -51.164048794, -30.261699455 ] ] ], [ [ [ -51.19196402, -30.24111501 ], [ -51.193292168, -30.242171598 ], [ -51.193499739, -30.241424035 ], [ -51.19196402, -30.24111501 ] ] ], [ [ [ -51.286280169, -30.121535862 ], [ -51.288451493, -30.120928672 ], [ -51.287319666, -30.120063419 ], [ -51.286280169, -30.121535862 ] ] ], [ [ [ -51.288682291, -30.060172216 ], [ -51.286116908, -30.058964085 ], [ -51.286877258, -30.06327803 ], [ -51.291996586, -30.064812129 ], [ -51.291010301, -30.060323238 ], [ -51.294645705, -30.054053045 ], [ -51.288682291, -30.060172216 ] ] ], [ [ [ -49.703671638, -29.346753826 ], [ -49.704985782, -29.34733736 ], [ -49.704420169, -29.345453593 ], [ -49.703671638, -29.346753826 ] ] ] ] } },
{ "type": "Feature", "properties": { "uf": "AC", "estado": "Acre", "total_alertas": 1, "municipios_com_alerta": 1, "nivel_max": "moderado", "nivel_max_label": "Moderado", "qtd_hidro": 0, "qtd_geo": 1, "severity_group": "moderado", "cor": "#d6b52b", "municipios_lista": "MARECHAL THAUMATURGO - AC", "updated_at": "2026-09-26T17:57:14.859150+00:00" }, "geometry": { "type": "Polygon", "coordinates": [ [ [ -71.077720096, -9.827740412 ], [ -71.085543857, -9.839475711 ], [ -71.092445737, -9.841236831 ], [ -71.097097443, -9.844976873 ], [ -71.099677752, -9.845427286 ], [ -71.102295778, -9.848862683 ], [ -71.102427317999982, -9.851809778 ], [ -71.108853767999989, -9.853129724 ], [ -71.121133121999989, -9.851496416 ], [ -71.129870628, -9.852515484 ], [ -71.163009024, -9.875320927 ], [ -71.166175202, -9.884011744 ], [ -71.171706482, -9.88807916 ], [ -71.181372855, -9.917498068 ], [ -71.187390423, -9.919650016 ], [ -71.193900241, -9.938203281 ], [ -71.205702868, -9.947176411 ], [ -71.210845036, -9.966390065 ], [ -71.227454165, -9.969339796 ], [ -71.240424116, -9.966495955 ], [ -71.246649676, -9.962046132 ], [ -71.253053664, -9.963918089 ], [ -71.254675766, -9.97168969 ], [ -71.259123689999981, -9.978092644 ], [ -71.271094165999983, -9.978271003 ], [ -71.282316956, -9.983956814 ], [ -71.29159427, -9.984905728 ], [ -71.307959272, -9.991996306 ], [ -71.317732483, -9.99123721 ], [ -71.338873496, -9.971997834 ], [ -71.348455994999981, -9.973112702 ], [ -71.352903917, -9.976564997 ], [ -71.354651018, -9.987998595 ], [ -71.357428107, -9.989489183 ], [ -71.364012266, -9.985031719 ], [ -71.377416674, -9.999999995 ], [ -72.180452772999985, -9.999999996 ], [ -72.181644389, -9.992038607 ], [ -72.180675482999987, -9.984783056 ], [ -72.162364993, -9.974116199 ], [ -72.1574822, -9.968644028 ], [ -72.155704577, -9.96364677 ], [ -72.155841895999984, -9.960476773 ], [ -72.15990074, -9.953427218 ], [ -72.160701853999981, -9.939502646 ], [ -72.168254929, -9.939216562 ], [ -72.172504494999984, -9.935963594 ], [ -72.174366064, -9.928840609 ], [ -72.174091412999985, -9.921591738 ], [ -72.167369962, -9.914294222 ], [ -72.166291668, -9.909455562 ], [ -72.156704109, -9.902208314 ], [ -72.152401165, -9.893002501 ], [ -72.142757638, -9.882627481 ], [ -72.140674838, -9.87751389 ], [ -72.155086735, -9.860516589 ], [ -72.156009912, -9.854861314 ], [ -72.155063885000018, -9.842168876 ], [ -72.157642615, -9.834768387 ], [ -72.165477996, -9.828030706 ], [ -72.163814815, -9.820541507 ], [ -72.155262019, -9.811649188 ], [ -72.151729909999986, -9.80403341 ], [ -72.150982239, -9.798927441 ], [ -72.158008899999984, -9.791166465 ], [ -72.175312334, -9.781889162 ], [ -72.187122600999984, -9.779480189 ], [ -72.201366644, -9.77403285 ], [ -72.209095193, -9.775445245 ], [ -72.214504414999979, -9.774011871 ], [ -72.23036599, -9.763319385 ], [ -72.243198498, -9.765715918 ], [ -72.24861537, -9.760541297 ], [ -72.251613717999987, -9.753824591 ], [ -72.256198964999982, -9.752213836 ], [ -72.264309000999987, -9.752269164 ], [ -72.268673009, -9.749355695 ], [ -72.27073294, -9.742233677 ], [ -72.269008712, -9.737122942 ], [ -72.261898147999986, -9.726086067 ], [ -72.264675251, -9.721631469 ], [ -72.263927579, -9.713130433 ], [ -72.251238832, -9.69305337 ], [ -72.249813280999987, -9.68550823 ], [ -72.252649454, -9.678663628 ], [ -72.248855984, -9.672232341 ], [ -72.248846007999987, -9.66583138 ], [ -72.246084326, -9.660420208 ], [ -72.246304266999985, -9.656475077 ], [ -72.249243968, -9.655496719 ], [ -72.252103203, -9.656533249 ], [ -72.253041976, -9.65400538 ], [ -72.254715674, -9.653994803 ], [ -72.255300396, -9.651181336 ], [ -72.25812208, -9.650202963 ], [ -72.258690708, -9.646289444 ], [ -72.259876244, -9.646532718 ], [ -72.260455602, -9.644861527 ], [ -72.26005327, -9.638435826 ], [ -72.256941907999988, -9.636648242 ], [ -72.258057707, -9.631211393 ], [ -72.255944126, -9.630232962 ], [ -72.255751007, -9.625832633 ], [ -72.25291323, -9.622754485 ], [ -72.253632062, -9.616444721 ], [ -72.254672758999988, -9.615000811 ], [ -72.259490006, -9.61407258 ], [ -72.261356824, -9.615902595 ], [ -72.264650576, -9.615918462 ], [ -72.265197747, -9.619615485 ], [ -72.269156687999981, -9.620353298 ], [ -72.280379049999979, -9.610267069 ], [ -72.281907908999983, -9.610436321 ], [ -72.281269544, -9.608537517 ], [ -72.283227555999986, -9.609140481 ], [ -72.289005034000013, -9.602333274 ], [ -72.287272327, -9.597594065 ], [ -72.284488194000019, -9.595806266 ], [ -72.285840028, -9.591532436 ], [ -72.2838391, -9.592029642 ], [ -72.287063115, -9.588422239 ], [ -72.284954899, -9.582238785 ], [ -72.286430114, -9.579001552 ], [ -72.283527964, -9.578118184 ], [ -72.285958044999987, -9.572521702 ], [ -72.283570879, -9.571860486 ], [ -72.285834663, -9.568353375 ], [ -72.284633033999981, -9.568062436 ], [ -72.285711282, -9.56441775 ], [ -72.28450428799998, -9.564274924 ], [ -72.283077352, -9.558963871 ], [ -72.285502069, -9.556668032 ], [ -72.281779162999982, -9.553954266 ], [ -72.284423821, -9.553150184 ], [ -72.282219046, -9.549880933 ], [ -72.283093446, -9.548754145 ], [ -72.281575314999984, -9.547077181 ], [ -72.282857411, -9.543601555 ], [ -72.281746977, -9.542421845 ], [ -72.283823006999981, -9.542337202 ], [ -72.28420388, -9.539692095 ], [ -72.28609752, -9.542136174 ], [ -72.288296931, -9.541178647 ], [ -72.288178913999985, -9.538819205 ], [ -72.290410512, -9.535740268 ], [ -72.295850032, -9.534052659 ], [ -72.296965831, -9.535719106 ], [ -72.29909014, -9.533788143 ], [ -72.301911824000015, -9.533645304 ], [ -72.301455849, -9.536798325 ], [ -72.306358927, -9.538676369 ], [ -72.306519859, -9.540184086 ], [ -72.311809174999979, -9.540914137 ], [ -72.312195413, -9.544617267 ], [ -72.31887411400001, -9.543490462 ], [ -72.325198763, -9.53848592 ], [ -72.326405757, -9.534079111 ], [ -72.328015081999979, -9.533306723 ], [ -72.329667322999981, -9.535089561 ], [ -72.329447382, -9.53262956 ], [ -72.332113498, -9.527942284 ], [ -72.334425562, -9.528391969 ], [ -72.33511220699998, -9.5208266 ], [ -72.339242809, -9.522117486 ], [ -72.340675109, -9.517244895 ], [ -72.338422052999988, -9.516863973 ], [ -72.338073366, -9.513858906 ], [ -72.339891904, -9.513107636 ], [ -72.340197676, -9.510345907 ], [ -72.341908924999984, -9.510531081 ], [ -72.340406888, -9.508674046 ], [ -72.340608429999989, -9.506203594 ], [ -72.346396543999987, -9.503629497 ], [ -72.347383744, -9.501476345 ], [ -72.35039796, -9.502675338 ], [ -72.351084605, -9.500516682 ], [ -72.353938476, -9.501035184 ], [ -72.352307692, -9.498326267 ], [ -72.354474917, -9.495469183 ], [ -72.356749431, -9.496834237 ], [ -72.356577769, -9.494612053 ], [ -72.357715026, -9.494379252 ], [ -72.363358394, -9.497299836 ], [ -72.364141599, -9.493405719 ], [ -72.366995469, -9.489691452 ], [ -72.369398728, -9.489903092 ], [ -72.369377271, -9.492929533 ], [ -72.371716157, -9.492728477 ], [ -72.374848977, -9.495437438 ], [ -72.380481616, -9.493850158 ], [ -72.381146804, -9.490887217 ], [ -72.386586324, -9.493056516 ], [ -72.388238564, -9.489702034 ], [ -72.392315522, -9.486527415 ], [ -72.396649972, -9.48843219 ], [ -72.398538247, -9.483141122 ], [ -72.402228967, -9.481151659 ], [ -72.404943361999983, -9.481881836 ], [ -72.407314434999989, -9.476897557 ], [ -72.414137974999989, -9.483426842 ], [ -72.417828693999979, -9.483045882 ], [ -72.420060292, -9.480590798 ], [ -72.42392535499998, -9.481029963 ], [ -72.426870421, -9.486276089 ], [ -72.427495376, -9.481339495 ], [ -72.430697933, -9.481170178 ], [ -72.43388708, -9.484035318 ], [ -72.435236231, -9.482982389 ], [ -72.437451735, -9.484844855 ], [ -72.437634126, -9.482138455 ], [ -72.439871088, -9.481201925 ], [ -72.439860359, -9.477222966 ], [ -72.44146432, -9.476707074 ], [ -72.443692433999985, -9.483179621 ], [ -72.444962257, -9.483582424 ], [ -72.446932003, -9.480860647 ], [ -72.453428313, -9.484273417 ], [ -72.450107739, -9.486231115 ], [ -72.454871342, -9.487448057 ], [ -72.453916475999989, -9.490347536 ], [ -72.459511564, -9.487934833 ], [ -72.459162876, -9.485892487 ], [ -72.461308643999985, -9.484850146 ], [ -72.463144616, -9.487950706 ], [ -72.465000704000019, -9.485146446 ], [ -72.46738787, -9.487225833 ], [ -72.469780401, -9.484828981 ], [ -72.473138526, -9.486088257 ], [ -72.474774674, -9.484310455 ], [ -72.474458173, -9.481823633 ], [ -72.475783185, -9.485728464 ], [ -72.477070645, -9.485633225 ], [ -72.477564170999983, -9.483733726 ], [ -72.478465394, -9.486797258 ], [ -72.480643347, -9.486807841 ], [ -72.486141876, -9.4825591 ], [ -72.486812428, -9.479622517 ], [ -72.488711432000017, -9.479220388 ], [ -72.489993528, -9.480627836 ], [ -72.492584542, -9.479384414 ], [ -72.496060685, -9.484564427 ], [ -72.498914555, -9.481373887 ], [ -72.502122477, -9.480934723 ], [ -72.504182414, -9.483934787 ], [ -72.504177049, -9.486543288 ], [ -72.508350566, -9.486024764 ], [ -72.510217384, -9.483908332 ], [ -72.512084201, -9.486220533 ], [ -72.515302852, -9.484310455 ], [ -72.518038704999981, -9.491638537 ], [ -72.523853734, -9.489183515 ], [ -72.522802309, -9.485024751 ], [ -72.524535016, -9.486162332 ], [ -72.529084042, -9.484850146 ], [ -72.528794363, -9.480754824 ], [ -72.526294545, -9.479331503 ], [ -72.528590516, -9.477379056 ], [ -72.532565549, -9.47815157 ], [ -72.532029108, -9.473923887 ], [ -72.537103847, -9.473257189 ], [ -72.536068514, -9.46964853 ], [ -72.539786056, -9.469643239 ], [ -72.538863375999981, -9.472653985 ], [ -72.542554096, -9.472548159 ], [ -72.541373924, -9.470013631 ], [ -72.543165639, -9.467992344 ], [ -72.542495087, -9.46621974 ], [ -72.546915368, -9.466187991 ], [ -72.548251107999988, -9.468632596 ], [ -72.55205448, -9.465150881 ], [ -72.553352669, -9.470177661 ], [ -72.555047825, -9.470426353 ], [ -72.554001764, -9.465971045 ], [ -72.555117562999982, -9.465013305 ], [ -72.558513239, -9.466119204 ], [ -72.560439064999983, -9.472823305 ], [ -72.561758712, -9.471447573 ], [ -72.560197666999983, -9.468092879 ], [ -72.560937956, -9.463251269 ], [ -72.566720799, -9.465939297 ], [ -72.566720799, -9.45955255 ], [ -72.568839744, -9.459970576 ], [ -72.568641261, -9.462245898 ], [ -72.574016406999988, -9.464478875 ], [ -72.577438905999983, -9.46344176 ], [ -72.578275755, -9.460769586 ], [ -72.575110749, -9.456642228 ], [ -72.575663284, -9.455695045 ], [ -72.577476457, -9.456240072 ], [ -72.579075053999986, -9.45980654 ], [ -72.585260228, -9.459859455 ], [ -72.585501626, -9.457959813 ], [ -72.589224533, -9.45756295 ], [ -72.590324238, -9.455165891 ], [ -72.593263939, -9.455917289 ], [ -72.59371455, -9.453721298 ], [ -72.59533996899998, -9.45619774 ], [ -72.597812966, -9.45696501 ], [ -72.600682929, -9.455832625 ], [ -72.603595808, -9.451673458 ], [ -72.605543092, -9.451186631 ], [ -72.608219936999987, -9.452948729 ], [ -72.611342028, -9.449165233 ], [ -72.617511109, -9.45251482 ], [ -72.617269709999988, -9.449652063 ], [ -72.620606378, -9.450948509 ], [ -72.62035425, -9.44821803 ], [ -72.623739198, -9.449810812 ], [ -72.620901421, -9.447196741 ], [ -72.622017219999989, -9.44527057 ], [ -72.624195174, -9.445625114 ], [ -72.625670389, -9.444265147 ], [ -72.624511674, -9.446921574 ], [ -72.626941756, -9.447493074 ], [ -72.628883674999983, -9.444683192 ], [ -72.626421406999981, -9.44390002 ], [ -72.627440647, -9.442264876 ], [ -72.630487636, -9.445402863 ], [ -72.637804701999983, -9.444624983 ], [ -72.637799338, -9.442809925 ], [ -72.639403299, -9.444069354 ], [ -72.641361311, -9.442545338 ], [ -72.642863348, -9.443386723 ], [ -72.644086435999981, -9.442069082 ], [ -72.644789175, -9.44340789 ], [ -72.643480257, -9.444889568 ], [ -72.645872787, -9.444693775 ], [ -72.644923285, -9.447487782 ], [ -72.652310089, -9.445355237 ], [ -72.654793814, -9.452091493 ], [ -72.658409432, -9.449921936 ], [ -72.657186345, -9.446376532 ], [ -72.663140849, -9.447741781 ], [ -72.664540962, -9.442227834 ], [ -72.667469933999982, -9.443190929 ], [ -72.666498974, -9.440328095 ], [ -72.668231681, -9.440428639 ], [ -72.669267014, -9.442878717 ], [ -72.668526724, -9.437359401 ], [ -72.674867466, -9.436750842 ], [ -72.675489739, -9.438692935 ], [ -72.678483084, -9.439613706 ], [ -72.679378942, -9.437798621 ], [ -72.681674913, -9.437428194 ], [ -72.678788856, -9.435650141 ], [ -72.682522491, -9.435396132 ], [ -72.683402256, -9.43238506 ], [ -72.687371925, -9.434009667 ], [ -72.685236886000013, -9.436073488 ], [ -72.686132744, -9.437661034 ], [ -72.688809588999987, -9.43464469 ], [ -72.691250399, -9.434284844 ], [ -72.693541006, -9.435030995 ], [ -72.692918733, -9.438655892 ], [ -72.69557412, -9.43912157 ], [ -72.696609453, -9.437666326 ], [ -72.695686773, -9.432612612 ], [ -72.698723033, -9.435507261 ], [ -72.701415971, -9.435401424 ], [ -72.697972015, -9.432273931 ], [ -72.699919299, -9.42846904 ], [ -72.704897479, -9.43362336 ], [ -72.70650144, -9.432882498 ], [ -72.706876949, -9.430622857 ], [ -72.712665156, -9.429802609 ], [ -72.712311104, -9.426405174 ], [ -72.715830163, -9.422023385 ], [ -72.718077853999986, -9.422298572 ], [ -72.716854766, -9.420335218 ], [ -72.718233421999983, -9.416334387 ], [ -72.716055468, -9.416276173 ], [ -72.715975002, -9.413508375 ], [ -72.719743511, -9.411656907 ], [ -73.211897214, -9.41166945 ], [ -73.209619319, -9.405454019 ], [ -73.193536615, -9.392810203 ], [ -73.191842899, -9.386682852 ], [ -73.190561190999986, -9.366898908 ], [ -73.187951956, -9.361221685 ], [ -73.163675303, -9.35421024 ], [ -73.156679172, -9.35089622 ], [ -73.147447648999986, -9.333345768 ], [ -73.139308324000012, -9.321799995 ], [ -73.128030919, -9.312471751 ], [ -73.107256147, -9.307512624 ], [ -73.100778824, -9.304198588 ], [ -73.101145039, -9.29898487 ], [ -73.110452887, -9.284291642 ], [ -73.111452337, -9.279421234 ], [ -73.108118317999981, -9.275438694 ], [ -73.095087356999983, -9.266093622 ], [ -73.09203561, -9.261602785 ], [ -73.086588898, -9.244483329 ], [ -73.079416667999979, -9.238371284 ], [ -73.056200493, -9.225296404 ], [ -73.053446301, -9.226193805 ], [ -73.044947159, -9.236866345 ], [ -73.039919398, -9.236221666 ], [ -73.026033961, -9.229134901 ], [ -73.022059058999986, -9.2259439 ], [ -73.01911411899998, -9.219074589 ], [ -72.99505874899998, -9.194318171 ], [ -72.993980434, -9.190948498 ], [ -73.011171993, -9.187590981 ], [ -73.0155894, -9.183982287 ], [ -73.016367614, -9.176563657 ], [ -73.013613623, -9.171972105 ], [ -73.008657508, -9.167729719 ], [ -72.986170579, -9.159941111 ], [ -72.971602787, -9.148241671 ], [ -72.964365847, -9.146982571 ], [ -72.952677662999989, -9.128569033 ], [ -72.946757294, -9.11460536 ], [ -72.943835264, -9.102238119 ], [ -72.946146996, -9.076862793 ], [ -72.945475615, -9.074421396 ], [ -72.940150313999979, -9.069015962 ], [ -72.945284912, -9.046824951 ], [ -72.946124174, -9.033682396 ], [ -72.948344317, -9.025646758 ], [ -72.955287073, -9.016099548 ], [ -72.956919759, -9.010669334 ], [ -72.948557965, -9.005701646 ], [ -72.939204373999985, -8.996849631 ], [ -72.936312846, -8.989488227 ], [ -72.937647996, -8.987149829 ], [ -72.944369472, -8.984094261 ], [ -72.959652781, -8.981716658 ], [ -72.966227628, -8.979110398 ], [ -72.97059164, -8.974877056 ], [ -72.987811195, -8.932505389 ], [ -72.994807353, -8.919846353 ], [ -73.008898812999988, -8.912760585 ], [ -73.04323099, -8.915288806 ], [ -73.048228237999979, -8.913774391 ], [ -73.056223826, -8.906902238 ], [ -73.064341487, -8.893552723 ], [ -73.071200331999989, -8.869821546 ], [ -73.077479319, -8.860913289 ], [ -73.077982879, -8.842852631 ], [ -73.079668967, -8.840908098 ], [ -73.094256338, -8.837219321 ], [ -73.108981045, -8.822683442 ], [ -73.111819182, -8.815563338 ], [ -73.111613225, -8.79193895 ], [ -73.119837696, -8.778475001 ], [ -73.129977151, -8.76987765 ], [ -73.138213882, -8.759574994 ], [ -73.137614183, -8.742955485 ], [ -73.140589661, -8.727144543 ], [ -73.142374943, -8.722703297 ], [ -73.155367789, -8.707719206 ], [ -73.165568263999987, -8.699916259 ], [ -73.176072216, -8.694297229 ], [ -73.199671593, -8.686017473 ], [ -73.208346193, -8.68095063 ], [ -73.216364668, -8.678953649 ], [ -73.221842552, -8.679934034 ], [ -73.237841345, -8.68656112 ], [ -73.247847218, -8.687341666 ], [ -73.257258103999987, -8.678964195 ], [ -73.264315281, -8.677713927 ], [ -73.275783335, -8.669394437 ], [ -73.28480779, -8.666358577 ], [ -73.290285683, -8.661656023 ], [ -73.297396279, -8.650920544 ], [ -73.301836117999983, -8.636549997 ], [ -73.299593567, -8.63221711 ], [ -73.30203496, -8.630036054 ], [ -73.308901398, -8.633161258 ], [ -73.311617459, -8.633139328 ], [ -73.313143341000014, -8.631080341 ], [ -73.311640356, -8.621778227 ], [ -73.314562418999984, -8.61516736 ], [ -73.319590173, -8.614103077 ], [ -73.337030927, -8.617820521 ], [ -73.339533351, -8.617797626 ], [ -73.341448329, -8.615736738 ], [ -73.343973661, -8.602083963 ], [ -73.341416672999983, -8.578727781 ], [ -73.337473482, -8.57090077 ], [ -73.334391244, -8.552522536 ], [ -73.334177645, -8.540086638 ], [ -73.327982608999989, -8.517078317 ], [ -73.327730886, -8.481526347 ], [ -73.332413884, -8.476472222 ], [ -73.331286180999982, -8.47183989 ], [ -73.335367908, -8.467147829 ], [ -73.347170541, -8.47056963 ], [ -73.355395019999989, -8.465673467 ], [ -73.365061433, -8.463376092 ], [ -73.370173123, -8.46390061 ], [ -73.372370376, -8.46660618 ], [ -73.374643924000011, -8.466815056 ], [ -73.376780165, -8.462367112 ], [ -73.381815533, -8.468231253 ], [ -73.38661441, -8.469609328 ], [ -73.394447217999982, -8.467280549 ], [ -73.405703157, -8.434172779 ], [ -73.406725495, -8.419167676 ], [ -73.412371245, -8.410600854 ], [ -73.421564647, -8.406997884 ], [ -73.433519443, -8.412100002 ], [ -73.444834247000017, -8.40633987 ], [ -73.447954668, -8.402167565 ], [ -73.472231347, -8.393206876 ], [ -73.482004569, -8.39175635 ], [ -73.48606341, -8.385812113 ], [ -73.485895561, -8.378090241 ], [ -73.489897214, -8.379300006 ], [ -73.504228953, -8.378720639 ], [ -73.506502505, -8.377281542 ], [ -73.516222332, -8.369639775 ], [ -73.523340560999983, -8.359409731 ], [ -73.52728494599998, -8.356248317 ], [ -73.529314374, -8.351403665 ], [ -73.536951374999987, -8.345482304 ], [ -73.537799995, -8.334188886 ], [ -73.53470073299998, -8.32857656 ], [ -73.529672998, -8.312148571 ], [ -73.537332905999989, -8.301512274 ], [ -73.540117631, -8.295012039 ], [ -73.539728537, -8.287631575 ], [ -73.53605882399998, -8.277267996 ], [ -73.536402162, -8.269881796 ], [ -73.540316039, -8.262745481 ], [ -73.553288895, -8.253850006 ], [ -73.558092497999979, -8.245259907 ], [ -73.56025162, -8.235298785 ], [ -73.563860324, -8.231573754 ], [ -73.571642288, -8.229798974 ], [ -73.573648816, -8.225577077 ], [ -73.57445753899998, -8.217899056 ], [ -73.577783959, -8.213721007 ], [ -73.577783951, -8.210598686 ], [ -73.581644423, -8.207893135 ], [ -73.595249994, -8.20657778 ], [ -73.586473843, -8.186376367 ], [ -73.585840639, -8.164171054 ], [ -73.589975763, -8.153565249 ], [ -73.591257516999988, -8.142307153 ], [ -73.589172214, -8.130125002 ], [ -73.585337136, -8.122821707 ], [ -73.593950738, -8.097404418 ], [ -73.607058006, -8.086490604 ], [ -73.615564797000019, -8.069596305 ], [ -73.624277543, -8.063379309 ], [ -73.631082946999982, -8.061157268 ], [ -73.633402774, -8.05676388 ], [ -73.62658927, -8.046940865 ], [ -73.623445966, -8.03935726 ], [ -73.623758784, -8.028449148 ], [ -73.62689446, -8.021488292 ], [ -73.645945032, -8.003015662 ], [ -73.649477428, -8.002529296 ], [ -73.657923137999987, -8.006938134 ], [ -73.663393412, -8.008191263 ], [ -73.675969443, -8.007805562 ], [ -73.679392216, -8.002360528 ], [ -73.688669565999987, -7.971366172 ], [ -73.692537677, -7.96381262 ], [ -73.69761120699998, -7.96019629 ], [ -73.722755544999984, -7.960055557 ], [ -73.724252566999979, -7.965083142 ], [ -73.728761924, -7.969052134 ], [ -73.731256731, -7.968007863 ], [ -73.736063243, -7.959560726 ], [ -73.74339508, -7.956204747 ], [ -73.746500243, -7.952557439 ], [ -73.747400526, -7.94592702 ], [ -73.746477377, -7.935235393 ], [ -73.750917686, -7.923374103 ], [ -73.770670156, -7.904921503 ], [ -73.772005305999983, -7.901985149 ], [ -73.771784046, -7.898574347 ], [ -73.770090343, -7.896843424 ], [ -73.758066447, -7.894738165 ], [ -73.752649597, -7.891935325 ], [ -73.753031059999984, -7.889557818 ], [ -73.761263177999979, -7.878999228 ], [ -73.766123083, -7.870207798 ], [ -73.767205548, -7.860905553 ], [ -73.758646324999987, -7.857268838 ], [ -73.756365138999982, -7.858144303 ], [ -73.744669301, -7.871435631 ], [ -73.742029518999985, -7.872702113 ], [ -73.713007372999982, -7.875463432 ], [ -73.703951321, -7.872604796 ], [ -73.698008037999983, -7.866951889 ], [ -73.694040784, -7.859741164 ], [ -73.687127769999989, -7.854030551 ], [ -73.683344414, -7.841638065 ], [ -73.686480107, -7.82879399 ], [ -73.686892105, -7.820618641 ], [ -73.681864364999981, -7.796130222 ], [ -73.683809885, -7.776054932 ], [ -73.692755563999981, -7.77272223 ], [ -73.696505173, -7.763232811 ], [ -73.71322878, -7.755468978 ], [ -73.722094119, -7.748099957 ], [ -73.732096234, -7.742224888 ], [ -73.740038425999984, -7.733708108 ], [ -73.755430559, -7.732025004 ], [ -73.786150379, -7.722443856 ], [ -73.809091898, -7.722658462 ], [ -73.821672749, -7.717497208 ], [ -73.825622218, -7.712499998 ], [ -73.832445441000019, -7.696241263 ], [ -73.839037235, -7.688383022 ], [ -73.842172928, -7.677746706 ], [ -73.844118418999983, -7.675733029 ], [ -73.849481866, -7.674785558 ], [ -73.857172268, -7.67773052 ], [ -73.872944437, -7.671113891 ], [ -73.885111060999989, -7.655293967 ], [ -73.886202093999984, -7.635780376 ], [ -73.888307798, -7.6312638 ], [ -73.895754073, -7.626994687 ], [ -73.908533272999989, -7.624388792 ], [ -73.922752774, -7.613041671 ], [ -73.932283536999989, -7.608024749 ], [ -73.937372335, -7.601794399 ], [ -73.942369581, -7.598569566 ], [ -73.958200566000016, -7.576638928 ], [ -73.968340015, -7.567347295 ], [ -73.972787943, -7.565591593 ], [ -73.983339359999988, -7.566191943 ], [ -73.987787297, -7.554894737 ], [ -73.990449968999982, -7.535961001 ], [ -73.98761186, -7.531264163 ], [ -73.985117048, -7.530436367 ], [ -73.974313844, -7.532330359 ], [ -73.947511861999985, -7.526228249 ], [ -73.943201267, -7.519405662 ], [ -73.932810100999987, -7.494158588 ], [ -73.932188902, -7.486827788 ], [ -73.929201424999988, -7.477580895 ], [ -73.919313760999984, -7.465291866 ], [ -73.924616187, -7.460253128 ], [ -73.927423809, -7.451655779 ], [ -73.931360602, -7.422803369 ], [ -73.941613892, -7.409500005 ], [ -73.958643291, -7.377800531 ], [ -73.963091223, -7.364064313 ], [ -73.967142423, -7.359805688 ], [ -73.966173516, -7.35160886 ], [ -73.963449825, -7.347253431 ], [ -73.958620447000015, -7.345141998 ], [ -73.953142543, -7.345525378 ], [ -73.950785071, -7.34708129 ], [ -73.94222157999998, -7.361960362 ], [ -73.936335026999984, -7.352447584 ], [ -73.933420616, -7.351158701 ], [ -73.93089528, -7.351916866 ], [ -73.918787453, -7.365605865 ], [ -73.913530797, -7.374339132 ], [ -73.909510121999986, -7.377689365 ], [ -73.896677504999985, -7.3794422 ], [ -73.890200177, -7.377645002 ], [ -73.876498571, -7.382271253 ], [ -73.866922943, -7.377322632 ], [ -73.862894643, -7.373630958 ], [ -73.85989631, -7.368820154 ], [ -73.855150861, -7.351655956 ], [ -73.852259329999981, -7.346900452 ], [ -73.842791279, -7.343986502 ], [ -73.829592465, -7.336531148 ], [ -73.817118447999988, -7.334994772 ], [ -73.807894518, -7.337022737 ], [ -73.794119442999985, -7.343799998 ], [ -73.779536147000016, -7.335539268 ], [ -73.769595085, -7.331539084 ], [ -73.765948236, -7.331430367 ], [ -73.759142826, -7.334858814 ], [ -73.75989812, -7.341000456 ], [ -73.763895906, -7.347469695 ], [ -73.75538916, -7.346499812 ], [ -73.728762667999987, -7.335216876 ], [ -73.718205555, -7.32882777 ], [ -73.699809224, -7.303908717 ], [ -73.698924216, -7.295717144 ], [ -73.700640827, -7.290630729 ], [ -73.710948134, -7.27737517 ], [ -73.715701244, -7.267216657 ], [ -73.715000009, -7.24222222 ], [ -73.71286315, -7.236236602 ], [ -73.713809207, -7.233858615 ], [ -73.723902877, -7.220936364 ], [ -73.732371486, -7.21538074 ], [ -73.744700559, -7.209992029 ], [ -73.753306499, -7.20103085 ], [ -73.755175706, -7.197872776 ], [ -73.759377778, -7.174152775 ], [ -73.766062865999984, -7.163158628 ], [ -73.775256256, -7.156242112 ], [ -73.777674784, -7.145489455 ], [ -73.785456744, -7.141281396 ], [ -73.793093756, -7.132700252 ], [ -73.794253434, -7.130217356 ], [ -73.791476348, -7.126430806 ], [ -73.792094317999982, -7.12388354 ], [ -73.801558115, -7.111824379 ], [ -72.584765622, -7.552004229 ], [ -70.054979349, -7.845149146 ], [ -69.286271148, -8.501640056 ], [ -68.647186432, -9.049416565 ], [ -67.516881999, -9.56090666 ], [ -67.325817221, -9.592381468 ], [ -66.62689061, -9.898026903 ], [ -66.62725275, -9.899622044 ], [ -66.623594217, -9.904621185 ], [ -66.631211691, -9.907760141 ], [ -66.635353021, -9.911977076 ], [ -66.634419613, -9.913266454 ], [ -66.629698925, -9.913551807 ], [ -66.626523189000011, -9.919195412 ], [ -66.628347091, -9.920463625 ], [ -66.632939033, -9.920389646 ], [ -66.635353021, -9.922630143 ], [ -66.636329346, -9.926762341 ], [ -66.626458815999982, -9.930196992 ], [ -66.625557594, -9.932965823 ], [ -66.63002079, -9.936728014 ], [ -66.63226311699998, -9.935047715 ], [ -66.635932379, -9.941377854 ], [ -66.637005261999988, -9.949853073 ], [ -66.642251663, -9.949810803 ], [ -66.641103678, -9.946545439 ], [ -66.646596842, -9.945678896 ], [ -66.649954967, -9.943206068 ], [ -66.65149992, -9.940902305 ], [ -66.651092223999981, -9.935121691 ], [ -66.652808838, -9.936041101 ], [ -66.653184347, -9.940511298 ], [ -66.654699795, -9.941158573 ], [ -66.657017224, -9.935129617 ], [ -66.663070969, -9.936952582 ], [ -66.666152828, -9.945174293 ], [ -66.665943614999989, -9.946962857 ], [ -66.663062922999984, -9.94867744 ], [ -66.666638307, -9.949345834 ], [ -66.669159583999985, -9.953432783 ], [ -66.668700926, -9.95977049 ], [ -66.673555724, -9.956457673 ], [ -66.677713147999981, -9.957736308 ], [ -66.674966565999981, -9.964873061 ], [ -66.675631754, -9.967636315 ], [ -66.681489699, -9.964923254 ], [ -66.69403439, -9.966310167 ], [ -66.695142142999984, -9.967052494 ], [ -66.694404535, -9.970637298 ], [ -66.699964754, -9.971897386 ], [ -66.705862932, -9.976652391 ], [ -66.709465139, -9.976227085 ], [ -66.712925187999986, -9.978710229 ], [ -66.714574747, -9.977793581 ], [ -66.71592658, -9.973696371 ], [ -66.71816086, -9.973440129 ], [ -66.722303532, -9.97793623 ], [ -66.722164057, -9.979626875 ], [ -66.719412110999983, -9.980789188 ], [ -66.720324062, -9.98291304 ], [ -66.722630762, -9.98330928 ], [ -66.728842758, -9.980001985 ], [ -66.732340357999988, -9.981460158 ], [ -66.734663151000021, -9.983134935 ], [ -66.733987235, -9.986188607 ], [ -66.736637257, -9.991265669 ], [ -66.74167981, -9.996606802 ], [ -66.750246786, -9.993193981 ], [ -66.753325962, -10.000584858 ], [ -66.760691308, -9.998329047 ], [ -66.763679288, -9.999306391 ], [ -66.764349841, -10.006707694 ], [ -66.772798798999986, -10.01154143 ], [ -66.770781778, -10.016507161 ], [ -66.771243118, -10.020970971 ], [ -66.778994702, -10.017331254 ], [ -66.789755724, -10.021805618 ], [ -66.792416475999985, -10.024288414 ], [ -66.792282365, -10.027516021 ], [ -66.79735174, -10.028725705 ], [ -66.800672315, -10.034911398 ], [ -66.807506584, -10.037462764 ], [ -66.806648277, -10.040272941 ], [ -66.802136800999989, -10.043151762 ], [ -66.80399289, -10.045190691 ], [ -66.807243727, -10.044720577 ], [ -66.807179354, -10.049210409 ], [ -66.812119982999988, -10.049279076 ], [ -66.817280552999989, -10.051714123 ], [ -66.823556922, -10.060260411 ], [ -66.832284831, -10.059647706 ], [ -66.836066745, -10.062272823 ], [ -66.836844586, -10.063788727 ], [ -66.834012173, -10.066778257 ], [ -66.840900086, -10.07069207 ], [ -66.837327384, -10.081862814 ], [ -66.83798184299998, -10.083299402 ], [ -66.840647958, -10.08346313 ], [ -66.843609117, -10.086193684 ], [ -66.849327587, -10.08569194 ], [ -66.852015159999979, -10.087529904 ], [ -66.853688858999988, -10.085845104 ], [ -66.851049564999983, -10.08329412 ], [ -66.851934693999979, -10.081429724 ], [ -66.855367921, -10.084350431 ], [ -66.86459472, -10.082723711 ], [ -66.866059207, -10.085074001 ], [ -66.871150039, -10.080663892 ], [ -66.874492071999981, -10.081287121 ], [ -66.876133584, -10.08376946 ], [ -66.872635983, -10.087366178 ], [ -66.874776385999979, -10.091570219 ], [ -66.871032022, -10.094258454 ], [ -66.873161695999983, -10.101419926 ], [ -66.876621746, -10.101509708 ], [ -66.879770659, -10.096344592 ], [ -66.882098816, -10.100553798 ], [ -66.880194448, -10.104958353 ], [ -66.884759568, -10.108692144 ], [ -66.886642478999988, -10.105581535 ], [ -66.885269188, -10.100236921 ], [ -66.887500784999986, -10.099059193 ], [ -66.889313959, -10.103870423 ], [ -66.888852619, -10.114849898 ], [ -66.893020772, -10.11360357 ], [ -66.894994984999983, -10.1100758 ], [ -66.898610495, -10.110989433 ], [ -66.897199652999987, -10.114131676 ], [ -66.897934578, -10.119829883 ], [ -66.895885371, -10.122491476 ], [ -66.901351713, -10.122887545 ], [ -66.902708911000019, -10.127598082 ], [ -66.910278104, -10.125438214 ], [ -66.908711694, -10.131009482 ], [ -66.909553908, -10.13230855 ], [ -66.913110517, -10.132334954 ], [ -66.914108299, -10.129097835 ], [ -66.91866805399998, -10.130127591 ], [ -66.918764614, -10.134647916 ], [ -66.914800309, -10.135693497 ], [ -66.911404631999986, -10.138925268 ], [ -66.911227606000011, -10.147411155 ], [ -66.913089058999986, -10.148504218 ], [ -66.916275524, -10.14486594 ], [ -66.920722626, -10.145108846 ], [ -66.924268507, -10.143218405 ], [ -66.925942205, -10.145848121 ], [ -66.93101158, -10.148947778 ], [ -66.934562824999986, -10.147595972 ], [ -66.933151983, -10.155321255 ], [ -66.940109633, -10.154376067 ], [ -66.945806645, -10.158336336 ], [ -66.947067283, -10.163516294 ], [ -66.945790552, -10.166832267 ], [ -66.949947976000018, -10.175370214 ], [ -66.951171063, -10.18625748 ], [ -66.953536771, -10.189002997 ], [ -66.958976291, -10.191801289 ], [ -66.958944105, -10.189277548 ], [ -66.956374548, -10.187936472 ], [ -66.959695123, -10.185972367 ], [ -66.960934304, -10.182651312 ], [ -66.96401348, -10.184747435 ], [ -66.963723800999986, -10.188258542 ], [ -66.968059726, -10.192023132 ], [ -66.974008732, -10.192087717 ], [ -66.97624033, -10.191044961 ], [ -66.976320796, -10.189336946 ], [ -66.9722948, -10.187407168 ], [ -66.975113802, -10.185039149 ], [ -66.976698987, -10.187776757 ], [ -66.981795184, -10.190110437 ], [ -66.976267152, -10.193082951 ], [ -66.974496893999984, -10.196089756 ], [ -66.979780845, -10.196220428 ], [ -66.981175594, -10.194248454 ], [ -66.983552031, -10.197783215 ], [ -66.991896384, -10.203931336 ], [ -66.993674687999984, -10.202719672 ], [ -66.992301397, -10.198678119 ], [ -66.996928208, -10.199206084 ], [ -66.997279577, -10.203585523 ], [ -66.993151657, -10.205026845 ], [ -66.99495410199998, -10.207011951 ], [ -66.993269674999979, -10.210324832 ], [ -66.998604588, -10.211958823 ], [ -67.000991754, -10.217866459 ], [ -66.997512929, -10.219796052 ], [ -66.99552273, -10.217684322 ], [ -66.991979532, -10.217285731 ], [ -66.989090793, -10.219524168 ], [ -66.988782339, -10.221427354 ], [ -66.992215566, -10.223264539 ], [ -66.994959466, -10.222631028 ], [ -66.994661741, -10.227825779 ], [ -66.999023013, -10.233112828 ], [ -66.999811582, -10.22951247 ], [ -67.006144278, -10.230064141 ], [ -67.004607372, -10.243713057 ], [ -67.009539954000019, -10.247123215 ], [ -67.010256104, -10.252694996 ], [ -67.015781455, -10.258731201 ], [ -67.017959409000014, -10.257728254 ], [ -67.017870896, -10.254795936 ], [ -67.023297005, -10.25415193 ], [ -67.024490588, -10.258327383 ], [ -67.03073477, -10.256495681 ], [ -67.0351175, -10.264508642 ], [ -67.038856499, -10.261766416 ], [ -67.041884713, -10.261874628 ], [ -67.043011241, -10.266224171 ], [ -67.046114556999981, -10.264791045 ], [ -67.051546029999983, -10.267765499 ], [ -67.052997104999989, -10.272196777 ], [ -67.04820668, -10.27402311 ], [ -67.048059158, -10.275680525 ], [ -67.052452617, -10.275931248 ], [ -67.054118267999982, -10.279182709 ], [ -67.058385663, -10.278441104 ], [ -67.071303181, -10.285339808 ], [ -67.075989001, -10.283941077 ], [ -67.079159372, -10.289388173 ], [ -67.082766942999982, -10.28755929 ], [ -67.084837607999987, -10.290288096 ], [ -67.088828735, -10.290401576 ], [ -67.08979433, -10.288944809 ], [ -67.087779991, -10.285372797 ], [ -67.098795824, -10.282157027 ], [ -67.099101596, -10.286471983 ], [ -67.105015867, -10.285484959 ], [ -67.106169216, -10.288704652 ], [ -67.109849207, -10.288369489 ], [ -67.111359291000014, -10.290966336 ], [ -67.116219454, -10.292504904 ], [ -67.120524399, -10.292818951 ], [ -67.125786892999983, -10.290404215 ], [ -67.137041442, -10.297680035 ], [ -67.137231879, -10.301773105 ], [ -67.140804581, -10.307317533 ], [ -67.138948493, -10.309964363 ], [ -67.133871070999987, -10.309462971 ], [ -67.128606564999984, -10.313538075 ], [ -67.128083535, -10.315934162 ], [ -67.131852038, -10.317076783 ], [ -67.133987077, -10.315451252 ], [ -67.135955818, -10.319259098 ], [ -67.138211556, -10.315451252 ], [ -67.139630444, -10.315290282 ], [ -67.139423914, -10.319219515 ], [ -67.142658658, -10.322766075 ], [ -67.144018538, -10.326734797 ], [ -67.14672757, -10.325811229 ], [ -67.147344478, -10.323307028 ], [ -67.149369545, -10.326017053 ], [ -67.154685684, -10.328687475 ], [ -67.15799553, -10.328130699 ], [ -67.164210208, -10.329851159 ], [ -67.163837381, -10.33251627 ], [ -67.166323789, -10.335234132 ], [ -67.177790232, -10.339400596 ], [ -67.184474297, -10.337761987 ], [ -67.188413791, -10.339427642 ], [ -67.18844866, -10.335918212 ], [ -67.18988096, -10.337285047 ], [ -67.191745095, -10.334701776 ], [ -67.190025799, -10.333049949 ], [ -67.191468828, -10.332693723 ], [ -67.191358856999983, -10.329824112 ], [ -67.196151963999981, -10.327269806 ], [ -67.194529899, -10.325371214 ], [ -67.196335025, -10.323624342 ], [ -67.197110184, -10.324999147 ], [ -67.198022135, -10.323020059 ], [ -67.199534901, -10.323724616 ], [ -67.202463873, -10.321637329 ], [ -67.205856867, -10.32314936 ], [ -67.208402284, -10.321998845 ], [ -67.20882339, -10.32421543 ], [ -67.210829683, -10.321932875 ], [ -67.212771601999989, -10.323328798 ], [ -67.212455101, -10.325049284 ], [ -67.214997836, -10.323553095 ], [ -67.216263837999989, -10.320489447 ], [ -67.21902919599998, -10.323811696 ], [ -67.220279105, -10.320133207 ], [ -67.221464640999983, -10.319995989 ], [ -67.221394904, -10.317504935 ], [ -67.225372619999987, -10.31508511 ], [ -67.226536699, -10.316565507 ], [ -67.236589618, -10.316222456 ], [ -67.238882907, -10.320201816 ], [ -67.239599057, -10.318589496 ], [ -67.241441734, -10.318441721 ], [ -67.243225403, -10.320201816 ], [ -67.243249543, -10.323743087 ], [ -67.247921951, -10.323856555 ], [ -67.249466904, -10.326830452 ], [ -67.25034935, -10.3261734 ], [ -67.253474124, -10.328920344 ], [ -67.254364616999979, -10.327632635 ], [ -67.255432136, -10.328265935 ], [ -67.254651613999982, -10.326965029 ], [ -67.255587705, -10.3266431 ], [ -67.256606944, -10.328872846 ], [ -67.262250312, -10.330128886 ], [ -67.262738474, -10.332390271 ], [ -67.266177066, -10.333831006 ], [ -67.265310712, -10.330664548 ], [ -67.268194087, -10.330218603 ], [ -67.268719799999985, -10.327018464 ], [ -67.269765860999982, -10.327688708 ], [ -67.270087727, -10.325614641 ], [ -67.271479792999983, -10.325261046 ], [ -67.273303695, -10.326501267 ], [ -67.273722119999988, -10.324659405 ], [ -67.276039547999986, -10.324762317 ], [ -67.276280947, -10.322020615 ], [ -67.278488405, -10.321002036 ], [ -67.28296233, -10.321033702 ], [ -67.283547051, -10.319505828 ], [ -67.28367848, -10.320542883 ], [ -67.284786232, -10.319445135 ], [ -67.289195784, -10.319962344 ], [ -67.290998228, -10.324424553 ], [ -67.292221315, -10.323535283 ], [ -67.294501193, -10.326145034 ], [ -67.29407204, -10.325071054 ], [ -67.296550401, -10.323727914 ], [ -67.296056873999987, -10.321049535 ], [ -67.299093135, -10.321962561 ], [ -67.300517387999989, -10.320329139 ], [ -67.301134296, -10.323305708 ], [ -67.302931376, -10.324142204 ], [ -67.303526825999981, -10.322131445 ], [ -67.306281455, -10.322511432 ], [ -67.309765644, -10.319941233 ], [ -67.310916312, -10.321880759 ], [ -67.311240859, -10.319146948 ], [ -67.315958865, -10.318735291 ], [ -67.318512327999983, -10.321669654 ], [ -67.321867826, -10.321587851 ], [ -67.32031209, -10.325867963 ], [ -67.322712667, -10.324954948 ], [ -67.324155696, -10.325926016 ], [ -67.324922807999982, -10.330287869 ], [ -67.328039534, -10.335282948 ], [ -67.326604553, -10.338884739 ], [ -67.321934827, -10.340454737 ], [ -67.322329111, -10.341446866 ], [ -67.319241889, -10.341636848 ], [ -67.320102207, -10.343873744 ], [ -67.318857662, -10.343301163 ], [ -67.315545134, -10.347158805 ], [ -67.3167414, -10.348784172 ], [ -67.315223269, -10.349069138 ], [ -67.315193765, -10.350472856 ], [ -67.317666762, -10.354595582 ], [ -67.316062801, -10.357532249 ], [ -67.319402151, -10.360030901 ], [ -67.316320293, -10.362154871 ], [ -67.316668979999989, -10.364759024 ], [ -67.31807714, -10.36510466 ], [ -67.316634111000013, -10.366521498 ], [ -67.317583613, -10.366455537 ], [ -67.316524141, -10.367352601 ], [ -67.317454867, -10.368795814 ], [ -67.315783851, -10.369146722 ], [ -67.315343968999983, -10.367835432 ], [ -67.314853123999981, -10.370099184 ], [ -67.313133828, -10.369671764 ], [ -67.31199389, -10.371943418 ], [ -67.310258499999989, -10.371402549 ], [ -67.312058262999983, -10.37462664 ], [ -67.310821764, -10.377386351 ], [ -67.312718086, -10.378006359 ], [ -67.314348869, -10.376046074 ], [ -67.314719685, -10.377548608 ], [ -67.317176588, -10.376791406 ], [ -67.319840022, -10.381622169 ], [ -67.321698792, -10.380118335 ], [ -67.323045261, -10.382835785 ], [ -67.325295634999989, -10.37985978 ], [ -67.329847342999983, -10.384054672 ], [ -67.330249675, -10.382418935 ], [ -67.33290506199998, -10.382674849 ], [ -67.332711943, -10.379701481 ], [ -67.336855956, -10.378171254 ], [ -67.337987847999983, -10.379635523 ], [ -67.338736183999984, -10.376005179 ], [ -67.340790756, -10.376664765 ], [ -67.340472093, -10.378122703 ], [ -67.344432066, -10.37592294 ], [ -67.3473273, -10.379350585 ], [ -67.350988515, -10.378501045 ], [ -67.354512937, -10.382152467 ], [ -67.354767747, -10.384044119 ], [ -67.352965303, -10.383268464 ], [ -67.354266174, -10.386320945 ], [ -67.353102095999986, -10.386861788 ], [ -67.354225941, -10.387299738 ], [ -67.35121382, -10.39060545 ], [ -67.351460584, -10.392731851 ], [ -67.352876119, -10.393316872 ], [ -67.353342824, -10.391987216 ], [ -67.356357627, -10.393356445 ], [ -67.355904333, -10.390676022 ], [ -67.358825259, -10.389678772 ], [ -67.359316103, -10.385840122 ], [ -67.362577669, -10.384956302 ], [ -67.363811486, -10.377587524 ], [ -67.366225474, -10.377993827 ], [ -67.368655554999989, -10.376015073 ], [ -67.369213455, -10.378371108 ], [ -67.372126333999987, -10.380265421 ], [ -67.371573798, -10.381331297 ], [ -67.376243524, -10.381476403 ], [ -67.37872725, -10.383209762 ], [ -67.381135874, -10.381149254 ], [ -67.383077793, -10.384228139 ], [ -67.384716623, -10.382349679 ], [ -67.383520357, -10.379239116 ], [ -67.384780996, -10.379706098 ], [ -67.389158361, -10.377033473 ], [ -67.389600924999982, -10.378587451 ], [ -67.391770832, -10.378104637 ], [ -67.390974215999989, -10.376624531 ], [ -67.392527214999987, -10.376751171 ], [ -67.393777125, -10.374561341 ], [ -67.395833038, -10.378059785 ], [ -67.398280554, -10.374975563 ], [ -67.398088776, -10.373015258 ], [ -67.400379382, -10.371574704 ], [ -67.401784860000021, -10.371337249 ], [ -67.402412496999986, -10.37327118 ], [ -67.40684887, -10.372627418 ], [ -67.408018313, -10.37648206 ], [ -67.41383066, -10.38018891 ], [ -67.412873112, -10.381935467 ], [ -67.419589363, -10.385832207 ], [ -67.420705162, -10.389259293 ], [ -67.423791044, -10.391399554 ], [ -67.421591632, -10.397667895 ], [ -67.418751173, -10.396741898 ], [ -67.413815907999989, -10.401440446 ], [ -67.415562026, -10.405656153 ], [ -67.414196782, -10.407716499 ], [ -67.413000517, -10.407381463 ], [ -67.413668386999987, -10.414177088 ], [ -67.412185125, -10.414728435 ], [ -67.413059525, -10.416799273 ], [ -67.411216848, -10.418516608 ], [ -67.411302678, -10.419856703 ], [ -67.413048796, -10.420294606 ], [ -67.413215093, -10.425726145 ], [ -67.41914814, -10.429284687 ], [ -67.422812037000014, -10.429535287 ], [ -67.425797335999988, -10.426659969 ], [ -67.429697267999984, -10.428817779 ], [ -67.431883268, -10.430938644 ], [ -67.432210498, -10.434106725 ], [ -67.433345072, -10.434011762 ], [ -67.432741575, -10.437406665 ], [ -67.434938304, -10.441133893 ], [ -67.433720581, -10.443431404 ], [ -67.436483317999986, -10.447906887 ], [ -67.443982477, -10.453023346 ], [ -67.445863703, -10.452598432 ], [ -67.451666852, -10.45513506 ], [ -67.455134315, -10.454268791 ], [ -67.465879218, -10.455338819 ], [ -67.47363725, -10.461632119 ], [ -67.478186105, -10.467776829 ], [ -67.488411779, -10.470185068 ], [ -67.515779074, -10.484538516 ], [ -67.522482644, -10.491628394 ], [ -67.530428781, -10.490926466 ], [ -67.545641600999986, -10.495169883 ], [ -67.562436003, -10.503586527 ], [ -67.568420506, -10.51080799 ], [ -67.577703286, -10.51674774 ], [ -67.589003392, -10.521729531 ], [ -67.594521867, -10.521571931 ], [ -67.599102418, -10.527211674 ], [ -67.59955579, -10.531624472 ], [ -67.605041584, -10.534254292 ], [ -67.609801985, -10.562378584 ], [ -67.614426373, -10.568038788 ], [ -67.629750328, -10.575860395 ], [ -67.635349466, -10.580383912 ], [ -67.636301546, -10.592171481 ], [ -67.640313883, -10.596159988 ], [ -67.640903265999981, -10.599390864 ], [ -67.659220829, -10.614748393 ], [ -67.670667101999982, -10.606420687 ], [ -67.675611111, -10.605161111 ], [ -67.704397222, -10.700013889 ], [ -67.707164414, -10.700385493 ], [ -67.70605398, -10.702235657 ], [ -67.70900441, -10.704178054 ], [ -67.706268557, -10.705957036 ], [ -67.708132692, -10.706494682 ], [ -67.708221204999987, -10.71082744 ], [ -67.708990999, -10.708518751 ], [ -67.713081366999987, -10.706776682 ], [ -67.71315110499998, -10.709190803 ], [ -67.715991564, -10.707960025 ], [ -67.716761358, -10.709831227 ], [ -67.719663508, -10.709254055 ], [ -67.721785136, -10.711254387 ], [ -67.726009614999981, -10.706687074 ], [ -67.728053458, -10.708036455 ], [ -67.728396781, -10.713404927 ], [ -67.732741959999984, -10.713589409 ], [ -67.732460328, -10.711905349 ], [ -67.734949418, -10.711610176 ], [ -67.735909648, -10.713115027 ], [ -67.736698218, -10.710089505 ], [ -67.739648648, -10.710284531 ], [ -67.739884682, -10.707390756 ], [ -67.742899485, -10.709417455 ], [ -67.742955811, -10.708028548 ], [ -67.744567818999982, -10.707915222 ], [ -67.744050153, -10.704710432 ], [ -67.745570964999985, -10.703179184 ], [ -67.7443747, -10.701827146 ], [ -67.745605833999988, -10.698548495 ], [ -67.744801171, -10.696526995 ], [ -67.74709446, -10.698445708 ], [ -67.748813756, -10.69685908 ], [ -67.750876375, -10.697842158 ], [ -67.752292581, -10.695620346 ], [ -67.756187148999985, -10.695396319 ], [ -67.754899688, -10.692141319 ], [ -67.757842071, -10.686287504 ], [ -67.761589117, -10.68465337 ], [ -67.765800186, -10.689265821 ], [ -67.767672368, -10.686519445 ], [ -67.768983968, -10.688419771 ], [ -67.768705018, -10.68686472 ], [ -67.770024665, -10.687497284 ], [ -67.769466765, -10.686506266 ], [ -67.770912476, -10.685504702 ], [ -67.774351068, -10.686095098 ], [ -67.776292987, -10.684534764 ], [ -67.773562498999979, -10.683686065 ], [ -67.774002381, -10.682618598 ], [ -67.779361433999981, -10.682502627 ], [ -67.778232224, -10.6807156 ], [ -67.780651576999986, -10.680834208 ], [ -67.780176826, -10.67897337 ], [ -67.781888075, -10.677368191 ], [ -67.785632439, -10.677215316 ], [ -67.785423227, -10.678981278 ], [ -67.786646313999981, -10.679089344 ], [ -67.787960597, -10.674985446 ], [ -67.791495747999988, -10.678454126 ], [ -67.793418892, -10.675422987 ], [ -67.795454688, -10.675900064 ], [ -67.796321042, -10.67296906 ], [ -67.798311241, -10.672070248 ], [ -67.798533864, -10.669410699 ], [ -67.801084644999989, -10.670778696 ], [ -67.804595657, -10.66776066 ], [ -67.808635063999986, -10.668034788 ], [ -67.808836229, -10.665836481 ], [ -67.807446844999987, -10.666603518 ], [ -67.806473203, -10.665596617 ], [ -67.808761127, -10.664824306 ], [ -67.808500953, -10.662154149 ], [ -67.80983669299998, -10.661120874 ], [ -67.814830966, -10.665256589 ], [ -67.817478307, -10.664600256 ], [ -67.818677254, -10.662702416 ], [ -67.816880174, -10.662072437 ], [ -67.818875737999988, -10.66038809 ], [ -67.817164488, -10.658632565 ], [ -67.822598644, -10.656241766 ], [ -67.821751066, -10.65482362 ], [ -67.825307675, -10.654905335 ], [ -67.825449832, -10.652917811 ], [ -67.827509768, -10.651417934 ], [ -67.830782063, -10.653505635 ], [ -67.83120317, -10.652229819 ], [ -67.832871504, -10.652844004 ], [ -67.833271153, -10.650946091 ], [ -67.833778091, -10.652087476 ], [ -67.836173303999985, -10.652011032 ], [ -67.835400827, -10.649896962 ], [ -67.837093301, -10.649520013 ], [ -67.839335628, -10.652206096 ], [ -67.842779584, -10.6533053 ], [ -67.845451065, -10.651715801 ], [ -67.844048268999984, -10.651156971 ], [ -67.845156022, -10.650867011 ], [ -67.845005818, -10.648876825 ], [ -67.852760084, -10.647883046 ], [ -67.853280433, -10.650727303 ], [ -67.855262585, -10.647226675 ], [ -67.857234009, -10.648017483 ], [ -67.857394941, -10.645078302 ], [ -67.858953305, -10.646902443 ], [ -67.860337324999989, -10.643596839 ], [ -67.864210434, -10.640763059 ], [ -67.865530081, -10.642574045 ], [ -67.865924366, -10.640699793 ], [ -67.871666975000011, -10.643491397 ], [ -67.873611577, -10.64243697 ], [ -67.873343356, -10.643992248 ], [ -67.875735887, -10.645083574 ], [ -67.87751955600001, -10.642444878 ], [ -67.87588609, -10.640844778 ], [ -67.876739033, -10.639927419 ], [ -67.877495416, -10.641195377 ], [ -67.878697045, -10.639618996 ], [ -67.880490773, -10.641164403 ], [ -67.884088955999985, -10.640153464 ], [ -67.883877061, -10.641814197 ], [ -67.885582946, -10.642417858 ], [ -67.886014782, -10.639660514 ], [ -67.888380489999989, -10.641437238 ], [ -67.891572319, -10.640886296 ], [ -67.890123925999987, -10.644181385 ], [ -67.894289397, -10.648232978 ], [ -67.894812428, -10.64709685 ], [ -67.896046244, -10.647842846 ], [ -67.89596846, -10.646704081 ], [ -67.898039125000011, -10.647473802 ], [ -67.896875046, -10.644948477 ], [ -67.899635039, -10.643403747 ], [ -67.901011012999987, -10.645430874 ], [ -67.901963197, -10.643192862 ], [ -67.903427683, -10.642309779 ], [ -67.904487155, -10.643282489 ], [ -67.905101381, -10.641413513 ], [ -67.91016271, -10.641888007 ], [ -67.911493085, -10.646216414 ], [ -67.913620077, -10.646221686 ], [ -67.913290165, -10.650339152 ], [ -67.914633952, -10.649034327 ], [ -67.916600010999986, -10.652247612 ], [ -67.918434642, -10.652234432 ], [ -67.919209801, -10.65475179 ], [ -67.919775747, -10.651665059 ], [ -67.923292123, -10.651317107 ], [ -67.922980987, -10.653309913 ], [ -67.926612697999985, -10.652751085 ], [ -67.928970359, -10.654163969 ], [ -67.929107152, -10.656383448 ], [ -67.92979648, -10.65469907 ], [ -67.934122883, -10.655982783 ], [ -67.93483098599998, -10.654614719 ], [ -67.936496638, -10.656683946 ], [ -67.93795576, -10.654598904 ], [ -67.941096626, -10.65700026 ], [ -67.942853473, -10.655426596 ], [ -67.941067122, -10.655134004 ], [ -67.943298719999987, -10.653715854 ], [ -67.94445207, -10.654770241 ], [ -67.946895562, -10.651122044 ], [ -67.947204016, -10.653262466 ], [ -67.949776255, -10.6511774 ], [ -67.952622078, -10.65365259 ], [ -67.95443256999998, -10.650022831 ], [ -67.955701254, -10.651915478 ], [ -67.956996761, -10.649413913 ], [ -67.957415186, -10.65033388 ], [ -67.96156188099998, -10.649722326 ], [ -67.965456449, -10.653175478 ], [ -67.965528868, -10.655323794 ], [ -67.967975043, -10.653971543 ], [ -67.966907524, -10.655908976 ], [ -67.968380055999987, -10.654670075 ], [ -67.968243264, -10.656357088 ], [ -67.970458768, -10.655284254 ], [ -67.972035907, -10.65638872 ], [ -67.971574567, -10.659507034 ], [ -67.973886632, -10.659804893 ], [ -67.976904116999989, -10.663273746 ], [ -67.97805478399998, -10.661083313 ], [ -67.979908191, -10.662277378 ], [ -67.981836698999984, -10.657311301 ], [ -67.985361122, -10.656770933 ], [ -67.983861766999979, -10.65503911 ], [ -67.986586891, -10.654596268 ], [ -67.986817561, -10.65626483 ], [ -67.98800578, -10.656293826 ], [ -67.989253007, -10.653533971 ], [ -67.992002271, -10.654923127 ], [ -67.992501162, -10.653589327 ], [ -67.991042039999982, -10.652505939 ], [ -67.992383145, -10.651003424 ], [ -67.996081911000019, -10.652975144 ], [ -67.996540569, -10.650995516 ], [ -67.999437355, -10.64966697 ], [ -68.001199566, -10.651248572 ], [ -68.001178108, -10.648641561 ], [ -68.006086551, -10.652461127 ], [ -68.007929228, -10.65030752 ], [ -68.008564912, -10.652453219 ], [ -68.009045027, -10.649332197 ], [ -68.010426364999987, -10.650737188 ], [ -68.010391496, -10.649384917 ], [ -68.012802802, -10.648625745 ], [ -68.014983438, -10.649023783 ], [ -68.015259706, -10.652516483 ], [ -68.016367458, -10.650167811 ], [ -68.023625516, -10.651514807 ], [ -68.022946917, -10.654564636 ], [ -68.024355076, -10.656122489 ], [ -68.026854895, -10.655339609 ], [ -68.026420377, -10.657516905 ], [ -68.028571509, -10.658392036 ], [ -68.029947482, -10.656075041 ], [ -68.03043028, -10.65727967 ], [ -68.033171496999984, -10.655848349 ], [ -68.031277858, -10.657983466 ], [ -68.033651613, -10.657603891 ], [ -68.031857214999988, -10.660023675 ], [ -68.034163915, -10.659844432 ], [ -68.033654295, -10.662040147 ], [ -68.030003809, -10.66254624 ], [ -68.033732079, -10.667085222 ], [ -68.036213122, -10.665864817 ], [ -68.036457203, -10.668450593 ], [ -68.038814865, -10.668158014 ], [ -68.041325413, -10.670633067 ], [ -68.041545354, -10.669705254 ], [ -68.044447504, -10.671002082 ], [ -68.045512341, -10.670148074 ], [ -68.047108255, -10.672351622 ], [ -68.050949179, -10.670957273 ], [ -68.052078388999988, -10.672744357 ], [ -68.055160246999989, -10.67039057 ], [ -68.056791029999985, -10.674892535 ], [ -68.058310501, -10.676000883 ], [ -68.060273878, -10.675162703 ], [ -68.061164372, -10.677529632 ], [ -68.062111192, -10.676570211 ], [ -68.063868038, -10.677811659 ], [ -68.063610546, -10.68004678 ], [ -68.065775089, -10.680874403 ], [ -68.064096026, -10.681351472 ], [ -68.064034335, -10.683093687 ], [ -68.066088908, -10.685136363 ], [ -68.067094736, -10.68327028 ], [ -68.067652634999988, -10.685363033 ], [ -68.070592336, -10.684683022 ], [ -68.070908837, -10.686462118 ], [ -68.071584754, -10.684994035 ], [ -68.072778337, -10.686694059 ], [ -68.072797112, -10.685091556 ], [ -68.07677751, -10.684617129 ], [ -68.076066725, -10.685373576 ], [ -68.077786021, -10.686844293 ], [ -68.076766782, -10.688620741 ], [ -68.079781585, -10.689321829 ], [ -68.078341238, -10.689859504 ], [ -68.077941589, -10.69235283 ], [ -68.079196863, -10.692450348 ], [ -68.079462402, -10.694363816 ], [ -68.081310444, -10.692706005 ], [ -68.080774002, -10.694263662 ], [ -68.08203464, -10.695278375 ], [ -68.083128980999987, -10.693955294 ], [ -68.083378427, -10.695958363 ], [ -68.086436144999979, -10.69703896 ], [ -68.086460285, -10.698841704 ], [ -68.088128619, -10.698056299 ], [ -68.087739699, -10.700926443 ], [ -68.089536779, -10.700657615 ], [ -68.091693274999983, -10.70525401 ], [ -68.096743874, -10.705090607 ], [ -68.0970416, -10.706898574 ], [ -68.094380848, -10.709278433 ], [ -68.097057693, -10.711241868 ], [ -68.09851145, -10.710272012 ], [ -68.100453369, -10.712243347 ], [ -68.102859311, -10.712361943 ], [ -68.100992493, -10.714296369 ], [ -68.102695696, -10.714375432 ], [ -68.102762751, -10.716815847 ], [ -68.103178494, -10.715397984 ], [ -68.105380587, -10.715205597 ], [ -68.105254524, -10.717055671 ], [ -68.106418602, -10.717266505 ], [ -68.10480123, -10.718207349 ], [ -68.106083326, -10.721174811 ], [ -68.104959481, -10.722990589 ], [ -68.106930904, -10.722948423 ], [ -68.108816497000021, -10.725797248 ], [ -68.104474000999986, -10.727523396 ], [ -68.10708379, -10.730540838 ], [ -68.105166011, -10.73620933 ], [ -68.105302803, -10.741284794 ], [ -68.102228992, -10.741635277 ], [ -68.102304094, -10.744038579 ], [ -68.099646025, -10.746547269 ], [ -68.099705033, -10.74829965 ], [ -68.097014777, -10.749385331 ], [ -68.09994375, -10.751219385 ], [ -68.098178856, -10.752210191 ], [ -68.099117629, -10.753367005 ], [ -68.100434594, -10.752170664 ], [ -68.101936631, -10.752966469 ], [ -68.10138946, -10.756086424 ], [ -68.103725663999981, -10.755422382 ], [ -68.102183394, -10.756729384 ], [ -68.103846364, -10.757198428 ], [ -68.102046602, -10.760020579 ], [ -68.103846364, -10.760144427 ], [ -68.102620594, -10.761432963 ], [ -68.105726591999982, -10.761957335 ], [ -68.107306412999989, -10.764879572 ], [ -68.104975574, -10.767361739 ], [ -68.106386416, -10.769340606 ], [ -68.103771262, -10.773432684 ], [ -68.104026072, -10.77676322 ], [ -68.105718546, -10.775898971 ], [ -68.109765999, -10.782520429 ], [ -68.112458936999985, -10.782217421 ], [ -68.112528674, -10.784167208 ], [ -68.113330655, -10.783218664 ], [ -68.118212275, -10.784101337 ], [ -68.119046441999984, -10.788435616 ], [ -68.120540433, -10.78818004 ], [ -68.119789414, -10.790227275 ], [ -68.12246894099998, -10.792419409 ], [ -68.123962931, -10.791004536 ], [ -68.123308472, -10.792400965 ], [ -68.125532024, -10.793157142 ], [ -68.124582522, -10.794403381 ], [ -68.126081877, -10.795581112 ], [ -68.125628583, -10.79843452 ], [ -68.128080122, -10.798018235 ], [ -68.12884187, -10.7998678 ], [ -68.130896442, -10.800373663 ], [ -68.131502621, -10.803192775 ], [ -68.133428447, -10.803561628 ], [ -68.13321387, -10.805679894 ], [ -68.134968035, -10.805616663 ], [ -68.138226919, -10.808935645 ], [ -68.140246622, -10.808240104 ], [ -68.139350765, -10.809077915 ], [ -68.140901081, -10.809502088 ], [ -68.141633324, -10.812871744 ], [ -68.143556468, -10.8133407 ], [ -68.143561833, -10.816085922 ], [ -68.14732229, -10.81684204 ], [ -68.146418385, -10.818056566 ], [ -68.148202054, -10.820100963 ], [ -68.153856151, -10.821147525 ], [ -68.153845422, -10.824308925 ], [ -68.157498591, -10.825673586 ], [ -68.158646576, -10.829103652 ], [ -68.16031491, -10.828850745 ], [ -68.159816019, -10.832259699 ], [ -68.160883539, -10.831580019 ], [ -68.16126173, -10.833455063 ], [ -68.161833041, -10.832374955 ], [ -68.163200967, -10.834556902 ], [ -68.16538964999998, -10.834372494 ], [ -68.165652506, -10.836906774 ], [ -68.166859500000015, -10.83603216 ], [ -68.167873374999985, -10.838613844 ], [ -68.169938676000015, -10.837507411 ], [ -68.171810858, -10.840083814 ], [ -68.173189512999983, -10.839630705 ], [ -68.174117558, -10.843729728 ], [ -68.175812714, -10.844577977 ], [ -68.174873940999987, -10.847117439 ], [ -68.17819988, -10.8486822 ], [ -68.178988448999988, -10.853197308 ], [ -68.183891526999986, -10.855952702 ], [ -68.182502142999979, -10.856943162 ], [ -68.182469957, -10.857380439 ], [ -68.186890237, -10.859240175 ], [ -68.187780731, -10.857422586 ], [ -68.189089648999982, -10.858776559 ], [ -68.196127765, -10.858592166 ], [ -68.196382575, -10.868669727 ], [ -68.197232835, -10.871227423 ], [ -68.199228399, -10.871746334 ], [ -68.197962396, -10.873808803 ], [ -68.201605416999982, -10.876722518 ], [ -68.203049876, -10.880023121 ], [ -68.204798675999982, -10.879206581 ], [ -68.206338264, -10.881066181 ], [ -68.205211735999981, -10.88149552 ], [ -68.205683805, -10.883726495 ], [ -68.203782118999982, -10.888407009 ], [ -68.205091037, -10.890369274 ], [ -68.203830399, -10.891960148 ], [ -68.206764734999979, -10.89516294 ], [ -68.205571152, -10.896993468 ], [ -68.207443334, -10.897983793 ], [ -68.206373132999985, -10.898513193 ], [ -68.207208124, -10.902037213 ], [ -68.210856468, -10.905148655 ], [ -68.215657844999981, -10.904937397 ], [ -68.219241359, -10.909718685 ], [ -68.224299135999985, -10.911615172 ], [ -68.223464052999987, -10.914353233 ], [ -68.225121861, -10.914093372 ], [ -68.22506792, -10.916905676 ], [ -68.227603262, -10.918059679 ], [ -68.229102594, -10.921198017 ], [ -68.226970283999989, -10.925399397 ], [ -68.228548931, -10.928762384 ], [ -68.230733741, -10.929046976 ], [ -68.229143495, -10.930754865 ], [ -68.231243479, -10.936136364 ], [ -68.230131014, -10.937795705 ], [ -68.231215749, -10.939445227 ], [ -68.230601476, -10.94308087 ], [ -68.234328104, -10.950827647 ], [ -68.237018946, -10.953220889 ], [ -68.237263218999985, -10.9557518 ], [ -68.243284843, -10.959784724 ], [ -68.248628142, -10.961416673 ], [ -68.257379177, -10.972783821 ], [ -68.262678332999982, -10.976099311 ], [ -68.266121703, -10.97563195 ], [ -68.271352338, -10.979339609 ], [ -68.27201696, -10.983758845 ], [ -68.276713011, -10.988333297 ], [ -68.284688338, -10.99077667 ], [ -68.289421454, -10.988030463 ], [ -68.294576125, -10.990798866 ], [ -68.30720811, -10.991932991 ], [ -68.310813562999982, -10.996221409 ], [ -68.320693785, -11.000062542 ], [ -68.325420836, -11.009125441 ], [ -68.331040939, -11.012595593 ], [ -68.335618576, -11.012200355 ], [ -68.337365702, -11.010582957 ], [ -68.337000528, -11.007631052 ], [ -68.34144733, -11.004974324 ], [ -68.343956549, -11.006531301 ], [ -68.346589064999989, -11.003983973 ], [ -68.360531977, -11.006397387 ], [ -68.377181563999983, -11.014091849 ], [ -68.384684411, -11.018141127 ], [ -68.387844400999981, -11.021928399 ], [ -68.390647396999981, -11.030165121 ], [ -68.388148406999989, -11.034302767 ], [ -68.387719489, -11.038046591 ], [ -68.390725127999985, -11.045759114 ], [ -68.394745039, -11.050108853 ], [ -68.402865446, -11.053739284 ], [ -68.406811152, -11.053078364 ], [ -68.407598546, -11.04991656 ], [ -68.410570838, -11.047774865 ], [ -68.409882515, -11.044136875 ], [ -68.415125705, -11.03970929 ], [ -68.424333469, -11.040761091 ], [ -68.429265037, -11.032876695 ], [ -68.432526974999988, -11.031757017 ], [ -68.437886566, -11.035524052 ], [ -68.444256509, -11.045912541 ], [ -68.456059696, -11.045330377 ], [ -68.461182066, -11.046446849 ], [ -68.464410588, -11.050066271 ], [ -68.467908398999981, -11.049310373 ], [ -68.475121052, -11.051658341 ], [ -68.480611824, -11.048766996 ], [ -68.487186098, -11.050875333 ], [ -68.499208145999987, -11.060876671 ], [ -68.504066591, -11.063330215 ], [ -68.507154744, -11.073168398 ], [ -68.519359732999988, -11.088089256 ], [ -68.535297263999979, -11.093771944 ], [ -68.539869905, -11.096751591 ], [ -68.542952167, -11.101946432 ], [ -68.542971395, -11.111355478 ], [ -68.716119596, -11.145561467 ], [ -68.715886975, -11.142731443 ], [ -68.711590967, -11.137083121 ], [ -68.710868082, -11.130920888 ], [ -68.713505583, -11.124300655 ], [ -68.722211762, -11.113553932 ], [ -68.720938512, -11.103373948 ], [ -68.727327842, -11.099809289 ], [ -68.734519987999988, -11.093293307 ], [ -68.739839184, -11.094177002 ], [ -68.741894425, -11.096760791 ], [ -68.746297214, -11.094361583 ], [ -68.75088918199998, -11.085806317 ], [ -68.757690821999986, -11.083235254 ], [ -68.755743537, -11.07629344 ], [ -68.756896176, -11.074221518 ], [ -68.760483136, -11.073554242 ], [ -68.765285162999987, -11.065862595 ], [ -68.763045928, -11.058705328 ], [ -68.759498724, -11.055755131 ], [ -68.762981381000017, -11.052427935 ], [ -68.766316455, -11.051552372 ], [ -68.766274308, -11.049277804 ], [ -68.76315639, -11.047691787 ], [ -68.764599927999981, -11.046843696 ], [ -68.763974737, -11.045547226 ], [ -68.761016282, -11.0449688 ], [ -68.759738168, -11.039410328 ], [ -68.756300198, -11.037521928 ], [ -68.751899017, -11.037976668 ], [ -68.752573378, -11.037045757 ], [ -68.750691596, -11.034407627 ], [ -68.752850095999989, -11.033596312 ], [ -68.751407757, -11.031157358 ], [ -68.753473147, -11.03037098 ], [ -68.751179527, -11.028783191 ], [ -68.751109864, -11.025881006 ], [ -68.752427096, -11.026087641 ], [ -68.751743267999984, -11.023787692 ], [ -68.754749871, -11.02316015 ], [ -68.748727708000018, -11.020437144 ], [ -68.748627862, -11.018687071 ], [ -68.750764938, -11.018973335 ], [ -68.751573019, -11.016048335 ], [ -68.747581892, -11.010235087 ], [ -68.750060253, -11.008097215 ], [ -68.753708057, -11.0083605 ], [ -68.758407287, -11.012120193 ], [ -68.760080986, -11.01770172 ], [ -68.763009957999984, -11.017933404 ], [ -68.763997011, -11.016016742 ], [ -68.763181619, -11.011383002 ], [ -68.756926708, -11.009255669 ], [ -68.759523086, -11.003473882 ], [ -68.757270031, -11.001030542 ], [ -68.758128338, -10.999556103 ], [ -68.770080261, -11.006938755 ], [ -68.772344045, -11.004864049 ], [ -68.778792076, -11.004927238 ], [ -68.779789858, -11.00261029 ], [ -68.778609686, -10.999103238 ], [ -68.781710319, -10.998724095 ], [ -68.782858305, -11.001672974 ], [ -68.787297360999986, -11.004311142 ], [ -68.787654095, -11.008976588 ], [ -68.786101095, -11.012928467 ], [ -68.78824418, -11.014753002 ], [ -68.790993445, -11.011317181 ], [ -68.789561144999979, -11.000130082 ], [ -68.79724299199998, -11.000238032 ], [ -68.798868409999983, -10.997657752 ], [ -68.79843121, -10.99565407 ], [ -68.792562536999981, -10.992426034 ], [ -68.792420379999982, -10.990095822 ], [ -68.798669927, -10.989887814 ], [ -68.802172892, -10.994719365 ], [ -68.811603539, -10.994319152 ], [ -68.811169021000012, -10.996944222 ], [ -68.803535453999984, -10.999379696 ], [ -68.803752713, -11.001199049 ], [ -68.811501615, -11.000859402 ], [ -68.816482477, -11.0051484 ], [ -68.822651558, -11.002315404 ], [ -68.824966304, -11.005935631 ], [ -68.827412479, -11.006691266 ], [ -68.829078131, -11.006188387 ], [ -68.831784479, -11.000585578 ], [ -68.827026241, -11.000016866 ], [ -68.826827757, -10.995996356 ], [ -68.833927564, -10.992539252 ], [ -68.837586098, -11.001201682 ], [ -68.84177839, -11.001794088 ], [ -68.846008233999981, -10.999169062 ], [ -68.845300131, -10.997657752 ], [ -68.841008596, -10.997433951 ], [ -68.841746203999989, -10.99317907 ], [ -68.843690805, -10.991504483 ], [ -68.846598319999984, -10.991751986 ], [ -68.850219302, -10.993173804 ], [ -68.854274802, -11.000748819 ], [ -68.860414378, -11.004829821 ], [ -68.858732632999988, -11.01153044 ], [ -68.859891348, -11.016369535 ], [ -68.871398024, -11.013360249 ], [ -68.873162918, -11.008642216 ], [ -68.883167558, -11.008394727 ], [ -68.885782711, -11.011419861 ], [ -68.884548895, -11.01625106 ], [ -68.882274382, -11.017651697 ], [ -68.880785756, -11.017019832 ], [ -68.87963777, -11.011796355 ], [ -68.875732474, -11.015016281 ], [ -68.877202324999985, -11.020568794 ], [ -68.880018643999989, -11.021374413 ], [ -68.888199382, -11.016669672 ], [ -68.888556115, -11.011662081 ], [ -68.895849042, -11.006077806 ], [ -68.904311411, -11.012596733 ], [ -68.907516651, -11.020471382 ], [ -68.91045367, -11.022130008 ], [ -68.92070239, -11.013152257 ], [ -68.923851304, -11.017975528 ], [ -68.925254099, -11.018028183 ], [ -68.926785641, -11.012001716 ], [ -68.93142318, -11.012496686 ], [ -68.932061545999986, -11.006122565 ], [ -68.933349006, -11.004808758 ], [ -68.937058501, -11.004224257 ], [ -68.940075986, -11.00899765 ], [ -68.947543256, -11.012238669 ], [ -68.947492294, -11.004121574 ], [ -68.954739623, -11.003905677 ], [ -68.957134836, -11.001509733 ], [ -68.957462065, -10.999621926 ], [ -68.95416563, -10.995201199 ], [ -68.952741377, -10.989969437 ], [ -68.96183406599998, -10.992820983 ], [ -68.967010729, -10.987457527 ], [ -68.971750192, -10.988221107 ], [ -68.980858973999986, -10.996372869 ], [ -68.987631552, -10.998373914 ], [ -68.987003915, -11.002897276 ], [ -68.983903281, -11.007510087 ], [ -68.984906428, -11.009411007 ], [ -68.993111305, -11.011346142 ], [ -68.995112233, -11.008750162 ], [ -68.994905703, -11.003655552 ], [ -68.997113160999987, -11.002620821 ], [ -69.001884811, -11.008934462 ], [ -69.007321648, -11.002183759 ], [ -69.012002103, -11.002820922 ], [ -69.016210489, -11.001644012 ], [ -69.010642223, -10.99634654 ], [ -69.010899715, -10.992947366 ], [ -69.012999885, -10.990759342 ], [ -69.017961972, -10.990548701 ], [ -69.02255123099998, -10.99350556 ], [ -69.024756006999979, -10.993026356 ], [ -69.027274601, -10.988797741 ], [ -69.026351921, -10.982446806 ], [ -69.031195991, -10.986422739 ], [ -69.034224205, -10.986235793 ], [ -69.03863107399998, -10.976740854 ], [ -69.043778233, -10.981156592 ], [ -69.049241893, -10.981267182 ], [ -69.050025098, -10.978444489 ], [ -69.047951751, -10.974752829 ], [ -69.051427893, -10.974399986 ], [ -69.056306832, -10.982704849 ], [ -69.061354749, -10.985717081 ], [ -69.064559988999989, -10.979497735 ], [ -69.068116598, -10.97753606 ], [ -69.068591349, -10.970031545 ], [ -69.071654431999988, -10.966816395 ], [ -69.078236573, -10.975993042 ], [ -69.080033653, -10.975650733 ], [ -69.083155744, -10.971155918 ], [ -69.087192467999984, -10.96975506 ], [ -69.097658448, -10.979587261 ], [ -69.102596395, -10.981101296 ], [ -69.104165486999989, -10.980603641 ], [ -69.10748338, -10.972727926 ], [ -69.112665407, -10.971047957 ], [ -69.118397288, -10.980632605 ], [ -69.120931976, -10.981088131 ], [ -69.122230165, -10.979139632 ], [ -69.120443814, -10.969102025 ], [ -69.122471564, -10.966434577 ], [ -69.12729954, -10.966808495 ], [ -69.136952809999983, -10.974492147 ], [ -69.137848668, -10.973323023 ], [ -69.136126689999983, -10.969528604 ], [ -69.138575546999988, -10.967953946 ], [ -69.147974007, -10.971840546 ], [ -69.151265077, -10.970995294 ], [ -69.151042454, -10.969033562 ], [ -69.144210867999988, -10.963466913 ], [ -69.145868472999979, -10.962395177 ], [ -69.155832879, -10.964675575 ], [ -69.155932121, -10.961376101 ], [ -69.150591843, -10.956975868 ], [ -69.152059011, -10.954566377 ], [ -69.156374686, -10.956601938 ], [ -69.160819106, -10.96502053 ], [ -69.162801258, -10.9658342 ], [ -69.169887655, -10.963432681 ], [ -69.170743279, -10.958655917 ], [ -69.182512812, -10.955564409 ], [ -69.186428838, -10.947803898 ], [ -69.190049819999984, -10.950450447 ], [ -69.19772362, -10.947756496 ], [ -69.201344602, -10.948180473 ], [ -69.215611272, -10.958353088 ], [ -69.220026188, -10.949004723 ], [ -69.225224309, -10.948593915 ], [ -69.232975893, -10.939835139 ], [ -69.235733204, -10.94748789 ], [ -69.239815526, -10.951395826 ], [ -69.25447648, -10.948820386 ], [ -69.257834606, -10.946676803 ], [ -69.258397869999982, -10.9444384 ], [ -69.251413398, -10.94386958 ], [ -69.250265412, -10.940446102 ], [ -69.252271704, -10.93902403 ], [ -69.258328132, -10.942136779 ], [ -69.269947462, -10.941204538 ], [ -69.27531188, -10.943758976 ], [ -69.275392346, -10.94822524 ], [ -69.270757489, -10.950974487 ], [ -69.274646692, -10.954913977 ], [ -69.277908258, -10.948409578 ], [ -69.28298299799998, -10.943527234 ], [ -69.286378674, -10.944169791 ], [ -69.28509657799998, -10.948441178 ], [ -69.286920480999981, -10.949868472 ], [ -69.291163735, -10.950342479 ], [ -69.297525934999982, -10.946460863 ], [ -69.304499678, -10.94835691 ], [ -69.312943272, -10.944122389 ], [ -69.320464186, -10.944406799 ], [ -69.322695784, -10.936711833 ], [ -69.325399450999981, -10.9356479 ], [ -69.327137522, -10.937817898 ], [ -69.328285508, -10.94974207 ], [ -69.330125503, -10.95038988 ], [ -69.334508233, -10.94720875 ], [ -69.334889106999981, -10.941994572 ], [ -69.336535983, -10.940751583 ], [ -69.340645127, -10.94403812 ], [ -69.342232995, -10.952275368 ], [ -69.347178987999982, -10.947398355 ], [ -69.34494739, -10.939234708 ], [ -69.346433334, -10.937601952 ], [ -69.350011401, -10.938781751 ], [ -69.352774075999989, -10.93591125 ], [ -69.357618146, -10.937407074 ], [ -69.354243927, -10.942984747 ], [ -69.356325320999986, -10.945565504 ], [ -69.363395624, -10.940219625 ], [ -69.370396189, -10.938518403 ], [ -69.374086909, -10.940777918 ], [ -69.372220092, -10.947956634 ], [ -69.372740439999987, -10.954740177 ], [ -69.374612622, -10.956414972 ], [ -69.376956873, -10.954734911 ], [ -69.377847365999983, -10.951385292 ], [ -69.377820543999988, -10.942379055 ], [ -69.380551033, -10.940156421 ], [ -69.38513761, -10.942926811 ], [ -69.388978534, -10.939108302 ], [ -69.386543087999982, -10.935742706 ], [ -69.386972241, -10.933893982 ], [ -69.395700149, -10.935231806 ], [ -69.394879393, -10.939998414 ], [ -69.390282087, -10.942526528 ], [ -69.391076020999989, -10.944801813 ], [ -69.393490009, -10.945681374 ], [ -69.398650579, -10.939203107 ], [ -69.40104311, -10.930333444 ], [ -69.405039601, -10.928674303 ], [ -69.408821516, -10.933072323 ], [ -69.41041474799998, -10.937512413 ], [ -69.411932878, -10.937996974 ], [ -69.413799696, -10.934373282 ], [ -69.413794331, -10.927336449 ], [ -69.416878872, -10.925355993 ], [ -69.425258093, -10.927494464 ], [ -69.424828939, -10.934731439 ], [ -69.429436974, -10.938376196 ], [ -69.435182266, -10.933893982 ], [ -69.448341182999982, -10.935126466 ], [ -69.452648810999989, -10.936827706 ], [ -69.453906767, -10.949449764 ], [ -69.45817148, -10.946642568 ], [ -69.460542552, -10.950245044 ], [ -69.464946739, -10.950845452 ], [ -69.468278043, -10.949591967 ], [ -69.473776572, -10.944404166 ], [ -69.478486531, -10.945341664 ], [ -69.476072542, -10.951514327 ], [ -69.47812175, -10.954958744 ], [ -69.485197417999984, -10.950092308 ], [ -69.493721478, -10.951019255 ], [ -69.499413125, -10.944119756 ], [ -69.498887412, -10.938357761 ], [ -69.501633994, -10.935934951 ], [ -69.50337743, -10.941639057 ], [ -69.50830733, -10.943824812 ], [ -69.522437208, -10.935834878 ], [ -69.52724909, -10.937430775 ], [ -69.532854907, -10.936056092 ], [ -69.540295355, -10.937625653 ], [ -69.543438904, -10.941196637 ], [ -69.540772788, -10.951145656 ], [ -69.547430031, -10.953542008 ], [ -69.550616495, -10.953073273 ], [ -69.550718419, -10.947163982 ], [ -69.557965748, -10.948106738 ], [ -69.567112081, -10.943956483 ], [ -69.571349971, -10.945963149 ], [ -69.575346462999988, -10.942002473 ], [ -69.584841482, -10.940048449 ], [ -69.588103048999983, -10.946026351 ], [ -69.591150038, -10.948254208 ], [ -69.594529621, -10.941665392 ], [ -69.596412532, -10.940938559 ], [ -69.611384623, -10.947000711 ], [ -69.612334125, -10.952246401 ], [ -69.608520024, -10.956475538 ], [ -69.609383695, -10.958724383 ], [ -69.612414591, -10.957455131 ], [ -69.615853182999984, -10.951372126 ], [ -69.619592182, -10.950055441 ], [ -69.621732585, -10.95018711 ], [ -69.633781068, -10.957897526 ], [ -69.645228736, -10.954231944 ], [ -69.658993832999982, -10.952978472 ], [ -69.668655150000021, -10.962563705 ], [ -69.676744692, -10.960030495 ], [ -69.681910627, -10.961289203 ], [ -69.686105601999984, -10.964828303 ], [ -69.689887516, -10.964401717 ], [ -69.695938579999989, -10.967877583 ], [ -69.698336475, -10.972933314 ], [ -69.699929706999981, -10.971411337 ], [ -69.699205509999985, -10.966634702 ], [ -69.70058953, -10.965518212 ], [ -69.706731789, -10.969020396 ], [ -69.708984844, -10.973249294 ], [ -69.715899579, -10.976804049 ], [ -69.718737356, -10.97551381 ], [ -69.719332807, -10.966797962 ], [ -69.723130815000019, -10.964717707 ], [ -69.729434006, -10.970979495 ], [ -69.735651366999988, -10.974455282 ], [ -69.739814155, -10.974723864 ], [ -69.741777531999986, -10.971611459 ], [ -69.739277713, -10.965449748 ], [ -69.745736472, -10.96199492 ], [ -69.747512095, -10.953989676 ], [ -69.751830451, -10.948112005 ], [ -69.755805485, -10.946305492 ], [ -69.7599039, -10.939374282 ], [ -69.761856548999987, -10.939037198 ], [ -69.764538758, -10.942149946 ], [ -69.77429127, -10.939379549 ], [ -69.771920197, -10.934728806 ], [ -69.767666213, -10.932795803 ], [ -69.767789594999982, -10.93085752 ], [ -69.769672506, -10.929472272 ], [ -69.774489753, -10.933912416 ], [ -69.780181401, -10.935418785 ], [ -69.788480155, -10.928698005 ], [ -69.793812386999988, -10.934260041 ], [ -69.797755234, -10.932174289 ], [ -69.799976103, -10.926517406 ], [ -69.812013856999982, -10.92559565 ], [ -69.813124292, -10.929272122 ], [ -69.824732892, -10.933390979 ], [ -69.832795613, -10.933717536 ], [ -69.832151882, -10.92819236 ], [ -69.840246789, -10.92984097 ], [ -69.842977278, -10.924968855 ], [ -69.850562565, -10.923778467 ], [ -69.854006522, -10.924652823 ], [ -69.856844299, -10.932500847 ], [ -69.859054439, -10.934323245 ], [ -69.86204241999998, -10.926001223 ], [ -69.866596811, -10.92621191 ], [ -69.873726121999979, -10.930609967 ], [ -69.875625126, -10.929667155 ], [ -69.878205411, -10.924184042 ], [ -69.884342305, -10.924615953 ], [ -69.901143663, -10.920012384 ], [ -69.905687325, -10.922761892 ], [ -69.913503282, -10.922524867 ], [ -69.917730442999982, -10.925548246 ], [ -69.917542689, -10.932121619 ], [ -69.921641103999988, -10.933127627 ], [ -69.924548619, -10.930804849 ], [ -69.923529378999987, -10.924689693 ], [ -69.925857537, -10.922914642 ], [ -69.929387324, -10.923246477 ], [ -69.933662765, -10.921113244 ], [ -69.941484086, -10.926243513 ], [ -69.947835557, -10.924521143 ], [ -69.954932682, -10.927760455 ], [ -69.953296535, -10.93244291 ], [ -69.955206268, -10.936161432 ], [ -69.95739495, -10.93705682 ], [ -69.958998911, -10.933996689 ], [ -69.962335579, -10.93468667 ], [ -69.962072723, -10.936408981 ], [ -69.958430283, -10.938110214 ], [ -69.957985036, -10.939616561 ], [ -69.963730327999983, -10.939189939 ], [ -69.969497077, -10.942550229 ], [ -69.969169848, -10.945009853 ], [ -69.974689833999989, -10.948812486 ], [ -69.97900819, -10.947753863 ], [ -69.980655067, -10.943008447 ], [ -69.982253663, -10.942186814 ], [ -69.984576456, -10.94556287 ], [ -69.983498208, -10.953378741 ], [ -69.984839312999981, -10.955148344 ], [ -69.990799181, -10.953868543 ], [ -69.991249792, -10.9495867 ], [ -69.995020978, -10.949581433 ], [ -69.99638354, -10.95176713 ], [ -69.995584242, -10.957918593 ], [ -69.997853391, -10.963169355 ], [ -70.002718918, -10.963811869 ], [ -70.006988995, -10.961078541 ], [ -70.015234105, -10.970110541 ], [ -70.020501964, -10.968757075 ], [ -70.026472561, -10.971321809 ], [ -70.02768492, -10.977672983 ], [ -70.03775929699998, -10.970705643 ], [ -70.039073579, -10.974792326 ], [ -70.036831252, -10.976298487 ], [ -70.037501805, -10.979263388 ], [ -70.040146463, -10.980285035 ], [ -70.046090238, -10.978889486 ], [ -70.048670523, -10.983565866 ], [ -70.054088585, -10.986741338 ], [ -70.059463732, -10.988126318 ], [ -70.064061038, -10.987088901 ], [ -70.063143723, -10.992112707 ], [ -70.064801328, -10.993713566 ], [ -70.069028489, -10.994398142 ], [ -70.070439331, -10.991707224 ], [ -70.077901237, -10.989000485 ], [ -70.078738085999987, -10.991533446 ], [ -70.080631726, -10.992423401 ], [ -70.08137738, -10.989774594 ], [ -70.079918258, -10.985856633 ], [ -70.081050149999982, -10.984334723 ], [ -70.084359995999989, -10.985235231 ], [ -70.086457483999979, -10.990132684 ], [ -70.087782495, -10.989774594 ], [ -70.08948838, -10.985156239 ], [ -70.092470996, -10.985424812 ], [ -70.095737927, -10.988279034 ], [ -70.095035188, -10.996004255 ], [ -70.099997275, -10.992165367 ], [ -70.109116785, -10.995461863 ], [ -70.107346527, -11.006767619 ], [ -70.111015789, -11.005445916 ], [ -70.114701145, -11.010285111 ], [ -70.120569818, -11.010311439 ], [ -70.126481406999986, -11.014086903 ], [ -70.130821221, -11.023396349 ], [ -70.139726155, -11.022490692 ], [ -70.141415945999981, -11.024307268 ], [ -70.138320677, -11.027498098 ], [ -70.139688604, -11.029109296 ], [ -70.150889509, -11.031262811 ], [ -70.153067462, -11.034000754 ], [ -70.156012528, -11.032784479 ], [ -70.156162731, -11.035248616 ], [ -70.159021965999983, -11.037123031 ], [ -70.158147566, -11.042272346 ], [ -70.16129648, -11.042488215 ], [ -70.164590232, -11.039176449 ], [ -70.172239892, -11.043035784 ], [ -70.174079888, -11.040308456 ], [ -70.17700886, -11.039760881 ], [ -70.178907863999981, -11.043872932 ], [ -70.183709018, -11.045347149 ], [ -70.189577691, -11.044857499 ], [ -70.190398447, -11.049332762 ], [ -70.199351661, -11.054655604 ], [ -70.211791746, -11.050101448 ], [ -70.215230338, -11.053428885 ], [ -70.218389981, -11.050343636 ], [ -70.223491542, -11.051659872 ], [ -70.228882782, -11.04972237 ], [ -70.230712049, -11.052860275 ], [ -70.234697811, -11.050238337 ], [ -70.240190975, -11.049596011 ], [ -70.241671555, -11.047005634 ], [ -70.245491019999989, -11.049611806 ], [ -70.255962363999984, -11.050480525 ], [ -70.258322708, -11.053355176 ], [ -70.26503896, -11.051733581 ], [ -70.264802925, -11.054518717 ], [ -70.266385429, -11.057140617 ], [ -70.270591132, -11.057709218 ], [ -70.271728389, -11.059515048 ], [ -70.282532327, -11.056324566 ], [ -70.286459081, -11.057851369 ], [ -70.289382689000021, -11.062563347 ], [ -70.294085942, -11.064524455 ], [ -70.294654570999981, -11.066464492 ], [ -70.300582252999988, -11.066106494 ], [ -70.302156709, -11.068804627 ], [ -70.304490231, -11.068420309 ], [ -70.308478675999979, -11.070597226 ], [ -70.31415423, -11.070207646 ], [ -70.315833293, -11.068536131 ], [ -70.322935782, -11.067664833 ], [ -70.326961778, -11.065408924 ], [ -70.333822869, -11.066432904 ], [ -70.336057148999984, -11.06815971 ], [ -70.338921748, -11.066311816 ], [ -70.345077418000017, -11.067085722 ], [ -70.350157521999989, -11.065587923 ], [ -70.351917051, -11.060444282 ], [ -70.353864335, -11.05893592 ], [ -70.361436211, -11.060007306 ], [ -70.362597607, -11.061544618 ], [ -70.371650063, -11.05789612 ], [ -70.373318397, -11.060702256 ], [ -70.380445026, -11.056619398 ], [ -70.381520592, -11.050127773 ], [ -70.383223795, -11.050280456 ], [ -70.385482214999982, -11.047563725 ], [ -70.388757192, -11.047971763 ], [ -70.390715203999989, -11.046313284 ], [ -70.40025314, -11.045041776 ], [ -70.403613947, -11.047405775 ], [ -70.405346654, -11.045971056 ], [ -70.406435630999979, -11.04759005 ], [ -70.410955154, -11.043917685 ], [ -70.41078081, -11.042564559 ], [ -70.414366923, -11.040842867 ], [ -70.415898465, -11.041711612 ], [ -70.420367025, -11.039194877 ], [ -70.423824392, -11.039774044 ], [ -70.424666606, -11.037831199 ], [ -70.428137384, -11.038420898 ], [ -70.429129802, -11.040197888 ], [ -70.437635087, -11.039139593 ], [ -70.441535019, -11.033647982 ], [ -70.437441967999987, -11.026668802 ], [ -70.441105865, -11.022114211 ], [ -70.441636941999988, -11.015598128 ], [ -70.443281136999985, -11.0147609 ], [ -70.446676813, -11.007265231 ], [ -70.447712146, -11.007646996 ], [ -70.44748684, -11.006275272 ], [ -70.448903046999988, -11.00576976 ], [ -70.448353194, -11.004116308 ], [ -70.452186071, -10.999721978 ], [ -70.452797614, -10.99653348 ], [ -70.455713174999985, -10.996085877 ], [ -70.463341377999981, -10.991251715 ], [ -70.466388367, -10.987699766 ], [ -70.470028124999985, -10.987881446 ], [ -70.471441649, -10.984863969 ], [ -70.473826133, -10.983489507 ], [ -70.473469399, -10.98124875 ], [ -70.47551056, -10.979110668 ], [ -70.474585198, -10.977751977 ], [ -70.484160683999988, -10.965815767 ], [ -70.486486159, -10.964367485 ], [ -70.492317282, -10.964704541 ], [ -70.496624909, -10.962979761 ], [ -70.496112608, -10.961931722 ], [ -70.499017439999989, -10.96081258 ], [ -70.497000419, -10.959993629 ], [ -70.499382219999987, -10.960088428 ], [ -70.503515504, -10.954716477 ], [ -70.503705941, -10.952217434 ], [ -70.508530853, -10.951812987 ], [ -70.513730824, -10.949192456 ], [ -70.518018136999984, -10.944154279 ], [ -70.521089871, -10.935440625 ], [ -70.529436158, -10.931075006 ], [ -70.530077902, -10.934813871 ], [ -70.621006622, -10.999641142 ], [ -70.620586436, -9.832250977 ], [ -70.623640546, -9.820392456 ], [ -70.619430734, -9.817193929 ], [ -70.614844701, -9.816108279 ], [ -70.612574362999979, -9.805077934 ], [ -70.608340737999981, -9.801228363 ], [ -70.599909261, -9.800152507 ], [ -70.594351724, -9.8032766 ], [ -70.590698555, -9.803683628 ], [ -70.589496925, -9.797128823 ], [ -70.585425332, -9.79316416 ], [ -70.586850926, -9.785849233 ], [ -70.578182027, -9.777612974 ], [ -70.57492046, -9.77832665 ], [ -70.57030706099998, -9.783961995 ], [ -70.559638575, -9.789549668 ], [ -70.554392173999986, -9.787096813 ], [ -70.550079182, -9.780620976 ], [ -70.545632079, -9.778707276 ], [ -70.545058086, -9.774345903 ], [ -70.536292627, -9.765802731 ], [ -70.535734728, -9.761203284 ], [ -70.53925915, -9.756196688 ], [ -70.539414719, -9.750248944 ], [ -70.532051384, -9.744988406 ], [ -70.533832371, -9.7435239 ], [ -70.531858265, -9.738168088 ], [ -70.534465372, -9.734305823 ], [ -70.531195759999989, -9.732489671 ], [ -70.532013833, -9.730752817 ], [ -70.531037509, -9.729729735 ], [ -70.529280662, -9.729605484 ], [ -70.528781771, -9.726512424 ], [ -70.527041018, -9.725806568 ], [ -70.527885913999981, -9.723768301 ], [ -70.52601105, -9.724476805 ], [ -70.529076814, -9.717975959 ], [ -70.525804519, -9.716841801 ], [ -70.524675309, -9.714535138 ], [ -70.526019095999985, -9.714976644 ], [ -70.527755156, -9.712425421 ], [ -70.530890658, -9.71343005 ], [ -70.529949203, -9.712187482 ], [ -70.531797245, -9.710635587 ], [ -70.531209841, -9.707285903 ], [ -70.53370966, -9.706505979 ], [ -70.533301963999989, -9.701564659 ], [ -70.536335543, -9.698140856 ], [ -70.535238518999989, -9.696382673 ], [ -70.537671283, -9.695779865 ], [ -70.536217525, -9.693648878 ], [ -70.538492039, -9.691761119 ], [ -70.542163983, -9.679839437 ], [ -70.543894008, -9.680204312 ], [ -70.545597209999983, -9.678366714 ], [ -70.547611548999981, -9.679596187 ], [ -70.552490488, -9.668303373 ], [ -70.557707383999983, -9.667444035 ], [ -70.559139684, -9.668821619 ], [ -70.56030108, -9.666867617 ], [ -70.561961368, -9.667251015 ], [ -70.562924281, -9.669784073 ], [ -70.564450458, -9.6679094 ], [ -70.566604271, -9.667922621 ], [ -70.567146078, -9.664805194 ], [ -70.569364263999987, -9.66392205 ], [ -70.568905607, -9.661531733 ], [ -70.57228519, -9.66036301 ], [ -70.571300819, -9.65881352 ], [ -70.573942795, -9.656476051 ], [ -70.572531953, -9.655064042 ], [ -70.575423375, -9.654625102 ], [ -70.574420228, -9.649653932 ], [ -70.577475263999986, -9.650010907 ], [ -70.579666628999988, -9.645573816 ], [ -70.579350129, -9.643297074 ], [ -70.581418112, -9.643389625 ], [ -70.582896009, -9.640946275 ], [ -70.585224166, -9.640383033 ], [ -70.583008662, -9.637659361 ], [ -70.587935879999989, -9.633248551 ], [ -70.587249234, -9.630265669 ], [ -70.58901681, -9.629464412 ], [ -70.589507653999988, -9.626822629 ], [ -70.591251089999986, -9.626788251 ], [ -70.590532257999982, -9.622628524 ], [ -70.593407585999984, -9.623011972 ], [ -70.592168404999981, -9.620174447 ], [ -70.593015984, -9.617228472 ], [ -70.591787532, -9.616054306 ], [ -70.596406296, -9.612658723 ], [ -70.596953466, -9.608530558 ], [ -70.598485008, -9.607438344 ], [ -70.595059827, -9.604209285 ], [ -70.593541696, -9.605153411 ], [ -70.593973532, -9.602900198 ], [ -70.59214963, -9.603508461 ], [ -70.591699018999989, -9.602093587 ], [ -70.589952901, -9.602164992 ], [ -70.587707891999983, -9.598406951 ], [ -70.587943926, -9.594032655 ], [ -70.585033729, -9.590618338 ], [ -70.585961774, -9.587693264 ], [ -70.591489807, -9.587251592 ], [ -70.58691664, -9.585347369 ], [ -70.587251915999985, -9.580420142 ], [ -70.585674777, -9.575281256 ], [ -70.593458547999987, -9.56702132 ], [ -70.600271359, -9.562979882 ], [ -70.60026063, -9.557816928 ], [ -70.597782269, -9.552664475 ], [ -70.594005718999981, -9.549278838 ], [ -70.590787067999983, -9.548379522 ], [ -70.586409703, -9.550548456 ], [ -70.583759679999986, -9.556050079 ], [ -70.586549178, -9.567730153 ], [ -70.580272809, -9.568714054 ], [ -70.575616493999988, -9.563149158 ], [ -70.571968689, -9.565921038 ], [ -70.568503275, -9.572522677 ], [ -70.56394352, -9.575093472 ], [ -70.558343068, -9.575231004 ], [ -70.553515091, -9.570882858 ], [ -70.552871360999987, -9.567391606 ], [ -70.557870999, -9.558959555 ], [ -70.561497345, -9.556758935 ], [ -70.570531025, -9.554843961 ], [ -70.564243927, -9.53970365 ], [ -70.564458504, -9.536339045 ], [ -70.567687884, -9.531355559 ], [ -70.563321248, -9.530847684 ], [ -70.557924643, -9.537777999 ], [ -70.555424823999985, -9.539089982 ], [ -70.547335282, -9.539227528 ], [ -70.541488066, -9.537777999 ], [ -70.537700787, -9.534254666 ], [ -70.536917582, -9.5305091 ], [ -70.539235011, -9.527112662 ], [ -70.546745196, -9.525832376 ], [ -70.54772152, -9.519272156 ], [ -70.545822516, -9.514669347 ], [ -70.540479556, -9.510394498 ], [ -70.534267559, -9.510669614 ], [ -70.530952349, -9.505770406 ], [ -70.532325639999982, -9.499717724 ], [ -70.529825821, -9.497664867 ], [ -70.526113644, -9.497760103 ], [ -70.520309343999983, -9.504246664 ], [ -70.515481368, -9.502172671 ], [ -70.514730349, -9.489231093 ], [ -70.511833562999982, -9.482627844 ], [ -70.512498751, -9.480405567 ], [ -70.518206492000019, -9.477823476 ], [ -70.523463622, -9.472087778 ], [ -70.521918668999987, -9.457240128 ], [ -70.51979436, -9.455419845 ], [ -70.515073671999986, -9.455557425 ], [ -70.513131752, -9.457748113 ], [ -70.511554614, -9.465029139 ], [ -70.507402553999981, -9.465515946 ], [ -70.503786936000012, -9.463611044 ], [ -70.504548683999985, -9.459578967 ], [ -70.510556832, -9.451355921 ], [ -70.512037411, -9.44716495 ], [ -70.509194269999981, -9.44539753 ], [ -70.499903098, -9.444074606 ], [ -70.496072902999984, -9.44182033 ], [ -70.494367018, -9.438825189 ], [ -70.494152440999983, -9.428770641 ], [ -70.496059492, -9.428246738 ], [ -70.494704977, -9.424074008 ], [ -70.496225789, -9.423587142 ], [ -70.502840115999987, -9.426984605 ], [ -70.503733292000021, -9.425923562 ], [ -70.502405599, -9.423878203 ], [ -70.504406527, -9.422420248 ], [ -70.50951077, -9.422960036 ], [ -70.513399973, -9.42626225 ], [ -70.520212784, -9.428794454 ], [ -70.51936985, -9.433757498 ], [ -70.524622335999979, -9.434798113 ], [ -70.524952248, -9.436644965 ], [ -70.528704694, -9.434110011 ], [ -70.524630382, -9.430167711 ], [ -70.525767639, -9.42713278 ], [ -70.538154079999984, -9.4374308 ], [ -70.53743524799998, -9.432247431 ], [ -70.542963281, -9.430471997 ], [ -70.546227529, -9.426558601 ], [ -70.548920467000016, -9.434504415 ], [ -70.554279520999984, -9.431826725 ], [ -70.556092693999986, -9.433657717 ], [ -70.558935836, -9.433424875 ], [ -70.559273794, -9.429982494 ], [ -70.561730698, -9.428736243 ], [ -70.564367309, -9.433705344 ], [ -70.56447728, -9.431001188 ], [ -70.566985145, -9.430937685 ], [ -70.566802754999983, -9.434022856 ], [ -70.570466652, -9.432546423 ], [ -70.569273069, -9.437621305 ], [ -70.570211842, -9.439523705 ], [ -70.571976736, -9.436197805 ], [ -70.574492648, -9.435089165 ], [ -70.576303139, -9.438772271 ], [ -70.579859748, -9.438303947 ], [ -70.588233605, -9.44659345 ], [ -70.589580074, -9.44509855 ], [ -70.587302877999988, -9.443894687 ], [ -70.590521529, -9.440558246 ], [ -70.595711603999987, -9.441240883 ], [ -70.597487226, -9.444296857 ], [ -70.596315101, -9.445791761 ], [ -70.598168507, -9.451747499 ], [ -70.595290497, -9.453588969 ], [ -70.598318711, -9.455710879 ], [ -70.596594049999979, -9.456710977 ], [ -70.596140757, -9.459597487 ], [ -70.597830549, -9.460483807 ], [ -70.600013867, -9.457509995 ], [ -70.600206986, -9.459811791 ], [ -70.602116719, -9.459981118 ], [ -70.604286626, -9.456589272 ], [ -70.606437757, -9.459814437 ], [ -70.608586207, -9.457203088 ], [ -70.611888005999987, -9.457298335 ], [ -70.61070247, -9.459729773 ], [ -70.613247886, -9.463772432 ], [ -70.611769988999981, -9.467778004 ], [ -70.617260471, -9.470357525 ], [ -70.615793302, -9.475804881 ], [ -70.62056227, -9.470037401 ], [ -70.622512236, -9.469518852 ], [ -70.62415643, -9.471701514 ], [ -70.624979868, -9.478233543 ], [ -70.632254019, -9.479373792 ], [ -70.631647840000014, -9.484736347 ], [ -70.635327831, -9.485601438 ], [ -70.635815993, -9.489471834 ], [ -70.630435481, -9.493006211 ], [ -70.631677344, -9.495085551 ], [ -70.635225907, -9.494410958 ], [ -70.636693075, -9.498209827 ], [ -70.636089578, -9.501479573 ], [ -70.642349854, -9.495500888 ], [ -70.646067396, -9.49682097 ], [ -70.645286872999989, -9.498350036 ], [ -70.641478135999989, -9.499180702 ], [ -70.643953815, -9.500926681 ], [ -70.647510424, -9.498521989 ], [ -70.648982957, -9.498643679 ], [ -70.648945406, -9.501447828 ], [ -70.651788547, -9.499379109 ], [ -70.652649536999988, -9.502185898 ], [ -70.649964645, -9.504352479 ], [ -70.650254324, -9.512256815 ], [ -70.653411283999986, -9.514579406 ], [ -70.653231576, -9.510902403 ], [ -70.655506089, -9.51201609 ], [ -70.657112731999987, -9.515597849 ], [ -70.652907029, -9.517780218 ], [ -70.653706327, -9.518666388 ], [ -70.658722058, -9.5164417 ], [ -70.660977796000012, -9.521798385 ], [ -70.663222804, -9.522623703 ], [ -70.662463739, -9.526379937 ], [ -70.664582683999981, -9.525308621 ], [ -70.663504436, -9.5200869 ], [ -70.665298834, -9.519134602 ], [ -70.66522909699998, -9.521703155 ], [ -70.6718622, -9.526451357 ], [ -70.671526924, -9.528493461 ], [ -70.681292847, -9.53100904 ], [ -70.681177512, -9.532969116 ], [ -70.678473844999985, -9.531937499 ], [ -70.678916409, -9.534344601 ], [ -70.682084098, -9.534601181 ], [ -70.682518616, -9.532127951 ], [ -70.685251787, -9.532022144 ], [ -70.688336328, -9.533773246 ], [ -70.68769259699998, -9.536463366 ], [ -70.690651074, -9.534736084 ], [ -70.693016781999987, -9.535476727 ], [ -70.692657366, -9.538127156 ], [ -70.694379344, -9.540616214 ], [ -70.700213149, -9.54113201 ], [ -70.702506438, -9.546350764 ], [ -70.703206493999986, -9.543949036 ], [ -70.705620481999986, -9.54362369 ], [ -70.710689857, -9.548083277 ], [ -70.714581743, -9.546953838 ], [ -70.717923775, -9.554539787 ], [ -70.720654264, -9.553968466 ], [ -70.721448198, -9.557044594 ], [ -70.725865796, -9.556161169 ], [ -70.725294486, -9.558229544 ], [ -70.722260907, -9.557951822 ], [ -70.725028947, -9.560493633 ], [ -70.722727611, -9.563194122 ], [ -70.725506379999985, -9.567367802 ], [ -70.72850509, -9.567105957 ], [ -70.729459956, -9.570351238 ], [ -70.730731323, -9.569684728 ], [ -70.729891792, -9.567193239 ], [ -70.733609333, -9.564143652 ], [ -70.736422971, -9.564154232 ], [ -70.738238826, -9.558787633 ], [ -70.747460261, -9.563127998 ], [ -70.748594835, -9.560149789 ], [ -70.750298038000011, -9.560329646 ], [ -70.751022234, -9.565854915 ], [ -70.754879251, -9.56756088 ], [ -70.749563113, -9.56871141 ], [ -70.755600765, -9.576328611 ], [ -70.75299634, -9.579663728 ], [ -70.757987931, -9.578772427 ], [ -70.75518234099998, -9.582684083 ], [ -70.75926198, -9.584313266 ], [ -70.756365194999987, -9.585233644 ], [ -70.758497551, -9.587603343 ], [ -70.756370559, -9.589756158 ], [ -70.754876569, -9.596584776 ], [ -70.756102338, -9.600284654 ], [ -70.759063496999985, -9.602937223 ], [ -70.756373241, -9.604217219 ], [ -70.758266881, -9.605621506 ], [ -70.767507091, -9.600742178 ], [ -70.767609015, -9.603378875 ], [ -70.765326455, -9.606930583 ], [ -70.771374836, -9.606346127 ], [ -70.774145558, -9.607975195 ], [ -70.77375932, -9.610371181 ], [ -70.775596633, -9.611984363 ], [ -70.779359773, -9.609768219 ], [ -70.780464843, -9.612888799 ], [ -70.781803264999979, -9.612275264 ], [ -70.786341562999979, -9.614219003 ], [ -70.785528853, -9.617797042 ], [ -70.788197651, -9.620055445 ], [ -70.784260167999989, -9.621158196 ], [ -70.784048274, -9.622512168 ], [ -70.785367921, -9.623688956 ], [ -70.786373749, -9.622435478 ], [ -70.787291065, -9.624336848 ], [ -70.792588426999984, -9.626986584 ], [ -70.790359512, -9.631966021 ], [ -70.794296995, -9.634356548 ], [ -70.793092683, -9.638521419 ], [ -70.796576871999989, -9.637228331 ], [ -70.798601939999983, -9.641914098 ], [ -70.799988642, -9.642453539 ], [ -70.801549688, -9.641012384 ], [ -70.804703966, -9.644119453 ], [ -70.810009375, -9.640012827 ], [ -70.812755957, -9.639449583 ], [ -70.81426335899998, -9.643360538 ], [ -70.81775023, -9.641200131 ], [ -70.816792682, -9.643833868 ], [ -70.818069413, -9.64464038 ], [ -70.820722118, -9.642059535 ], [ -70.822497739999989, -9.642091267 ], [ -70.822484329, -9.64432042 ], [ -70.823787883, -9.644661535 ], [ -70.828690961, -9.642805232 ], [ -70.828087464, -9.645777427 ], [ -70.831544831, -9.64696471 ], [ -70.833891764, -9.644799038 ], [ -70.833803251, -9.64269946 ], [ -70.836321844999986, -9.642897783 ], [ -70.835141673999985, -9.646121184 ], [ -70.838515892, -9.65662677 ], [ -70.840752855, -9.657203206 ], [ -70.842311218, -9.655434232 ], [ -70.846790507, -9.658424824 ], [ -70.847184792, -9.655740961 ], [ -70.853536263, -9.65540779 ], [ -70.857288673, -9.657343349 ], [ -70.857345, -9.660032488 ], [ -70.863438979, -9.662184841 ], [ -70.865815416, -9.665484737 ], [ -70.869034067, -9.664723226 ], [ -70.871222749, -9.668567784 ], [ -70.869355932, -9.669591053 ], [ -70.871324673, -9.670471538 ], [ -70.871354176999986, -9.673467285 ], [ -70.87323977, -9.675059012 ], [ -70.875648393999981, -9.674162675 ], [ -70.87656571, -9.680151432 ], [ -70.8803664, -9.67996635 ], [ -70.880041852, -9.683948222 ], [ -70.881444648, -9.685042831 ], [ -70.880328849, -9.688051668 ], [ -70.889131859, -9.68957194 ], [ -70.888050929, -9.692020224 ], [ -70.892197624, -9.695594792 ], [ -70.893694296, -9.702061703 ], [ -70.897237493999981, -9.703045212 ], [ -70.898111895, -9.707542352 ], [ -70.896094873, -9.709065179 ], [ -70.89810653, -9.714379157 ], [ -70.89995189, -9.713255562 ], [ -70.902170077, -9.714783651 ], [ -70.90359433, -9.713810751 ], [ -70.903119579, -9.716242995 ], [ -70.906633273, -9.718796833 ], [ -70.905592576, -9.72073467 ], [ -70.909036531999988, -9.721276628 ], [ -70.908929244, -9.7249487 ], [ -70.911107197, -9.724515138 ], [ -70.912016465999983, -9.726238806 ], [ -70.914961532, -9.726534895 ], [ -70.914258793, -9.728596938 ], [ -70.917944147999989, -9.731875032 ], [ -70.920918718, -9.738026658 ], [ -70.924705997, -9.737661846 ], [ -70.922835156, -9.740141501 ], [ -70.9251955, -9.741939107 ], [ -70.935023114, -9.741272937 ], [ -70.937276169, -9.745143052 ], [ -70.943450615, -9.74193382 ], [ -70.950000568999982, -9.742404368 ], [ -70.948761388, -9.744476887 ], [ -70.949989839999986, -9.746078851 ], [ -70.952811524, -9.741954968 ], [ -70.954115078, -9.745306949 ], [ -70.957671687, -9.746760873 ], [ -70.961351677999986, -9.753052327 ], [ -70.962510392, -9.748114339 ], [ -70.963454529, -9.748204217 ], [ -70.965353533, -9.755119493 ], [ -70.967590496, -9.757006895 ], [ -70.97105591, -9.755679899 ], [ -70.97165136, -9.757022755 ], [ -70.969172999, -9.758508349 ], [ -70.972472116, -9.758021963 ], [ -70.975277706999989, -9.764598687 ], [ -70.980301484, -9.770871301 ], [ -70.980644807, -9.775586918 ], [ -70.982259497, -9.776078564 ], [ -70.980773553, -9.778018712 ], [ -70.986905083, -9.786307825 ], [ -70.986036046999985, -9.78904086 ], [ -70.988814816000016, -9.789606496 ], [ -70.988852367, -9.791039081 ], [ -70.99017201300002, -9.790283142 ], [ -70.991346821, -9.794506865 ], [ -70.992977604, -9.7947236 ], [ -70.990735277, -9.799756047 ], [ -70.992886408999979, -9.799872342 ], [ -70.992205128, -9.803102159 ], [ -70.994892701, -9.804920569 ], [ -70.992521629, -9.806823546 ], [ -70.993074164, -9.810090297 ], [ -70.991153702, -9.811575654 ], [ -70.994179234, -9.817205148 ], [ -70.997966513, -9.818447324 ], [ -71.010331496, -9.815989397 ], [ -71.01522921, -9.817617445 ], [ -71.019000395999981, -9.815413235 ], [ -71.021639689999986, -9.818907193 ], [ -71.028264746, -9.817110003 ], [ -71.031724796, -9.813922609 ], [ -71.039315447, -9.818944193 ], [ -71.042925699999984, -9.817717877 ], [ -71.043226108, -9.819139769 ], [ -71.050517693, -9.815567847 ], [ -71.057266131, -9.820208828 ], [ -71.057625691, -9.823472563 ], [ -71.059262522, -9.825029888 ], [ -71.065296665, -9.825616175 ], [ -71.067657009, -9.827793889 ], [ -71.073826089, -9.827566604 ], [ -71.074727312, -9.826282176 ], [ -71.077720096, -9.827740412 ] ] ] } }
]
}
