{
  "type": "FeatureCollection",
  "features": [
    {
      "type": "Feature",
      "properties": {
        "title": "13450000 - ASSIS BRASIL | Normal",
        "nome": "13450000 - ASSIS BRASIL",
        "sigla_pm": "",
        "tipo": "SGB",
        "categoria": "Estação hidrológica",
        "status": "Normal",
        "severity_group": "normal",
        "is_active": false,
        "bacia": "acre",
        "descricao": "Bacia: acre",
        "updated_at": "2026-10-08T16:58:00.555797+00:00",
        "link": "https://www.sgb.gov.br/sace/sace_nivel/api_estacoes_situacao.php"
      },
      "geometry": {
        "type": "Point",
        "coordinates": [
          -69.56556,
          -10.94361
        ]
      }
    },
    {
      "type": "Feature",
      "properties": {
        "title": "13470000 - BRASILÉIA | Normal",
        "nome": "13470000 - BRASILÉIA",
        "sigla_pm": "",
        "tipo": "SGB",
        "categoria": "Estação hidrológica",
        "status": "Normal",
        "severity_group": "normal",
        "is_active": false,
        "bacia": "acre",
        "descricao": "Bacia: acre",
        "updated_at": "2026-10-08T16:58:00.555843+00:00",
        "link": "https://www.sgb.gov.br/sace/sace_nivel/api_estacoes_situacao.php"
      },
      "geometry": {
        "type": "Point",
        "coordinates": [
          -68.75083,
          -11.01611
        ]
      }
    },
    {
      "type": "Feature",
      "properties": {
        "title": "13540000 - COLÔNIA DOLORES | Normal",
        "nome": "13540000 - COLÔNIA DOLORES",
        "sigla_pm": "",
        "tipo": "SGB",
        "categoria": "Estação hidrológica",
        "status": "Normal",
        "severity_group": "normal",
        "is_active": false,
        "bacia": "acre",
        "descricao": "Bacia: acre",
        "updated_at": "2026-10-08T16:58:00.555851+00:00",
        "link": "https://www.sgb.gov.br/sace/sace_nivel/api_estacoes_situacao.php"
      },
      "geometry": {
        "type": "Point",
        "coordinates": [
          -68.70444,
          -10.56055
        ]
      }
    },
    {
      "type": "Feature",
      "properties": {
        "title": "13550000 - XAPURI | Normal",
        "nome": "13550000 - XAPURI",
        "sigla_pm": "",
        "tipo": "SGB",
        "categoria": "Estação hidrológica",
        "status": "Normal",
        "severity_group": "normal",
        "is_active": false,
        "bacia": "acre",
        "descricao": "Bacia: acre",
        "updated_at": "2026-10-08T16:58:00.555858+00:00",
        "link": "https://www.sgb.gov.br/sace/sace_nivel/api_estacoes_situacao.php"
      },
      "geometry": {
        "type": "Point",
        "coordinates": [
          -68.50638,
          -10.64972
        ]
      }
    },
    {
      "type": "Feature",
      "properties": {
        "title": "13568000 - CAPIXABA | Normal",
        "nome": "13568000 - CAPIXABA",
        "sigla_pm": "",
        "tipo": "SGB",
        "categoria": "Estação hidrológica",
        "status": "Normal",
        "severity_group": "normal",
        "is_active": false,
        "bacia": "acre",
        "descricao": "Bacia: acre",
        "updated_at": "2026-10-08T16:58:00.555864+00:00",
        "link": "https://www.sgb.gov.br/sace/sace_nivel/api_estacoes_situacao.php"
      },
      "geometry": {
        "type": "Point",
        "coordinates": [
          -67.93527,
          -10.38861
        ]
      }
    },
    {
      "type": "Feature",
      "properties": {
        "title": "13572000 - ESPALHA | Normal",
        "nome": "13572000 - ESPALHA",
        "sigla_pm": "",
        "tipo": "SGB",
        "categoria": "Estação hidrológica",
        "status": "Normal",
        "severity_group": "normal",
        "is_active": false,
        "bacia": "acre",
        "descricao": "Bacia: acre",
        "updated_at": "2026-10-08T16:58:00.555870+00:00",
        "link": "https://www.sgb.gov.br/sace/sace_nivel/api_estacoes_situacao.php"
      },
      "geometry": {
        "type": "Point",
        "coordinates": [
          -68.52944,
          -10.005
        ]
      }
    },
    {
      "type": "Feature",
      "properties": {
        "title": "13578000 - RIO ROLA | Normal",
        "nome": "13578000 - RIO ROLA",
        "sigla_pm": "",
        "tipo": "SGB",
        "categoria": "Estação hidrológica",
        "status": "Normal",
        "severity_group": "normal",
        "is_active": false,
        "bacia": "acre",
        "descricao": "Bacia: acre",
        "updated_at": "2026-10-08T16:58:00.555874+00:00",
        "link": "https://www.sgb.gov.br/sace/sace_nivel/api_estacoes_situacao.php"
      },
      "geometry": {
        "type": "Point",
        "coordinates": [
          -67.96388,
          -10.05666
        ]
      }
    },
    {
      "type": "Feature",
      "properties": {
        "title": "13600002 - RIO BRANCO | Normal",
        "nome": "13600002 - RIO BRANCO",
        "sigla_pm": "",
        "tipo": "SGB",
        "categoria": "Estação hidrológica",
        "status": "Normal",
        "severity_group": "normal",
        "is_active": false,
        "bacia": "acre",
        "descricao": "Bacia: acre",
        "updated_at": "2026-10-08T16:58:00.555884+00:00",
        "link": "https://www.sgb.gov.br/sace/sace_nivel/api_estacoes_situacao.php"
      },
      "geometry": {
        "type": "Point",
        "coordinates": [
          -67.80083,
          -9.975
        ]
      }
    },
    {
      "type": "Feature",
      "properties": {
        "title": "Almeirim | Normal",
        "nome": "Almeirim",
        "sigla_pm": "",
        "tipo": "SGB",
        "categoria": "Estação hidrológica",
        "status": "Normal",
        "severity_group": "normal",
        "is_active": false,
        "bacia": "amazonas",
        "descricao": "Bacia: amazonas",
        "updated_at": "2026-10-08T16:58:00.555890+00:00",
        "link": "https://www.sgb.gov.br/sace/sace_nivel/api_estacoes_situacao.php"
      },
      "geometry": {
        "type": "Point",
        "coordinates": [
          -52.57694,
          -1.53277
        ]
      }
    },
    {
      "type": "Feature",
      "properties": {
        "title": "Bandeirantes | Normal",
        "nome": "Bandeirantes",
        "sigla_pm": "",
        "tipo": "SGB",
        "categoria": "Estação hidrológica",
        "status": "Normal",
        "severity_group": "normal",
        "is_active": false,
        "bacia": "amazonas",
        "descricao": "Bacia: amazonas",
        "updated_at": "2026-10-08T16:58:00.555895+00:00",
        "link": "https://www.sgb.gov.br/sace/sace_nivel/api_estacoes_situacao.php"
      },
      "geometry": {
        "type": "Point",
        "coordinates": [
          -50.8,
          -13.6897
        ]
      }
    },
    {
      "type": "Feature",
      "properties": {
        "title": "Barcelos | Normal",
        "nome": "Barcelos",
        "sigla_pm": "",
        "tipo": "SGB",
        "categoria": "Estação hidrológica",
        "status": "Normal",
        "severity_group": "normal",
        "is_active": false,
        "bacia": "amazonas",
        "descricao": "Bacia: amazonas",
        "updated_at": "2026-10-08T16:58:00.555899+00:00",
        "link": "https://www.sgb.gov.br/sace/sace_nivel/api_estacoes_situacao.php"
      },
      "geometry": {
        "type": "Point",
        "coordinates": [
          -62.93111,
          -0.96583
        ]
      }
    },
    {
      "type": "Feature",
      "properties": {
        "title": "Beruri | Normal",
        "nome": "Beruri",
        "sigla_pm": "",
        "tipo": "SGB",
        "categoria": "Estação hidrológica",
        "status": "Normal",
        "severity_group": "normal",
        "is_active": false,
        "bacia": "amazonas",
        "descricao": "Bacia: amazonas",
        "updated_at": "2026-10-08T16:58:00.555904+00:00",
        "link": "https://www.sgb.gov.br/sace/sace_nivel/api_estacoes_situacao.php"
      },
      "geometry": {
        "type": "Point",
        "coordinates": [
          -61.3742,
          -3.8989
        ]
      }
    },
    {
      "type": "Feature",
      "properties": {
        "title": "Boa Vista | Normal",
        "nome": "Boa Vista",
        "sigla_pm": "",
        "tipo": "SGB",
        "categoria": "Estação hidrológica",
        "status": "Normal",
        "severity_group": "normal",
        "is_active": false,
        "bacia": "amazonas",
        "descricao": "Bacia: amazonas",
        "updated_at": "2026-10-08T16:58:00.555911+00:00",
        "link": "https://www.sgb.gov.br/sace/sace_nivel/api_estacoes_situacao.php"
      },
      "geometry": {
        "type": "Point",
        "coordinates": [
          -60.65805,
          2.82611
        ]
      }
    },
    {
      "type": "Feature",
      "properties": {
        "title": "Caracarai | Normal",
        "nome": "Caracarai",
        "sigla_pm": "",
        "tipo": "SGB",
        "categoria": "Estação hidrológica",
        "status": "Normal",
        "severity_group": "normal",
        "is_active": false,
        "bacia": "amazonas",
        "descricao": "Bacia: amazonas",
        "updated_at": "2026-10-08T16:58:00.555915+00:00",
        "link": "https://www.sgb.gov.br/sace/sace_nivel/api_estacoes_situacao.php"
      },
      "geometry": {
        "type": "Point",
        "coordinates": [
          -61.12361,
          1.82138
        ]
      }
    },
    {
      "type": "Feature",
      "properties": {
        "title": "Cucuí | Normal",
        "nome": "Cucuí",
        "sigla_pm": "",
        "tipo": "SGB",
        "categoria": "Estação hidrológica",
        "status": "Normal",
        "severity_group": "normal",
        "is_active": false,
        "bacia": "amazonas",
        "descricao": "Bacia: amazonas",
        "updated_at": "2026-10-08T16:58:00.555920+00:00",
        "link": "https://www.sgb.gov.br/sace/sace_nivel/api_estacoes_situacao.php"
      },
      "geometry": {
        "type": "Point",
        "coordinates": [
          -66.8525,
          1.21527
        ]
      }
    },
    {
      "type": "Feature",
      "properties": {
        "title": "Curicuriari | Normal",
        "nome": "Curicuriari",
        "sigla_pm": "",
        "tipo": "SGB",
        "categoria": "Estação hidrológica",
        "status": "Normal",
        "severity_group": "normal",
        "is_active": false,
        "bacia": "amazonas",
        "descricao": "Bacia: amazonas",
        "updated_at": "2026-10-08T16:58:00.555926+00:00",
        "link": "https://www.sgb.gov.br/sace/sace_nivel/api_estacoes_situacao.php"
      },
      "geometry": {
        "type": "Point",
        "coordinates": [
          -66.80222,
          -0.20055
        ]
      }
    },
    {
      "type": "Feature",
      "properties": {
        "title": "Fonte Boa | Normal",
        "nome": "Fonte Boa",
        "sigla_pm": "",
        "tipo": "SGB",
        "categoria": "Estação hidrológica",
        "status": "Normal",
        "severity_group": "normal",
        "is_active": false,
        "bacia": "amazonas",
        "descricao": "Bacia: amazonas",
        "updated_at": "2026-10-08T16:58:00.555930+00:00",
        "link": "https://www.sgb.gov.br/sace/sace_nivel/api_estacoes_situacao.php"
      },
      "geometry": {
        "type": "Point",
        "coordinates": [
          -66.06166,
          -2.49138
        ]
      }
    },
    {
      "type": "Feature",
      "properties": {
        "title": "Itacoatiara | Normal",
        "nome": "Itacoatiara",
        "sigla_pm": "",
        "tipo": "SGB",
        "categoria": "Estação hidrológica",
        "status": "Normal",
        "severity_group": "normal",
        "is_active": false,
        "bacia": "amazonas",
        "descricao": "Bacia: amazonas",
        "updated_at": "2026-10-08T16:58:00.555934+00:00",
        "link": "https://www.sgb.gov.br/sace/sace_nivel/api_estacoes_situacao.php"
      },
      "geometry": {
        "type": "Point",
        "coordinates": [
          -58.483,
          -3.1347
        ]
      }
    },
    {
      "type": "Feature",
      "properties": {
        "title": "Itaituba | Normal",
        "nome": "Itaituba",
        "sigla_pm": "",
        "tipo": "SGB",
        "categoria": "Estação hidrológica",
        "status": "Normal",
        "severity_group": "normal",
        "is_active": false,
        "bacia": "amazonas",
        "descricao": "Bacia: amazonas",
        "updated_at": "2026-10-08T16:58:00.555939+00:00",
        "link": "https://www.sgb.gov.br/sace/sace_nivel/api_estacoes_situacao.php"
      },
      "geometry": {
        "type": "Point",
        "coordinates": [
          -55.9822,
          -4.2756
        ]
      }
    },
    {
      "type": "Feature",
      "properties": {
        "title": "Ji-Paraná | Normal",
        "nome": "Ji-Paraná",
        "sigla_pm": "",
        "tipo": "SGB",
        "categoria": "Estação hidrológica",
        "status": "Normal",
        "severity_group": "normal",
        "is_active": false,
        "bacia": "amazonas",
        "descricao": "Bacia: amazonas",
        "updated_at": "2026-10-08T16:58:00.555942+00:00",
        "link": "https://www.sgb.gov.br/sace/sace_nivel/api_estacoes_situacao.php"
      },
      "geometry": {
        "type": "Point",
        "coordinates": [
          -61.93,
          -10.87
        ]
      }
    },
    {
      "type": "Feature",
      "properties": {
        "title": "Macapá | Normal",
        "nome": "Macapá",
        "sigla_pm": "",
        "tipo": "SGB",
        "categoria": "Estação hidrológica",
        "status": "Normal",
        "severity_group": "normal",
        "is_active": false,
        "bacia": "amazonas",
        "descricao": "Bacia: amazonas",
        "updated_at": "2026-10-08T16:58:00.555946+00:00",
        "link": "https://www.sgb.gov.br/sace/sace_nivel/api_estacoes_situacao.php"
      },
      "geometry": {
        "type": "Point",
        "coordinates": [
          -51.04961,
          0.02081
        ]
      }
    },
    {
      "type": "Feature",
      "properties": {
        "title": "Manacapuru | Normal",
        "nome": "Manacapuru",
        "sigla_pm": "",
        "tipo": "SGB",
        "categoria": "Estação hidrológica",
        "status": "Normal",
        "severity_group": "normal",
        "is_active": false,
        "bacia": "amazonas",
        "descricao": "Bacia: amazonas",
        "updated_at": "2026-10-08T16:58:00.555950+00:00",
        "link": "https://www.sgb.gov.br/sace/sace_nivel/api_estacoes_situacao.php"
      },
      "geometry": {
        "type": "Point",
        "coordinates": [
          -60.60944,
          -3.31056
        ]
      }
    },
    {
      "type": "Feature",
      "properties": {
        "title": "Manaus | Normal",
        "nome": "Manaus",
        "sigla_pm": "",
        "tipo": "SGB",
        "categoria": "Estação hidrológica",
        "status": "Normal",
        "severity_group": "normal",
        "is_active": false,
        "bacia": "amazonas",
        "descricao": "Bacia: amazonas",
        "updated_at": "2026-10-08T16:58:00.555955+00:00",
        "link": "https://www.sgb.gov.br/sace/sace_nivel/api_estacoes_situacao.php"
      },
      "geometry": {
        "type": "Point",
        "coordinates": [
          -60.02694,
          -3.13667
        ]
      }
    },
    {
      "type": "Feature",
      "properties": {
        "title": "Pedra do Ó | Normal",
        "nome": "Pedra do Ó",
        "sigla_pm": "",
        "tipo": "SGB",
        "categoria": "Estação hidrológica",
        "status": "Normal",
        "severity_group": "normal",
        "is_active": false,
        "bacia": "amazonas",
        "descricao": "Bacia: amazonas",
        "updated_at": "2026-10-08T16:58:00.555959+00:00",
        "link": "https://www.sgb.gov.br/sace/sace_nivel/api_estacoes_situacao.php"
      },
      "geometry": {
        "type": "Point",
        "coordinates": [
          -54.0125,
          -4.5278
        ]
      }
    },
    {
      "type": "Feature",
      "properties": {
        "title": "Porto Velho | Normal",
        "nome": "Porto Velho",
        "sigla_pm": "",
        "tipo": "SGB",
        "categoria": "Estação hidrológica",
        "status": "Normal",
        "severity_group": "normal",
        "is_active": false,
        "bacia": "amazonas",
        "descricao": "Bacia: amazonas",
        "updated_at": "2026-10-08T16:58:00.555963+00:00",
        "link": "https://www.sgb.gov.br/sace/sace_nivel/api_estacoes_situacao.php"
      },
      "geometry": {
        "type": "Point",
        "coordinates": [
          -63.91694,
          -8.74833
        ]
      }
    },
    {
      "type": "Feature",
      "properties": {
        "title": "Porto de Moz | Normal",
        "nome": "Porto de Moz",
        "sigla_pm": "",
        "tipo": "SGB",
        "categoria": "Estação hidrológica",
        "status": "Normal",
        "severity_group": "normal",
        "is_active": false,
        "bacia": "amazonas",
        "descricao": "Bacia: amazonas",
        "updated_at": "2026-10-08T16:58:00.555967+00:00",
        "link": "https://www.sgb.gov.br/sace/sace_nivel/api_estacoes_situacao.php"
      },
      "geometry": {
        "type": "Point",
        "coordinates": [
          -52.24066,
          -1.75306
        ]
      }
    },
    {
      "type": "Feature",
      "properties": {
        "title": "Rio Branco | Normal",
        "nome": "Rio Branco",
        "sigla_pm": "",
        "tipo": "SGB",
        "categoria": "Estação hidrológica",
        "status": "Normal",
        "severity_group": "normal",
        "is_active": false,
        "bacia": "amazonas",
        "descricao": "Bacia: amazonas",
        "updated_at": "2026-10-08T16:58:00.555972+00:00",
        "link": "https://www.sgb.gov.br/sace/sace_nivel/api_estacoes_situacao.php"
      },
      "geometry": {
        "type": "Point",
        "coordinates": [
          -67.80083,
          -9.975
        ]
      }
    },
    {
      "type": "Feature",
      "properties": {
        "title": "Santarém | Normal",
        "nome": "Santarém",
        "sigla_pm": "",
        "tipo": "SGB",
        "categoria": "Estação hidrológica",
        "status": "Normal",
        "severity_group": "normal",
        "is_active": false,
        "bacia": "amazonas",
        "descricao": "Bacia: amazonas",
        "updated_at": "2026-10-08T16:58:00.555976+00:00",
        "link": "https://www.sgb.gov.br/sace/sace_nivel/api_estacoes_situacao.php"
      },
      "geometry": {
        "type": "Point",
        "coordinates": [
          -54.73778,
          -2.41361
        ]
      }
    },
    {
      "type": "Feature",
      "properties": {
        "title": "São Félix do Araguaia | Normal",
        "nome": "São Félix do Araguaia",
        "sigla_pm": "",
        "tipo": "SGB",
        "categoria": "Estação hidrológica",
        "status": "Normal",
        "severity_group": "normal",
        "is_active": false,
        "bacia": "amazonas",
        "descricao": "Bacia: amazonas",
        "updated_at": "2026-10-08T16:58:00.555982+00:00",
        "link": "https://www.sgb.gov.br/sace/sace_nivel/api_estacoes_situacao.php"
      },
      "geometry": {
        "type": "Point",
        "coordinates": [
          -50.6625,
          -11.6181
        ]
      }
    },
    {
      "type": "Feature",
      "properties": {
        "title": "Tabatinga | Normal",
        "nome": "Tabatinga",
        "sigla_pm": "",
        "tipo": "SGB",
        "categoria": "Estação hidrológica",
        "status": "Normal",
        "severity_group": "normal",
        "is_active": false,
        "bacia": "amazonas",
        "descricao": "Bacia: amazonas",
        "updated_at": "2026-10-08T16:58:00.555985+00:00",
        "link": "https://www.sgb.gov.br/sace/sace_nivel/api_estacoes_situacao.php"
      },
      "geometry": {
        "type": "Point",
        "coordinates": [
          -69.9447,
          -4.23472
        ]
      }
    },
    {
      "type": "Feature",
      "properties": {
        "title": "Óbidos | Normal",
        "nome": "Óbidos",
        "sigla_pm": "",
        "tipo": "SGB",
        "categoria": "Estação hidrológica",
        "status": "Normal",
        "severity_group": "normal",
        "is_active": false,
        "bacia": "amazonas",
        "descricao": "Bacia: amazonas",
        "updated_at": "2026-10-08T16:58:00.555989+00:00",
        "link": "https://www.sgb.gov.br/sace/sace_nivel/api_estacoes_situacao.php"
      },
      "geometry": {
        "type": "Point",
        "coordinates": [
          -55.51306,
          -1.91917
        ]
      }
    },
    {
      "type": "Feature",
      "properties": {
        "title": "Araguacema (27320000) | Normal",
        "nome": "Araguacema (27320000)",
        "sigla_pm": "",
        "tipo": "SGB",
        "categoria": "Estação hidrológica",
        "status": "Normal",
        "severity_group": "normal",
        "is_active": false,
        "bacia": "araguaia",
        "descricao": "Bacia: araguaia",
        "updated_at": "2026-10-08T16:58:00.555993+00:00",
        "link": "https://www.sgb.gov.br/sace/sace_nivel/api_estacoes_situacao.php"
      },
      "geometry": {
        "type": "Point",
        "coordinates": [
          -49.5555,
          -8.8028
        ]
      }
    },
    {
      "type": "Feature",
      "properties": {
        "title": "Araguaiana (24850000) | Normal",
        "nome": "Araguaiana (24850000)",
        "sigla_pm": "",
        "tipo": "SGB",
        "categoria": "Estação hidrológica",
        "status": "Normal",
        "severity_group": "normal",
        "is_active": false,
        "bacia": "araguaia",
        "descricao": "Bacia: araguaia",
        "updated_at": "2026-10-08T16:58:00.555998+00:00",
        "link": "https://www.sgb.gov.br/sace/sace_nivel/api_estacoes_situacao.php"
      },
      "geometry": {
        "type": "Point",
        "coordinates": [
          -51.8281,
          -15.7381
        ]
      }
    },
    {
      "type": "Feature",
      "properties": {
        "title": "Araguatins (28850000) | Normal",
        "nome": "Araguatins (28850000)",
        "sigla_pm": "",
        "tipo": "SGB",
        "categoria": "Estação hidrológica",
        "status": "Normal",
        "severity_group": "normal",
        "is_active": false,
        "bacia": "araguaia",
        "descricao": "Bacia: araguaia",
        "updated_at": "2026-10-08T16:58:00.556002+00:00",
        "link": "https://www.sgb.gov.br/sace/sace_nivel/api_estacoes_situacao.php"
      },
      "geometry": {
        "type": "Point",
        "coordinates": [
          -48.1297,
          -5.6344
        ]
      }
    },
    {
      "type": "Feature",
      "properties": {
        "title": "Aruanã (25200000) | Normal",
        "nome": "Aruanã (25200000)",
        "sigla_pm": "",
        "tipo": "SGB",
        "categoria": "Estação hidrológica",
        "status": "Normal",
        "severity_group": "normal",
        "is_active": false,
        "bacia": "araguaia",
        "descricao": "Bacia: araguaia",
        "updated_at": "2026-10-08T16:58:00.556006+00:00",
        "link": "https://www.sgb.gov.br/sace/sace_nivel/api_estacoes_situacao.php"
      },
      "geometry": {
        "type": "Point",
        "coordinates": [
          -51.0822,
          -14.9122
        ]
      }
    },
    {
      "type": "Feature",
      "properties": {
        "title": "Bandeirantes (25700000) | Normal",
        "nome": "Bandeirantes (25700000)",
        "sigla_pm": "",
        "tipo": "SGB",
        "categoria": "Estação hidrológica",
        "status": "Normal",
        "severity_group": "normal",
        "is_active": false,
        "bacia": "araguaia",
        "descricao": "Bacia: araguaia",
        "updated_at": "2026-10-08T16:58:00.556010+00:00",
        "link": "https://www.sgb.gov.br/sace/sace_nivel/api_estacoes_situacao.php"
      },
      "geometry": {
        "type": "Point",
        "coordinates": [
          -50.8013,
          -13.69
        ]
      }
    },
    {
      "type": "Feature",
      "properties": {
        "title": "Barra do Garças (24700000) | Normal",
        "nome": "Barra do Garças (24700000)",
        "sigla_pm": "",
        "tipo": "SGB",
        "categoria": "Estação hidrológica",
        "status": "Normal",
        "severity_group": "normal",
        "is_active": false,
        "bacia": "araguaia",
        "descricao": "Bacia: araguaia",
        "updated_at": "2026-10-08T16:58:00.556014+00:00",
        "link": "https://www.sgb.gov.br/sace/sace_nivel/api_estacoes_situacao.php"
      },
      "geometry": {
        "type": "Point",
        "coordinates": [
          -52.228,
          -15.8916
        ]
      }
    },
    {
      "type": "Feature",
      "properties": {
        "title": "Conceição do Araguaia (27500000) | Normal",
        "nome": "Conceição do Araguaia (27500000)",
        "sigla_pm": "",
        "tipo": "SGB",
        "categoria": "Estação hidrológica",
        "status": "Normal",
        "severity_group": "normal",
        "is_active": false,
        "bacia": "araguaia",
        "descricao": "Bacia: araguaia",
        "updated_at": "2026-10-08T16:58:00.556021+00:00",
        "link": "https://www.sgb.gov.br/sace/sace_nivel/api_estacoes_situacao.php"
      },
      "geometry": {
        "type": "Point",
        "coordinates": [
          -49.2594,
          -8.2694
        ]
      }
    },
    {
      "type": "Feature",
      "properties": {
        "title": "Descarreto (23700000) | Normal",
        "nome": "Descarreto (23700000)",
        "sigla_pm": "",
        "tipo": "SGB",
        "categoria": "Estação hidrológica",
        "status": "Normal",
        "severity_group": "normal",
        "is_active": false,
        "bacia": "araguaia",
        "descricao": "Bacia: araguaia",
        "updated_at": "2026-10-08T16:58:00.556025+00:00",
        "link": "https://www.sgb.gov.br/sace/sace_nivel/api_estacoes_situacao.php"
      },
      "geometry": {
        "type": "Point",
        "coordinates": [
          -47.4689,
          -5.7894
        ]
      }
    },
    {
      "type": "Feature",
      "properties": {
        "title": "Itupiranga (29200000) | Normal",
        "nome": "Itupiranga (29200000)",
        "sigla_pm": "",
        "tipo": "SGB",
        "categoria": "Estação hidrológica",
        "status": "Normal",
        "severity_group": "normal",
        "is_active": false,
        "bacia": "araguaia",
        "descricao": "Bacia: araguaia",
        "updated_at": "2026-10-08T16:58:00.556029+00:00",
        "link": "https://www.sgb.gov.br/sace/sace_nivel/api_estacoes_situacao.php"
      },
      "geometry": {
        "type": "Point",
        "coordinates": [
          -49.324,
          -5.128
        ]
      }
    },
    {
      "type": "Feature",
      "properties": {
        "title": "Marabá (29050000) | Normal",
        "nome": "Marabá (29050000)",
        "sigla_pm": "",
        "tipo": "SGB",
        "categoria": "Estação hidrológica",
        "status": "Normal",
        "severity_group": "normal",
        "is_active": false,
        "bacia": "araguaia",
        "descricao": "Bacia: araguaia",
        "updated_at": "2026-10-08T16:58:00.556032+00:00",
        "link": "https://www.sgb.gov.br/sace/sace_nivel/api_estacoes_situacao.php"
      },
      "geometry": {
        "type": "Point",
        "coordinates": [
          -49.124,
          -5.338
        ]
      }
    },
    {
      "type": "Feature",
      "properties": {
        "title": "São Félix do Araguaia (26350000) | Normal",
        "nome": "São Félix do Araguaia (26350000)",
        "sigla_pm": "",
        "tipo": "SGB",
        "categoria": "Estação hidrológica",
        "status": "Normal",
        "severity_group": "normal",
        "is_active": false,
        "bacia": "araguaia",
        "descricao": "Bacia: araguaia",
        "updated_at": "2026-10-08T16:58:00.556036+00:00",
        "link": "https://www.sgb.gov.br/sace/sace_nivel/api_estacoes_situacao.php"
      },
      "geometry": {
        "type": "Point",
        "coordinates": [
          -50.6625,
          -11.6181
        ]
      }
    },
    {
      "type": "Feature",
      "properties": {
        "title": "Xambioá (28300000) | Normal",
        "nome": "Xambioá (28300000)",
        "sigla_pm": "",
        "tipo": "SGB",
        "categoria": "Estação hidrológica",
        "status": "Normal",
        "severity_group": "normal",
        "is_active": false,
        "bacia": "araguaia",
        "descricao": "Bacia: araguaia",
        "updated_at": "2026-10-08T16:58:00.556042+00:00",
        "link": "https://www.sgb.gov.br/sace/sace_nivel/api_estacoes_situacao.php"
      },
      "geometry": {
        "type": "Point",
        "coordinates": [
          -48.536,
          -6.413
        ]
      }
    },
    {
      "type": "Feature",
      "properties": {
        "title": "BOA VISTA | Normal",
        "nome": "BOA VISTA",
        "sigla_pm": "",
        "tipo": "SGB",
        "categoria": "Estação hidrológica",
        "status": "Normal",
        "severity_group": "normal",
        "is_active": false,
        "bacia": "branco",
        "descricao": "Bacia: branco",
        "updated_at": "2026-10-08T16:58:00.556116+00:00",
        "link": "https://www.sgb.gov.br/sace/sace_nivel/api_estacoes_situacao.php"
      },
      "geometry": {
        "type": "Point",
        "coordinates": [
          -60.65806,
          2.82611
        ]
      }
    },
    {
      "type": "Feature",
      "properties": {
        "title": "Caracaraí | Normal",
        "nome": "Caracaraí",
        "sigla_pm": "",
        "tipo": "SGB",
        "categoria": "Estação hidrológica",
        "status": "Normal",
        "severity_group": "normal",
        "is_active": false,
        "bacia": "branco",
        "descricao": "Bacia: branco",
        "updated_at": "2026-10-08T16:58:00.556122+00:00",
        "link": "https://www.sgb.gov.br/sace/sace_nivel/api_estacoes_situacao.php"
      },
      "geometry": {
        "type": "Point",
        "coordinates": [
          -61.12361,
          1.82139
        ]
      }
    },
    {
      "type": "Feature",
      "properties": {
        "title": "Fazenda Bandeira Branca | Normal",
        "nome": "Fazenda Bandeira Branca",
        "sigla_pm": "",
        "tipo": "SGB",
        "categoria": "Estação hidrológica",
        "status": "Normal",
        "severity_group": "normal",
        "is_active": false,
        "bacia": "branco",
        "descricao": "Bacia: branco",
        "updated_at": "2026-10-08T16:58:00.556125+00:00",
        "link": "https://www.sgb.gov.br/sace/sace_nivel/api_estacoes_situacao.php"
      },
      "geometry": {
        "type": "Point",
        "coordinates": [
          -60.43722,
          4.63055
        ]
      }
    },
    {
      "type": "Feature",
      "properties": {
        "title": "Fazenda Cajupiranga | Normal",
        "nome": "Fazenda Cajupiranga",
        "sigla_pm": "",
        "tipo": "SGB",
        "categoria": "Estação hidrológica",
        "status": "Normal",
        "severity_group": "normal",
        "is_active": false,
        "bacia": "branco",
        "descricao": "Bacia: branco",
        "updated_at": "2026-10-08T16:58:00.556129+00:00",
        "link": "https://www.sgb.gov.br/sace/sace_nivel/api_estacoes_situacao.php"
      },
      "geometry": {
        "type": "Point",
        "coordinates": [
          -61.03666,
          3.43805
        ]
      }
    },
    {
      "type": "Feature",
      "properties": {
        "title": "Fazenda Paraíso | Normal",
        "nome": "Fazenda Paraíso",
        "sigla_pm": "",
        "tipo": "SGB",
        "categoria": "Estação hidrológica",
        "status": "Normal",
        "severity_group": "normal",
        "is_active": false,
        "bacia": "branco",
        "descricao": "Bacia: branco",
        "updated_at": "2026-10-08T16:58:00.556135+00:00",
        "link": "https://www.sgb.gov.br/sace/sace_nivel/api_estacoes_situacao.php"
      },
      "geometry": {
        "type": "Point",
        "coordinates": [
          -60.34472,
          3.31778
        ]
      }
    },
    {
      "type": "Feature",
      "properties": {
        "title": "Fazenda Passarão | Normal",
        "nome": "Fazenda Passarão",
        "sigla_pm": "",
        "tipo": "SGB",
        "categoria": "Estação hidrológica",
        "status": "Normal",
        "severity_group": "normal",
        "is_active": false,
        "bacia": "branco",
        "descricao": "Bacia: branco",
        "updated_at": "2026-10-08T16:58:00.556139+00:00",
        "link": "https://www.sgb.gov.br/sace/sace_nivel/api_estacoes_situacao.php"
      },
      "geometry": {
        "type": "Point",
        "coordinates": [
          -60.57111,
          3.20777
        ]
      }
    },
    {
      "type": "Feature",
      "properties": {
        "title": "Fé e Esperança | Normal",
        "nome": "Fé e Esperança",
        "sigla_pm": "",
        "tipo": "SGB",
        "categoria": "Estação hidrológica",
        "status": "Normal",
        "severity_group": "normal",
        "is_active": false,
        "bacia": "branco",
        "descricao": "Bacia: branco",
        "updated_at": "2026-10-08T16:58:00.556143+00:00",
        "link": "https://www.sgb.gov.br/sace/sace_nivel/api_estacoes_situacao.php"
      },
      "geometry": {
        "type": "Point",
        "coordinates": [
          -61.44055,
          2.87083
        ]
      }
    },
    {
      "type": "Feature",
      "properties": {
        "title": "Maracá | Normal",
        "nome": "Maracá",
        "sigla_pm": "",
        "tipo": "SGB",
        "categoria": "Estação hidrológica",
        "status": "Normal",
        "severity_group": "normal",
        "is_active": false,
        "bacia": "branco",
        "descricao": "Bacia: branco",
        "updated_at": "2026-10-08T16:58:00.556147+00:00",
        "link": "https://www.sgb.gov.br/sace/sace_nivel/api_estacoes_situacao.php"
      },
      "geometry": {
        "type": "Point",
        "coordinates": [
          -61.4222,
          3.3528
        ]
      }
    },
    {
      "type": "Feature",
      "properties": {
        "title": "Mucajaí | Normal",
        "nome": "Mucajaí",
        "sigla_pm": "",
        "tipo": "SGB",
        "categoria": "Estação hidrológica",
        "status": "Normal",
        "severity_group": "normal",
        "is_active": false,
        "bacia": "branco",
        "descricao": "Bacia: branco",
        "updated_at": "2026-10-08T16:58:00.556150+00:00",
        "link": "https://www.sgb.gov.br/sace/sace_nivel/api_estacoes_situacao.php"
      },
      "geometry": {
        "type": "Point",
        "coordinates": [
          -60.91778,
          2.47139
        ]
      }
    },
    {
      "type": "Feature",
      "properties": {
        "title": "Ponte do Tacutu | Normal",
        "nome": "Ponte do Tacutu",
        "sigla_pm": "",
        "tipo": "SGB",
        "categoria": "Estação hidrológica",
        "status": "Normal",
        "severity_group": "normal",
        "is_active": false,
        "bacia": "branco",
        "descricao": "Bacia: branco",
        "updated_at": "2026-10-08T16:58:00.556156+00:00",
        "link": "https://www.sgb.gov.br/sace/sace_nivel/api_estacoes_situacao.php"
      },
      "geometry": {
        "type": "Point",
        "coordinates": [
          -59.88831,
          3.57103
        ]
      }
    },
    {
      "type": "Feature",
      "properties": {
        "title": "Vila Surumu | Normal",
        "nome": "Vila Surumu",
        "sigla_pm": "",
        "tipo": "SGB",
        "categoria": "Estação hidrológica",
        "status": "Normal",
        "severity_group": "normal",
        "is_active": false,
        "bacia": "branco",
        "descricao": "Bacia: branco",
        "updated_at": "2026-10-08T16:58:00.556160+00:00",
        "link": "https://www.sgb.gov.br/sace/sace_nivel/api_estacoes_situacao.php"
      },
      "geometry": {
        "type": "Point",
        "coordinates": [
          -60.7939,
          4.1961
        ]
      }
    },
    {
      "type": "Feature",
      "properties": {
        "title": "Barca do Caí - WEB | Normal",
        "nome": "Barca do Caí - WEB",
        "sigla_pm": "",
        "tipo": "SGB",
        "categoria": "Estação hidrológica",
        "status": "Normal",
        "severity_group": "normal",
        "is_active": false,
        "bacia": "cai",
        "descricao": "Bacia: cai",
        "updated_at": "2026-10-08T16:58:00.556163+00:00",
        "link": "https://www.sgb.gov.br/sace/sace_nivel/api_estacoes_situacao.php"
      },
      "geometry": {
        "type": "Point",
        "coordinates": [
          -51.38353,
          -29.59013
        ]
      }
    },
    {
      "type": "Feature",
      "properties": {
        "title": "Bom Princípio - WEB | Normal",
        "nome": "Bom Princípio - WEB",
        "sigla_pm": "",
        "tipo": "SGB",
        "categoria": "Estação hidrológica",
        "status": "Normal",
        "severity_group": "normal",
        "is_active": false,
        "bacia": "cai",
        "descricao": "Bacia: cai",
        "updated_at": "2026-10-08T16:58:00.556167+00:00",
        "link": "https://www.sgb.gov.br/sace/sace_nivel/api_estacoes_situacao.php"
      },
      "geometry": {
        "type": "Point",
        "coordinates": [
          -51.3556,
          -29.5072
        ]
      }
    },
    {
      "type": "Feature",
      "properties": {
        "title": "Capão dos Coxos - WEB | Normal",
        "nome": "Capão dos Coxos - WEB",
        "sigla_pm": "",
        "tipo": "SGB",
        "categoria": "Estação hidrológica",
        "status": "Normal",
        "severity_group": "normal",
        "is_active": false,
        "bacia": "cai",
        "descricao": "Bacia: cai",
        "updated_at": "2026-10-08T16:58:00.556171+00:00",
        "link": "https://www.sgb.gov.br/sace/sace_nivel/api_estacoes_situacao.php"
      },
      "geometry": {
        "type": "Point",
        "coordinates": [
          -50.58437,
          -29.40881
        ]
      }
    },
    {
      "type": "Feature",
      "properties": {
        "title": "Costa do Rio Cadeia - WEB | Normal",
        "nome": "Costa do Rio Cadeia - WEB",
        "sigla_pm": "",
        "tipo": "SGB",
        "categoria": "Estação hidrológica",
        "status": "Normal",
        "severity_group": "normal",
        "is_active": false,
        "bacia": "cai",
        "descricao": "Bacia: cai",
        "updated_at": "2026-10-08T16:58:00.556174+00:00",
        "link": "https://www.sgb.gov.br/sace/sace_nivel/api_estacoes_situacao.php"
      },
      "geometry": {
        "type": "Point",
        "coordinates": [
          -51.3137,
          -29.58993
        ]
      }
    },
    {
      "type": "Feature",
      "properties": {
        "title": "Feliz - WEB | Normal",
        "nome": "Feliz - WEB",
        "sigla_pm": "",
        "tipo": "SGB",
        "categoria": "Estação hidrológica",
        "status": "Normal",
        "severity_group": "normal",
        "is_active": false,
        "bacia": "cai",
        "descricao": "Bacia: cai",
        "updated_at": "2026-10-08T16:58:00.556180+00:00",
        "link": "https://www.sgb.gov.br/sace/sace_nivel/api_estacoes_situacao.php"
      },
      "geometry": {
        "type": "Point",
        "coordinates": [
          -51.30632,
          -29.45547
        ]
      }
    },
    {
      "type": "Feature",
      "properties": {
        "title": "Linha Gonzaga - WEB | Normal",
        "nome": "Linha Gonzaga - WEB",
        "sigla_pm": "",
        "tipo": "SGB",
        "categoria": "Estação hidrológica",
        "status": "Normal",
        "severity_group": "normal",
        "is_active": false,
        "bacia": "cai",
        "descricao": "Bacia: cai",
        "updated_at": "2026-10-08T16:58:00.556185+00:00",
        "link": "https://www.sgb.gov.br/sace/sace_nivel/api_estacoes_situacao.php"
      },
      "geometry": {
        "type": "Point",
        "coordinates": [
          -50.99667,
          -29.30556
        ]
      }
    },
    {
      "type": "Feature",
      "properties": {
        "title": "Morro Reuter - WEB | Normal",
        "nome": "Morro Reuter - WEB",
        "sigla_pm": "",
        "tipo": "SGB",
        "categoria": "Estação hidrológica",
        "status": "Normal",
        "severity_group": "normal",
        "is_active": false,
        "bacia": "cai",
        "descricao": "Bacia: cai",
        "updated_at": "2026-10-08T16:58:00.556189+00:00",
        "link": "https://www.sgb.gov.br/sace/sace_nivel/api_estacoes_situacao.php"
      },
      "geometry": {
        "type": "Point",
        "coordinates": [
          -51.0367,
          -29.52901
        ]
      }
    },
    {
      "type": "Feature",
      "properties": {
        "title": "Nova Palmira - WEB | Normal",
        "nome": "Nova Palmira - WEB",
        "sigla_pm": "",
        "tipo": "SGB",
        "categoria": "Estação hidrológica",
        "status": "Normal",
        "severity_group": "normal",
        "is_active": false,
        "bacia": "cai",
        "descricao": "Bacia: cai",
        "updated_at": "2026-10-08T16:58:00.556192+00:00",
        "link": "https://www.sgb.gov.br/sace/sace_nivel/api_estacoes_situacao.php"
      },
      "geometry": {
        "type": "Point",
        "coordinates": [
          -51.18888,
          -29.33534
        ]
      }
    },
    {
      "type": "Feature",
      "properties": {
        "title": "Passo Montenegro - WEB | Normal",
        "nome": "Passo Montenegro - WEB",
        "sigla_pm": "",
        "tipo": "SGB",
        "categoria": "Estação hidrológica",
        "status": "Normal",
        "severity_group": "normal",
        "is_active": false,
        "bacia": "cai",
        "descricao": "Bacia: cai",
        "updated_at": "2026-10-08T16:58:00.556198+00:00",
        "link": "https://www.sgb.gov.br/sace/sace_nivel/api_estacoes_situacao.php"
      },
      "geometry": {
        "type": "Point",
        "coordinates": [
          -51.4402,
          -29.70109
        ]
      }
    },
    {
      "type": "Feature",
      "properties": {
        "title": "Passo do Caí - WEB | Normal",
        "nome": "Passo do Caí - WEB",
        "sigla_pm": "",
        "tipo": "SGB",
        "categoria": "Estação hidrológica",
        "status": "Normal",
        "severity_group": "normal",
        "is_active": false,
        "bacia": "cai",
        "descricao": "Bacia: cai",
        "updated_at": "2026-10-08T16:58:00.556201+00:00",
        "link": "https://www.sgb.gov.br/sace/sace_nivel/api_estacoes_situacao.php"
      },
      "geometry": {
        "type": "Point",
        "coordinates": [
          -51.36369,
          -29.86464
        ]
      }
    },
    {
      "type": "Feature",
      "properties": {
        "title": "Picada Café | Normal",
        "nome": "Picada Café",
        "sigla_pm": "",
        "tipo": "SGB",
        "categoria": "Estação hidrológica",
        "status": "Normal",
        "severity_group": "normal",
        "is_active": false,
        "bacia": "cai",
        "descricao": "Bacia: cai",
        "updated_at": "2026-10-08T16:58:00.556205+00:00",
        "link": "https://www.sgb.gov.br/sace/sace_nivel/api_estacoes_situacao.php"
      },
      "geometry": {
        "type": "Point",
        "coordinates": [
          -51.14,
          -29.4619
        ]
      }
    },
    {
      "type": "Feature",
      "properties": {
        "title": "São Vendelino - WEB | Normal",
        "nome": "São Vendelino - WEB",
        "sigla_pm": "",
        "tipo": "SGB",
        "categoria": "Estação hidrológica",
        "status": "Normal",
        "severity_group": "normal",
        "is_active": false,
        "bacia": "cai",
        "descricao": "Bacia: cai",
        "updated_at": "2026-10-08T16:58:00.556209+00:00",
        "link": "https://www.sgb.gov.br/sace/sace_nivel/api_estacoes_situacao.php"
      },
      "geometry": {
        "type": "Point",
        "coordinates": [
          -51.36889,
          -29.38278
        ]
      }
    },
    {
      "type": "Feature",
      "properties": {
        "title": "Vale Real - WEB | Normal",
        "nome": "Vale Real - WEB",
        "sigla_pm": "",
        "tipo": "SGB",
        "categoria": "Estação hidrológica",
        "status": "Normal",
        "severity_group": "normal",
        "is_active": false,
        "bacia": "cai",
        "descricao": "Bacia: cai",
        "updated_at": "2026-10-08T16:58:00.556213+00:00",
        "link": "https://www.sgb.gov.br/sace/sace_nivel/api_estacoes_situacao.php"
      },
      "geometry": {
        "type": "Point",
        "coordinates": [
          -51.25363,
          -29.39994
        ]
      }
    },
    {
      "type": "Feature",
      "properties": {
        "title": "Belo Oriente | Normal",
        "nome": "Belo Oriente",
        "sigla_pm": "",
        "tipo": "SGB",
        "categoria": "Estação hidrológica",
        "status": "Normal",
        "severity_group": "normal",
        "is_active": false,
        "bacia": "doce",
        "descricao": "Bacia: doce",
        "updated_at": "2026-10-08T16:58:00.556217+00:00",
        "link": "https://www.sgb.gov.br/sace/sace_nivel/api_estacoes_situacao.php"
      },
      "geometry": {
        "type": "Point",
        "coordinates": [
          -42.37083,
          -19.32972
        ]
      }
    },
    {
      "type": "Feature",
      "properties": {
        "title": "Cachoeira dos Óculos | Normal",
        "nome": "Cachoeira dos Óculos",
        "sigla_pm": "",
        "tipo": "SGB",
        "categoria": "Estação hidrológica",
        "status": "Normal",
        "severity_group": "normal",
        "is_active": false,
        "bacia": "doce",
        "descricao": "Bacia: doce",
        "updated_at": "2026-10-08T16:58:00.556220+00:00",
        "link": "https://www.sgb.gov.br/sace/sace_nivel/api_estacoes_situacao.php"
      },
      "geometry": {
        "type": "Point",
        "coordinates": [
          -42.4825,
          -19.7875
        ]
      }
    },
    {
      "type": "Feature",
      "properties": {
        "title": "Colatina | Normal",
        "nome": "Colatina",
        "sigla_pm": "",
        "tipo": "SGB",
        "categoria": "Estação hidrológica",
        "status": "Normal",
        "severity_group": "normal",
        "is_active": false,
        "bacia": "doce",
        "descricao": "Bacia: doce",
        "updated_at": "2026-10-08T16:58:00.556226+00:00",
        "link": "https://www.sgb.gov.br/sace/sace_nivel/api_estacoes_situacao.php"
      },
      "geometry": {
        "type": "Point",
        "coordinates": [
          -40.60556,
          -19.50917
        ]
      }
    },
    {
      "type": "Feature",
      "properties": {
        "title": "Governador Valadares | Sem Informação",
        "nome": "Governador Valadares",
        "sigla_pm": "",
        "tipo": "SGB",
        "categoria": "Estação hidrológica",
        "status": "Sem Informação",
        "severity_group": "outro",
        "is_active": false,
        "bacia": "doce",
        "descricao": "Bacia: doce",
        "updated_at": "2026-10-08T16:58:00.556234+00:00",
        "link": "https://www.sgb.gov.br/sace/sace_nivel/api_estacoes_situacao.php"
      },
      "geometry": {
        "type": "Point",
        "coordinates": [
          -41.95083,
          -18.88333
        ]
      }
    },
    {
      "type": "Feature",
      "properties": {
        "title": "Linhares | Sem Informação",
        "nome": "Linhares",
        "sigla_pm": "",
        "tipo": "SGB",
        "categoria": "Estação hidrológica",
        "status": "Sem Informação",
        "severity_group": "outro",
        "is_active": false,
        "bacia": "doce",
        "descricao": "Bacia: doce",
        "updated_at": "2026-10-08T16:58:00.556242+00:00",
        "link": "https://www.sgb.gov.br/sace/sace_nivel/api_estacoes_situacao.php"
      },
      "geometry": {
        "type": "Point",
        "coordinates": [
          -40.07556,
          -19.41528
        ]
      }
    },
    {
      "type": "Feature",
      "properties": {
        "title": "Mário de Carvalho | Normal",
        "nome": "Mário de Carvalho",
        "sigla_pm": "",
        "tipo": "SGB",
        "categoria": "Estação hidrológica",
        "status": "Normal",
        "severity_group": "normal",
        "is_active": false,
        "bacia": "doce",
        "descricao": "Bacia: doce",
        "updated_at": "2026-10-08T16:58:00.556248+00:00",
        "link": "https://www.sgb.gov.br/sace/sace_nivel/api_estacoes_situacao.php"
      },
      "geometry": {
        "type": "Point",
        "coordinates": [
          -42.64417,
          -19.525
        ]
      }
    },
    {
      "type": "Feature",
      "properties": {
        "title": "Naque Velho | Normal",
        "nome": "Naque Velho",
        "sigla_pm": "",
        "tipo": "SGB",
        "categoria": "Estação hidrológica",
        "status": "Normal",
        "severity_group": "normal",
        "is_active": false,
        "bacia": "doce",
        "descricao": "Bacia: doce",
        "updated_at": "2026-10-08T16:58:00.556252+00:00",
        "link": "https://www.sgb.gov.br/sace/sace_nivel/api_estacoes_situacao.php"
      },
      "geometry": {
        "type": "Point",
        "coordinates": [
          -42.42306,
          -19.18861
        ]
      }
    },
    {
      "type": "Feature",
      "properties": {
        "title": "Nova Era Telemétrica | Normal",
        "nome": "Nova Era Telemétrica",
        "sigla_pm": "",
        "tipo": "SGB",
        "categoria": "Estação hidrológica",
        "status": "Normal",
        "severity_group": "normal",
        "is_active": false,
        "bacia": "doce",
        "descricao": "Bacia: doce",
        "updated_at": "2026-10-08T16:58:00.556256+00:00",
        "link": "https://www.sgb.gov.br/sace/sace_nivel/api_estacoes_situacao.php"
      },
      "geometry": {
        "type": "Point",
        "coordinates": [
          -43.02611,
          -19.76667
        ]
      }
    },
    {
      "type": "Feature",
      "properties": {
        "title": "Ponte Nova | Normal",
        "nome": "Ponte Nova",
        "sigla_pm": "",
        "tipo": "SGB",
        "categoria": "Estação hidrológica",
        "status": "Normal",
        "severity_group": "normal",
        "is_active": false,
        "bacia": "doce",
        "descricao": "Bacia: doce",
        "updated_at": "2026-10-08T16:58:00.556262+00:00",
        "link": "https://www.sgb.gov.br/sace/sace_nivel/api_estacoes_situacao.php"
      },
      "geometry": {
        "type": "Point",
        "coordinates": [
          -42.9,
          -20.38361
        ]
      }
    },
    {
      "type": "Feature",
      "properties": {
        "title": "Rio Piracicaba | Normal",
        "nome": "Rio Piracicaba",
        "sigla_pm": "",
        "tipo": "SGB",
        "categoria": "Estação hidrológica",
        "status": "Normal",
        "severity_group": "normal",
        "is_active": false,
        "bacia": "doce",
        "descricao": "Bacia: doce",
        "updated_at": "2026-10-08T16:58:00.556266+00:00",
        "link": "https://www.sgb.gov.br/sace/sace_nivel/api_estacoes_situacao.php"
      },
      "geometry": {
        "type": "Point",
        "coordinates": [
          -43.17278,
          -19.93056
        ]
      }
    },
    {
      "type": "Feature",
      "properties": {
        "title": "Tumiritinga | Normal",
        "nome": "Tumiritinga",
        "sigla_pm": "",
        "tipo": "SGB",
        "categoria": "Estação hidrológica",
        "status": "Normal",
        "severity_group": "normal",
        "is_active": false,
        "bacia": "doce",
        "descricao": "Bacia: doce",
        "updated_at": "2026-10-08T16:58:00.556269+00:00",
        "link": "https://www.sgb.gov.br/sace/sace_nivel/api_estacoes_situacao.php"
      },
      "geometry": {
        "type": "Point",
        "coordinates": [
          -41.63333,
          -18.98056
        ]
      }
    },
    {
      "type": "Feature",
      "properties": {
        "title": "Vila Matias | Sem Informação",
        "nome": "Vila Matias",
        "sigla_pm": "",
        "tipo": "SGB",
        "categoria": "Estação hidrológica",
        "status": "Sem Informação",
        "severity_group": "outro",
        "is_active": false,
        "bacia": "doce",
        "descricao": "Bacia: doce",
        "updated_at": "2026-10-08T16:58:00.556274+00:00",
        "link": "https://www.sgb.gov.br/sace/sace_nivel/api_estacoes_situacao.php"
      },
      "geometry": {
        "type": "Point",
        "coordinates": [
          -41.91806,
          -18.575
        ]
      }
    },
    {
      "type": "Feature",
      "properties": {
        "title": "4 Irmãos Canal Gravataí | Normal",
        "nome": "4 Irmãos Canal Gravataí",
        "sigla_pm": "",
        "tipo": "SGB",
        "categoria": "Estação hidrológica",
        "status": "Normal",
        "severity_group": "normal",
        "is_active": false,
        "bacia": "guaiba",
        "descricao": "Bacia: guaiba",
        "updated_at": "2026-10-08T16:58:00.556277+00:00",
        "link": "https://www.sgb.gov.br/sace/sace_nivel/api_estacoes_situacao.php"
      },
      "geometry": {
        "type": "Point",
        "coordinates": [
          -50.7439,
          -29.9803
        ]
      }
    },
    {
      "type": "Feature",
      "properties": {
        "title": "Arroio Caraá | Normal",
        "nome": "Arroio Caraá",
        "sigla_pm": "",
        "tipo": "SGB",
        "categoria": "Estação hidrológica",
        "status": "Normal",
        "severity_group": "normal",
        "is_active": false,
        "bacia": "guaiba",
        "descricao": "Bacia: guaiba",
        "updated_at": "2026-10-08T16:58:00.556283+00:00",
        "link": "https://www.sgb.gov.br/sace/sace_nivel/api_estacoes_situacao.php"
      },
      "geometry": {
        "type": "Point",
        "coordinates": [
          -50.4338,
          -29.791
        ]
      }
    },
    {
      "type": "Feature",
      "properties": {
        "title": "Auler | Normal",
        "nome": "Auler",
        "sigla_pm": "",
        "tipo": "SGB",
        "categoria": "Estação hidrológica",
        "status": "Normal",
        "severity_group": "normal",
        "is_active": false,
        "bacia": "guaiba",
        "descricao": "Bacia: guaiba",
        "updated_at": "2026-10-08T16:58:00.556287+00:00",
        "link": "https://www.sgb.gov.br/sace/sace_nivel/api_estacoes_situacao.php"
      },
      "geometry": {
        "type": "Point",
        "coordinates": [
          -52.38166,
          -28.80388
        ]
      }
    },
    {
      "type": "Feature",
      "properties": {
        "title": "Barca do Caí | Normal",
        "nome": "Barca do Caí",
        "sigla_pm": "",
        "tipo": "SGB",
        "categoria": "Estação hidrológica",
        "status": "Normal",
        "severity_group": "normal",
        "is_active": false,
        "bacia": "guaiba",
        "descricao": "Bacia: guaiba",
        "updated_at": "2026-10-08T16:58:00.556293+00:00",
        "link": "https://www.sgb.gov.br/sace/sace_nivel/api_estacoes_situacao.php"
      },
      "geometry": {
        "type": "Point",
        "coordinates": [
          -51.38333,
          -29.59
        ]
      }
    },
    {
      "type": "Feature",
      "properties": {
        "title": "Barra do Fão | Normal",
        "nome": "Barra do Fão",
        "sigla_pm": "",
        "tipo": "SGB",
        "categoria": "Estação hidrológica",
        "status": "Normal",
        "severity_group": "normal",
        "is_active": false,
        "bacia": "guaiba",
        "descricao": "Bacia: guaiba",
        "updated_at": "2026-10-08T16:58:00.556296+00:00",
        "link": "https://www.sgb.gov.br/sace/sace_nivel/api_estacoes_situacao.php"
      },
      "geometry": {
        "type": "Point",
        "coordinates": [
          -52.16222,
          -29.22388
        ]
      }
    },
    {
      "type": "Feature",
      "properties": {
        "title": "Bom Princípio | Normal",
        "nome": "Bom Princípio",
        "sigla_pm": "",
        "tipo": "SGB",
        "categoria": "Estação hidrológica",
        "status": "Normal",
        "severity_group": "normal",
        "is_active": false,
        "bacia": "guaiba",
        "descricao": "Bacia: guaiba",
        "updated_at": "2026-10-08T16:58:00.556300+00:00",
        "link": "https://www.sgb.gov.br/sace/sace_nivel/api_estacoes_situacao.php"
      },
      "geometry": {
        "type": "Point",
        "coordinates": [
          -51.3556,
          -29.5072
        ]
      }
    },
    {
      "type": "Feature",
      "properties": {
        "title": "Bom Retiro do Sul Montante | Normal",
        "nome": "Bom Retiro do Sul Montante",
        "sigla_pm": "",
        "tipo": "SGB",
        "categoria": "Estação hidrológica",
        "status": "Normal",
        "severity_group": "normal",
        "is_active": false,
        "bacia": "guaiba",
        "descricao": "Bacia: guaiba",
        "updated_at": "2026-10-08T16:58:00.556303+00:00",
        "link": "https://www.sgb.gov.br/sace/sace_nivel/api_estacoes_situacao.php"
      },
      "geometry": {
        "type": "Point",
        "coordinates": [
          -51.95111,
          -29.60805
        ]
      }
    },
    {
      "type": "Feature",
      "properties": {
        "title": "CORSAN Alvorada | Normal",
        "nome": "CORSAN Alvorada",
        "sigla_pm": "",
        "tipo": "SGB",
        "categoria": "Estação hidrológica",
        "status": "Normal",
        "severity_group": "normal",
        "is_active": false,
        "bacia": "guaiba",
        "descricao": "Bacia: guaiba",
        "updated_at": "2026-10-08T16:58:00.556307+00:00",
        "link": "https://www.sgb.gov.br/sace/sace_nivel/api_estacoes_situacao.php"
      },
      "geometry": {
        "type": "Point",
        "coordinates": [
          -51.0367,
          -29.9683
        ]
      }
    },
    {
      "type": "Feature",
      "properties": {
        "title": "Cais Mauá C6 | Cota de Atenção",
        "nome": "Cais Mauá C6",
        "sigla_pm": "",
        "tipo": "SGB",
        "categoria": "Estação hidrológica",
        "status": "Cota de Atenção",
        "severity_group": "atencao",
        "is_active": true,
        "bacia": "guaiba",
        "descricao": "Bacia: guaiba",
        "updated_at": "2026-10-08T16:58:00.556311+00:00",
        "link": "https://www.sgb.gov.br/sace/sace_nivel/api_estacoes_situacao.php"
      },
      "geometry": {
        "type": "Point",
        "coordinates": [
          -51.2211,
          -30.0211
        ]
      }
    },
    {
      "type": "Feature",
      "properties": {
        "title": "Camping São Sepé | Normal",
        "nome": "Camping São Sepé",
        "sigla_pm": "",
        "tipo": "SGB",
        "categoria": "Estação hidrológica",
        "status": "Normal",
        "severity_group": "normal",
        "is_active": false,
        "bacia": "guaiba",
        "descricao": "Bacia: guaiba",
        "updated_at": "2026-10-08T16:58:00.556315+00:00",
        "link": "https://www.sgb.gov.br/sace/sace_nivel/api_estacoes_situacao.php"
      },
      "geometry": {
        "type": "Point",
        "coordinates": [
          -53.5633,
          -30.1942
        ]
      }
    },
    {
      "type": "Feature",
      "properties": {
        "title": "Campo Bom | Normal",
        "nome": "Campo Bom",
        "sigla_pm": "",
        "tipo": "SGB",
        "categoria": "Estação hidrológica",
        "status": "Normal",
        "severity_group": "normal",
        "is_active": false,
        "bacia": "guaiba",
        "descricao": "Bacia: guaiba",
        "updated_at": "2026-10-08T16:58:00.556318+00:00",
        "link": "https://www.sgb.gov.br/sace/sace_nivel/api_estacoes_situacao.php"
      },
      "geometry": {
        "type": "Point",
        "coordinates": [
          -51.04611,
          -29.69166
        ]
      }
    },
    {
      "type": "Feature",
      "properties": {
        "title": "Capão dos Coxos | Normal",
        "nome": "Capão dos Coxos",
        "sigla_pm": "",
        "tipo": "SGB",
        "categoria": "Estação hidrológica",
        "status": "Normal",
        "severity_group": "normal",
        "is_active": false,
        "bacia": "guaiba",
        "descricao": "Bacia: guaiba",
        "updated_at": "2026-10-08T16:58:00.556322+00:00",
        "link": "https://www.sgb.gov.br/sace/sace_nivel/api_estacoes_situacao.php"
      },
      "geometry": {
        "type": "Point",
        "coordinates": [
          -50.58416,
          -29.40833
        ]
      }
    },
    {
      "type": "Feature",
      "properties": {
        "title": "Costa do Rio Cadeia Montante | Normal",
        "nome": "Costa do Rio Cadeia Montante",
        "sigla_pm": "",
        "tipo": "SGB",
        "categoria": "Estação hidrológica",
        "status": "Normal",
        "severity_group": "normal",
        "is_active": false,
        "bacia": "guaiba",
        "descricao": "Bacia: guaiba",
        "updated_at": "2026-10-08T16:58:00.556330+00:00",
        "link": "https://www.sgb.gov.br/sace/sace_nivel/api_estacoes_situacao.php"
      },
      "geometry": {
        "type": "Point",
        "coordinates": [
          -51.31361,
          -29.59055
        ]
      }
    },
    {
      "type": "Feature",
      "properties": {
        "title": "Dona Francisca | Normal",
        "nome": "Dona Francisca",
        "sigla_pm": "",
        "tipo": "SGB",
        "categoria": "Estação hidrológica",
        "status": "Normal",
        "severity_group": "normal",
        "is_active": false,
        "bacia": "guaiba",
        "descricao": "Bacia: guaiba",
        "updated_at": "2026-10-08T16:58:00.556335+00:00",
        "link": "https://www.sgb.gov.br/sace/sace_nivel/api_estacoes_situacao.php"
      },
      "geometry": {
        "type": "Point",
        "coordinates": [
          -53.35277,
          -29.62694
        ]
      }
    },
    {
      "type": "Feature",
      "properties": {
        "title": "Encantado | Normal",
        "nome": "Encantado",
        "sigla_pm": "",
        "tipo": "SGB",
        "categoria": "Estação hidrológica",
        "status": "Normal",
        "severity_group": "normal",
        "is_active": false,
        "bacia": "guaiba",
        "descricao": "Bacia: guaiba",
        "updated_at": "2026-10-08T16:58:00.556339+00:00",
        "link": "https://www.sgb.gov.br/sace/sace_nivel/api_estacoes_situacao.php"
      },
      "geometry": {
        "type": "Point",
        "coordinates": [
          -51.855,
          -29.23444
        ]
      }
    },
    {
      "type": "Feature",
      "properties": {
        "title": "Estrela | Normal",
        "nome": "Estrela",
        "sigla_pm": "",
        "tipo": "SGB",
        "categoria": "Estação hidrológica",
        "status": "Normal",
        "severity_group": "normal",
        "is_active": false,
        "bacia": "guaiba",
        "descricao": "Bacia: guaiba",
        "updated_at": "2026-10-08T16:58:00.556343+00:00",
        "link": "https://www.sgb.gov.br/sace/sace_nivel/api_estacoes_situacao.php"
      },
      "geometry": {
        "type": "Point",
        "coordinates": [
          -51.96222,
          -29.47333
        ]
      }
    },
    {
      "type": "Feature",
      "properties": {
        "title": "Feliz | Normal",
        "nome": "Feliz",
        "sigla_pm": "",
        "tipo": "SGB",
        "categoria": "Estação hidrológica",
        "status": "Normal",
        "severity_group": "normal",
        "is_active": false,
        "bacia": "guaiba",
        "descricao": "Bacia: guaiba",
        "updated_at": "2026-10-08T16:58:00.556347+00:00",
        "link": "https://www.sgb.gov.br/sace/sace_nivel/api_estacoes_situacao.php"
      },
      "geometry": {
        "type": "Point",
        "coordinates": [
          -51.30611,
          -29.455
        ]
      }
    },
    {
      "type": "Feature",
      "properties": {
        "title": "Foz do Paranhana | Normal",
        "nome": "Foz do Paranhana",
        "sigla_pm": "",
        "tipo": "SGB",
        "categoria": "Estação hidrológica",
        "status": "Normal",
        "severity_group": "normal",
        "is_active": false,
        "bacia": "guaiba",
        "descricao": "Bacia: guaiba",
        "updated_at": "2026-10-08T16:58:00.556351+00:00",
        "link": "https://www.sgb.gov.br/sace/sace_nivel/api_estacoes_situacao.php"
      },
      "geometry": {
        "type": "Point",
        "coordinates": [
          -50.8122,
          -29.6858
        ]
      }
    },
    {
      "type": "Feature",
      "properties": {
        "title": "Guaporé | Normal",
        "nome": "Guaporé",
        "sigla_pm": "",
        "tipo": "SGB",
        "categoria": "Estação hidrológica",
        "status": "Normal",
        "severity_group": "normal",
        "is_active": false,
        "bacia": "guaiba",
        "descricao": "Bacia: guaiba",
        "updated_at": "2026-10-08T16:58:00.556355+00:00",
        "link": "https://www.sgb.gov.br/sace/sace_nivel/api_estacoes_situacao.php"
      },
      "geometry": {
        "type": "Point",
        "coordinates": [
          -51.87916,
          -28.84444
        ]
      }
    },
    {
      "type": "Feature",
      "properties": {
        "title": "Ibiraiaras | Normal",
        "nome": "Ibiraiaras",
        "sigla_pm": "",
        "tipo": "SGB",
        "categoria": "Estação hidrológica",
        "status": "Normal",
        "severity_group": "normal",
        "is_active": false,
        "bacia": "guaiba",
        "descricao": "Bacia: guaiba",
        "updated_at": "2026-10-08T16:58:00.556358+00:00",
        "link": "https://www.sgb.gov.br/sace/sace_nivel/api_estacoes_situacao.php"
      },
      "geometry": {
        "type": "Point",
        "coordinates": [
          -51.63305,
          -28.38111
        ]
      }
    },
    {
      "type": "Feature",
      "properties": {
        "title": "Ilha da Pintada | Normal",
        "nome": "Ilha da Pintada",
        "sigla_pm": "",
        "tipo": "SGB",
        "categoria": "Estação hidrológica",
        "status": "Normal",
        "severity_group": "normal",
        "is_active": false,
        "bacia": "guaiba",
        "descricao": "Bacia: guaiba",
        "updated_at": "2026-10-08T16:58:00.556362+00:00",
        "link": "https://www.sgb.gov.br/sace/sace_nivel/api_estacoes_situacao.php"
      },
      "geometry": {
        "type": "Point",
        "coordinates": [
          -51.25055,
          -30.03
        ]
      }
    },
    {
      "type": "Feature",
      "properties": {
        "title": "Ipanema | Normal",
        "nome": "Ipanema",
        "sigla_pm": "",
        "tipo": "SGB",
        "categoria": "Estação hidrológica",
        "status": "Normal",
        "severity_group": "normal",
        "is_active": false,
        "bacia": "guaiba",
        "descricao": "Bacia: guaiba",
        "updated_at": "2026-10-08T16:58:00.556365+00:00",
        "link": "https://www.sgb.gov.br/sace/sace_nivel/api_estacoes_situacao.php"
      },
      "geometry": {
        "type": "Point",
        "coordinates": [
          -51.23277,
          -30.13527
        ]
      }
    },
    {
      "type": "Feature",
      "properties": {
        "title": "Linha Colombo | Normal",
        "nome": "Linha Colombo",
        "sigla_pm": "",
        "tipo": "SGB",
        "categoria": "Estação hidrológica",
        "status": "Normal",
        "severity_group": "normal",
        "is_active": false,
        "bacia": "guaiba",
        "descricao": "Bacia: guaiba",
        "updated_at": "2026-10-08T16:58:00.556369+00:00",
        "link": "https://www.sgb.gov.br/sace/sace_nivel/api_estacoes_situacao.php"
      },
      "geometry": {
        "type": "Point",
        "coordinates": [
          -51.95305,
          -28.91222
        ]
      }
    },
    {
      "type": "Feature",
      "properties": {
        "title": "Linha Gonzaga | Normal",
        "nome": "Linha Gonzaga",
        "sigla_pm": "",
        "tipo": "SGB",
        "categoria": "Estação hidrológica",
        "status": "Normal",
        "severity_group": "normal",
        "is_active": false,
        "bacia": "guaiba",
        "descricao": "Bacia: guaiba",
        "updated_at": "2026-10-08T16:58:00.556374+00:00",
        "link": "https://www.sgb.gov.br/sace/sace_nivel/api_estacoes_situacao.php"
      },
      "geometry": {
        "type": "Point",
        "coordinates": [
          -50.99583,
          -29.3075
        ]
      }
    },
    {
      "type": "Feature",
      "properties": {
        "title": "Linha José Júlio | Normal",
        "nome": "Linha José Júlio",
        "sigla_pm": "",
        "tipo": "SGB",
        "categoria": "Estação hidrológica",
        "status": "Normal",
        "severity_group": "normal",
        "is_active": false,
        "bacia": "guaiba",
        "descricao": "Bacia: guaiba",
        "updated_at": "2026-10-08T16:58:00.556380+00:00",
        "link": "https://www.sgb.gov.br/sace/sace_nivel/api_estacoes_situacao.php"
      },
      "geometry": {
        "type": "Point",
        "coordinates": [
          -51.69972,
          -29.09777
        ]
      }
    },
    {
      "type": "Feature",
      "properties": {
        "title": "Morro Reuter | Normal",
        "nome": "Morro Reuter",
        "sigla_pm": "",
        "tipo": "SGB",
        "categoria": "Estação hidrológica",
        "status": "Normal",
        "severity_group": "normal",
        "is_active": false,
        "bacia": "guaiba",
        "descricao": "Bacia: guaiba",
        "updated_at": "2026-10-08T16:58:00.556383+00:00",
        "link": "https://www.sgb.gov.br/sace/sace_nivel/api_estacoes_situacao.php"
      },
      "geometry": {
        "type": "Point",
        "coordinates": [
          -51.03694,
          -29.52888
        ]
      }
    },
    {
      "type": "Feature",
      "properties": {
        "title": "Muçum | Normal",
        "nome": "Muçum",
        "sigla_pm": "",
        "tipo": "SGB",
        "categoria": "Estação hidrológica",
        "status": "Normal",
        "severity_group": "normal",
        "is_active": false,
        "bacia": "guaiba",
        "descricao": "Bacia: guaiba",
        "updated_at": "2026-10-08T16:58:00.556387+00:00",
        "link": "https://www.sgb.gov.br/sace/sace_nivel/api_estacoes_situacao.php"
      },
      "geometry": {
        "type": "Point",
        "coordinates": [
          -51.86861,
          -29.16722
        ]
      }
    },
    {
      "type": "Feature",
      "properties": {
        "title": "Nova Palmira | Normal",
        "nome": "Nova Palmira",
        "sigla_pm": "",
        "tipo": "SGB",
        "categoria": "Estação hidrológica",
        "status": "Normal",
        "severity_group": "normal",
        "is_active": false,
        "bacia": "guaiba",
        "descricao": "Bacia: guaiba",
        "updated_at": "2026-10-08T16:58:00.556392+00:00",
        "link": "https://www.sgb.gov.br/sace/sace_nivel/api_estacoes_situacao.php"
      },
      "geometry": {
        "type": "Point",
        "coordinates": [
          -51.18888,
          -29.33555
        ]
      }
    },
    {
      "type": "Feature",
      "properties": {
        "title": "Passo Carreiro | Normal",
        "nome": "Passo Carreiro",
        "sigla_pm": "",
        "tipo": "SGB",
        "categoria": "Estação hidrológica",
        "status": "Normal",
        "severity_group": "normal",
        "is_active": false,
        "bacia": "guaiba",
        "descricao": "Bacia: guaiba",
        "updated_at": "2026-10-08T16:58:00.556398+00:00",
        "link": "https://www.sgb.gov.br/sace/sace_nivel/api_estacoes_situacao.php"
      },
      "geometry": {
        "type": "Point",
        "coordinates": [
          -51.8325,
          -28.84888
        ]
      }
    },
    {
      "type": "Feature",
      "properties": {
        "title": "Passo Montenegro | Normal",
        "nome": "Passo Montenegro",
        "sigla_pm": "",
        "tipo": "SGB",
        "categoria": "Estação hidrológica",
        "status": "Normal",
        "severity_group": "normal",
        "is_active": false,
        "bacia": "guaiba",
        "descricao": "Bacia: guaiba",
        "updated_at": "2026-10-08T16:58:00.556401+00:00",
        "link": "https://www.sgb.gov.br/sace/sace_nivel/api_estacoes_situacao.php"
      },
      "geometry": {
        "type": "Point",
        "coordinates": [
          -51.44111,
          -29.70111
        ]
      }
    },
    {
      "type": "Feature",
      "properties": {
        "title": "Passo São Lourenço | Cota de Inundação",
        "nome": "Passo São Lourenço",
        "sigla_pm": "",
        "tipo": "SGB",
        "categoria": "Estação hidrológica",
        "status": "Cota de Inundação",
        "severity_group": "outro",
        "is_active": false,
        "bacia": "guaiba",
        "descricao": "Bacia: guaiba",
        "updated_at": "2026-10-08T16:58:00.556406+00:00",
        "link": "https://www.sgb.gov.br/sace/sace_nivel/api_estacoes_situacao.php"
      },
      "geometry": {
        "type": "Point",
        "coordinates": [
          -53.01555,
          -30.00777
        ]
      }
    },
    {
      "type": "Feature",
      "properties": {
        "title": "Passo Tainhas | Normal",
        "nome": "Passo Tainhas",
        "sigla_pm": "",
        "tipo": "SGB",
        "categoria": "Estação hidrológica",
        "status": "Normal",
        "severity_group": "normal",
        "is_active": false,
        "bacia": "guaiba",
        "descricao": "Bacia: guaiba",
        "updated_at": "2026-10-08T16:58:00.556410+00:00",
        "link": "https://www.sgb.gov.br/sace/sace_nivel/api_estacoes_situacao.php"
      },
      "geometry": {
        "type": "Point",
        "coordinates": [
          -50.45611,
          -28.86805
        ]
      }
    },
    {
      "type": "Feature",
      "properties": {
        "title": "Passo das Canoas Auxiliar | Normal",
        "nome": "Passo das Canoas Auxiliar",
        "sigla_pm": "",
        "tipo": "SGB",
        "categoria": "Estação hidrológica",
        "status": "Normal",
        "severity_group": "normal",
        "is_active": false,
        "bacia": "guaiba",
        "descricao": "Bacia: guaiba",
        "updated_at": "2026-10-08T16:58:00.556413+00:00",
        "link": "https://www.sgb.gov.br/sace/sace_nivel/api_estacoes_situacao.php"
      },
      "geometry": {
        "type": "Point",
        "coordinates": [
          -50.97777,
          -29.96444
        ]
      }
    },
    {
      "type": "Feature",
      "properties": {
        "title": "Passo do Caí | Normal",
        "nome": "Passo do Caí",
        "sigla_pm": "",
        "tipo": "SGB",
        "categoria": "Estação hidrológica",
        "status": "Normal",
        "severity_group": "normal",
        "is_active": false,
        "bacia": "guaiba",
        "descricao": "Bacia: guaiba",
        "updated_at": "2026-10-08T16:58:00.556419+00:00",
        "link": "https://www.sgb.gov.br/sace/sace_nivel/api_estacoes_situacao.php"
      },
      "geometry": {
        "type": "Point",
        "coordinates": [
          -51.36369,
          -29.86464
        ]
      }
    },
    {
      "type": "Feature",
      "properties": {
        "title": "Picada Café | Normal",
        "nome": "Picada Café",
        "sigla_pm": "",
        "tipo": "SGB",
        "categoria": "Estação hidrológica",
        "status": "Normal",
        "severity_group": "normal",
        "is_active": false,
        "bacia": "guaiba",
        "descricao": "Bacia: guaiba",
        "updated_at": "2026-10-08T16:58:00.556422+00:00",
        "link": "https://www.sgb.gov.br/sace/sace_nivel/api_estacoes_situacao.php"
      },
      "geometry": {
        "type": "Point",
        "coordinates": [
          -51.14,
          -29.4614
        ]
      }
    },
    {
      "type": "Feature",
      "properties": {
        "title": "Porto Mariante | Normal",
        "nome": "Porto Mariante",
        "sigla_pm": "",
        "tipo": "SGB",
        "categoria": "Estação hidrológica",
        "status": "Normal",
        "severity_group": "normal",
        "is_active": false,
        "bacia": "guaiba",
        "descricao": "Bacia: guaiba",
        "updated_at": "2026-10-08T16:58:00.556426+00:00",
        "link": "https://www.sgb.gov.br/sace/sace_nivel/api_estacoes_situacao.php"
      },
      "geometry": {
        "type": "Point",
        "coordinates": [
          -51.97,
          -29.69222
        ]
      }
    },
    {
      "type": "Feature",
      "properties": {
        "title": "Rio Pardo | Cota de Alerta",
        "nome": "Rio Pardo",
        "sigla_pm": "",
        "tipo": "SGB",
        "categoria": "Estação hidrológica",
        "status": "Cota de Alerta",
        "severity_group": "alerta",
        "is_active": true,
        "bacia": "guaiba",
        "descricao": "Bacia: guaiba",
        "updated_at": "2026-10-08T16:58:00.556430+00:00",
        "link": "https://www.sgb.gov.br/sace/sace_nivel/api_estacoes_situacao.php"
      },
      "geometry": {
        "type": "Point",
        "coordinates": [
          -52.37555,
          -29.995
        ]
      }
    },
    {
      "type": "Feature",
      "properties": {
        "title": "Santa Tereza | Normal",
        "nome": "Santa Tereza",
        "sigla_pm": "",
        "tipo": "SGB",
        "categoria": "Estação hidrológica",
        "status": "Normal",
        "severity_group": "normal",
        "is_active": false,
        "bacia": "guaiba",
        "descricao": "Bacia: guaiba",
        "updated_at": "2026-10-08T16:58:00.556435+00:00",
        "link": "https://www.sgb.gov.br/sace/sace_nivel/api_estacoes_situacao.php"
      },
      "geometry": {
        "type": "Point",
        "coordinates": [
          -51.73222,
          -29.17805
        ]
      }
    },
    {
      "type": "Feature",
      "properties": {
        "title": "São Leopoldo | Cota de Atenção",
        "nome": "São Leopoldo",
        "sigla_pm": "",
        "tipo": "SGB",
        "categoria": "Estação hidrológica",
        "status": "Cota de Atenção",
        "severity_group": "atencao",
        "is_active": true,
        "bacia": "guaiba",
        "descricao": "Bacia: guaiba",
        "updated_at": "2026-10-08T16:58:00.556439+00:00",
        "link": "https://www.sgb.gov.br/sace/sace_nivel/api_estacoes_situacao.php"
      },
      "geometry": {
        "type": "Point",
        "coordinates": [
          -51.14833,
          -29.75888
        ]
      }
    },
    {
      "type": "Feature",
      "properties": {
        "title": "São Vendelino | Normal",
        "nome": "São Vendelino",
        "sigla_pm": "",
        "tipo": "SGB",
        "categoria": "Estação hidrológica",
        "status": "Normal",
        "severity_group": "normal",
        "is_active": false,
        "bacia": "guaiba",
        "descricao": "Bacia: guaiba",
        "updated_at": "2026-10-08T16:58:00.556443+00:00",
        "link": "https://www.sgb.gov.br/sace/sace_nivel/api_estacoes_situacao.php"
      },
      "geometry": {
        "type": "Point",
        "coordinates": [
          -51.36888,
          -29.38277
        ]
      }
    },
    {
      "type": "Feature",
      "properties": {
        "title": "Taquari | Cota de Atenção",
        "nome": "Taquari",
        "sigla_pm": "",
        "tipo": "SGB",
        "categoria": "Estação hidrológica",
        "status": "Cota de Atenção",
        "severity_group": "atencao",
        "is_active": true,
        "bacia": "guaiba",
        "descricao": "Bacia: guaiba",
        "updated_at": "2026-10-08T16:58:00.556446+00:00",
        "link": "https://www.sgb.gov.br/sace/sace_nivel/api_estacoes_situacao.php"
      },
      "geometry": {
        "type": "Point",
        "coordinates": [
          -51.87583,
          -29.80694
        ]
      }
    },
    {
      "type": "Feature",
      "properties": {
        "title": "Terminal CATSUL Guaíba | Normal",
        "nome": "Terminal CATSUL Guaíba",
        "sigla_pm": "",
        "tipo": "SGB",
        "categoria": "Estação hidrológica",
        "status": "Normal",
        "severity_group": "normal",
        "is_active": false,
        "bacia": "guaiba",
        "descricao": "Bacia: guaiba",
        "updated_at": "2026-10-08T16:58:00.556450+00:00",
        "link": "https://www.sgb.gov.br/sace/sace_nivel/api_estacoes_situacao.php"
      },
      "geometry": {
        "type": "Point",
        "coordinates": [
          -51.3111,
          -30.1075
        ]
      }
    },
    {
      "type": "Feature",
      "properties": {
        "title": "Triunfo | Normal",
        "nome": "Triunfo",
        "sigla_pm": "",
        "tipo": "SGB",
        "categoria": "Estação hidrológica",
        "status": "Normal",
        "severity_group": "normal",
        "is_active": false,
        "bacia": "guaiba",
        "descricao": "Bacia: guaiba",
        "updated_at": "2026-10-08T16:58:00.556454+00:00",
        "link": "https://www.sgb.gov.br/sace/sace_nivel/api_estacoes_situacao.php"
      },
      "geometry": {
        "type": "Point",
        "coordinates": [
          -51.6942,
          -29.9419
        ]
      }
    },
    {
      "type": "Feature",
      "properties": {
        "title": "Usina do Gasômetro | Normal",
        "nome": "Usina do Gasômetro",
        "sigla_pm": "",
        "tipo": "SGB",
        "categoria": "Estação hidrológica",
        "status": "Normal",
        "severity_group": "normal",
        "is_active": false,
        "bacia": "guaiba",
        "descricao": "Bacia: guaiba",
        "updated_at": "2026-10-08T16:58:00.556462+00:00",
        "link": "https://www.sgb.gov.br/sace/sace_nivel/api_estacoes_situacao.php"
      },
      "geometry": {
        "type": "Point",
        "coordinates": [
          -51.24194,
          -30.03472
        ]
      }
    },
    {
      "type": "Feature",
      "properties": {
        "title": "Vacaria | Normal",
        "nome": "Vacaria",
        "sigla_pm": "",
        "tipo": "SGB",
        "categoria": "Estação hidrológica",
        "status": "Normal",
        "severity_group": "normal",
        "is_active": false,
        "bacia": "guaiba",
        "descricao": "Bacia: guaiba",
        "updated_at": "2026-10-08T16:58:00.556466+00:00",
        "link": "https://www.sgb.gov.br/sace/sace_nivel/api_estacoes_situacao.php"
      },
      "geometry": {
        "type": "Point",
        "coordinates": [
          -50.93611,
          -28.48972
        ]
      }
    },
    {
      "type": "Feature",
      "properties": {
        "title": "Vale Real | Normal",
        "nome": "Vale Real",
        "sigla_pm": "",
        "tipo": "SGB",
        "categoria": "Estação hidrológica",
        "status": "Normal",
        "severity_group": "normal",
        "is_active": false,
        "bacia": "guaiba",
        "descricao": "Bacia: guaiba",
        "updated_at": "2026-10-08T16:58:00.556470+00:00",
        "link": "https://www.sgb.gov.br/sace/sace_nivel/api_estacoes_situacao.php"
      },
      "geometry": {
        "type": "Point",
        "coordinates": [
          -51.25361,
          -29.39972
        ]
      }
    },
    {
      "type": "Feature",
      "properties": {
        "title": "Cantanhede | Normal",
        "nome": "Cantanhede",
        "sigla_pm": "",
        "tipo": "SGB",
        "categoria": "Estação hidrológica",
        "status": "Normal",
        "severity_group": "normal",
        "is_active": false,
        "bacia": "itapecuru",
        "descricao": "Bacia: itapecuru",
        "updated_at": "2026-10-08T16:58:00.556473+00:00",
        "link": "https://www.sgb.gov.br/sace/sace_nivel/api_estacoes_situacao.php"
      },
      "geometry": {
        "type": "Point",
        "coordinates": [
          -44.37489,
          -3.63297
        ]
      }
    },
    {
      "type": "Feature",
      "properties": {
        "title": "Caxias | Normal",
        "nome": "Caxias",
        "sigla_pm": "",
        "tipo": "SGB",
        "categoria": "Estação hidrológica",
        "status": "Normal",
        "severity_group": "normal",
        "is_active": false,
        "bacia": "itapecuru",
        "descricao": "Bacia: itapecuru",
        "updated_at": "2026-10-08T16:58:00.556477+00:00",
        "link": "https://www.sgb.gov.br/sace/sace_nivel/api_estacoes_situacao.php"
      },
      "geometry": {
        "type": "Point",
        "coordinates": [
          -43.36805,
          -4.865
        ]
      }
    },
    {
      "type": "Feature",
      "properties": {
        "title": "Codó | Normal",
        "nome": "Codó",
        "sigla_pm": "",
        "tipo": "SGB",
        "categoria": "Estação hidrológica",
        "status": "Normal",
        "severity_group": "normal",
        "is_active": false,
        "bacia": "itapecuru",
        "descricao": "Bacia: itapecuru",
        "updated_at": "2026-10-08T16:58:00.556481+00:00",
        "link": "https://www.sgb.gov.br/sace/sace_nivel/api_estacoes_situacao.php"
      },
      "geometry": {
        "type": "Point",
        "coordinates": [
          -43.88,
          -4.45583
        ]
      }
    },
    {
      "type": "Feature",
      "properties": {
        "title": "Colinas | Normal",
        "nome": "Colinas",
        "sigla_pm": "",
        "tipo": "SGB",
        "categoria": "Estação hidrológica",
        "status": "Normal",
        "severity_group": "normal",
        "is_active": false,
        "bacia": "itapecuru",
        "descricao": "Bacia: itapecuru",
        "updated_at": "2026-10-08T16:58:00.556484+00:00",
        "link": "https://www.sgb.gov.br/sace/sace_nivel/api_estacoes_situacao.php"
      },
      "geometry": {
        "type": "Point",
        "coordinates": [
          -44.25222,
          -6.02722
        ]
      }
    },
    {
      "type": "Feature",
      "properties": {
        "title": "Coroatá | Normal",
        "nome": "Coroatá",
        "sigla_pm": "",
        "tipo": "SGB",
        "categoria": "Estação hidrológica",
        "status": "Normal",
        "severity_group": "normal",
        "is_active": false,
        "bacia": "itapecuru",
        "descricao": "Bacia: itapecuru",
        "updated_at": "2026-10-08T16:58:00.556490+00:00",
        "link": "https://www.sgb.gov.br/sace/sace_nivel/api_estacoes_situacao.php"
      },
      "geometry": {
        "type": "Point",
        "coordinates": [
          -44.13056,
          -4.12609
        ]
      }
    },
    {
      "type": "Feature",
      "properties": {
        "title": "Itapecuru-Mirim | Normal",
        "nome": "Itapecuru-Mirim",
        "sigla_pm": "",
        "tipo": "SGB",
        "categoria": "Estação hidrológica",
        "status": "Normal",
        "severity_group": "normal",
        "is_active": false,
        "bacia": "itapecuru",
        "descricao": "Bacia: itapecuru",
        "updated_at": "2026-10-08T16:58:00.556494+00:00",
        "link": "https://www.sgb.gov.br/sace/sace_nivel/api_estacoes_situacao.php"
      },
      "geometry": {
        "type": "Point",
        "coordinates": [
          -44.36193,
          -3.39218
        ]
      }
    },
    {
      "type": "Feature",
      "properties": {
        "title": "Montevideu | Normal",
        "nome": "Montevideu",
        "sigla_pm": "",
        "tipo": "SGB",
        "categoria": "Estação hidrológica",
        "status": "Normal",
        "severity_group": "normal",
        "is_active": false,
        "bacia": "itapecuru",
        "descricao": "Bacia: itapecuru",
        "updated_at": "2026-10-08T16:58:00.556497+00:00",
        "link": "https://www.sgb.gov.br/sace/sace_nivel/api_estacoes_situacao.php"
      },
      "geometry": {
        "type": "Point",
        "coordinates": [
          -43.88388,
          -5.33889
        ]
      }
    },
    {
      "type": "Feature",
      "properties": {
        "title": "15050001 - PONTES E LACERDA | Normal",
        "nome": "15050001 - PONTES E LACERDA",
        "sigla_pm": "",
        "tipo": "SGB",
        "categoria": "Estação hidrológica",
        "status": "Normal",
        "severity_group": "normal",
        "is_active": false,
        "bacia": "madeira",
        "descricao": "Bacia: madeira",
        "updated_at": "2026-10-08T16:58:00.556503+00:00",
        "link": "https://www.sgb.gov.br/sace/sace_nivel/api_estacoes_situacao.php"
      },
      "geometry": {
        "type": "Point",
        "coordinates": [
          -59.3539,
          -15.2153
        ]
      }
    },
    {
      "type": "Feature",
      "properties": {
        "title": "15130000 - PIMENTEIRAS | Normal",
        "nome": "15130000 - PIMENTEIRAS",
        "sigla_pm": "",
        "tipo": "SGB",
        "categoria": "Estação hidrológica",
        "status": "Normal",
        "severity_group": "normal",
        "is_active": false,
        "bacia": "madeira",
        "descricao": "Bacia: madeira",
        "updated_at": "2026-10-08T16:58:00.556506+00:00",
        "link": "https://www.sgb.gov.br/sace/sace_nivel/api_estacoes_situacao.php"
      },
      "geometry": {
        "type": "Point",
        "coordinates": [
          -61.05052,
          -13.48624
        ]
      }
    },
    {
      "type": "Feature",
      "properties": {
        "title": "15150000 - PEDRAS NEGRAS | Normal",
        "nome": "15150000 - PEDRAS NEGRAS",
        "sigla_pm": "",
        "tipo": "SGB",
        "categoria": "Estação hidrológica",
        "status": "Normal",
        "severity_group": "normal",
        "is_active": false,
        "bacia": "madeira",
        "descricao": "Bacia: madeira",
        "updated_at": "2026-10-08T16:58:00.556512+00:00",
        "link": "https://www.sgb.gov.br/sace/sace_nivel/api_estacoes_situacao.php"
      },
      "geometry": {
        "type": "Point",
        "coordinates": [
          -62.8993,
          -12.85296
        ]
      }
    },
    {
      "type": "Feature",
      "properties": {
        "title": "15200000 - PRINCIPE DA BEIRA | Normal",
        "nome": "15200000 - PRINCIPE DA BEIRA",
        "sigla_pm": "",
        "tipo": "SGB",
        "categoria": "Estação hidrológica",
        "status": "Normal",
        "severity_group": "normal",
        "is_active": false,
        "bacia": "madeira",
        "descricao": "Bacia: madeira",
        "updated_at": "2026-10-08T16:58:00.556515+00:00",
        "link": "https://www.sgb.gov.br/sace/sace_nivel/api_estacoes_situacao.php"
      },
      "geometry": {
        "type": "Point",
        "coordinates": [
          -64.42527,
          -12.42666
        ]
      }
    },
    {
      "type": "Feature",
      "properties": {
        "title": "15250000 - GUAJARÁ-MIRIM | Normal",
        "nome": "15250000 - GUAJARÁ-MIRIM",
        "sigla_pm": "",
        "tipo": "SGB",
        "categoria": "Estação hidrológica",
        "status": "Normal",
        "severity_group": "normal",
        "is_active": false,
        "bacia": "madeira",
        "descricao": "Bacia: madeira",
        "updated_at": "2026-10-08T16:58:00.556521+00:00",
        "link": "https://www.sgb.gov.br/sace/sace_nivel/api_estacoes_situacao.php"
      },
      "geometry": {
        "type": "Point",
        "coordinates": [
          -65.34778,
          -10.7925
        ]
      }
    },
    {
      "type": "Feature",
      "properties": {
        "title": "15318000 - UHE JIRAU JUSANTE RIO BENI | Normal",
        "nome": "15318000 - UHE JIRAU JUSANTE RIO BENI",
        "sigla_pm": "",
        "tipo": "SGB",
        "categoria": "Estação hidrológica",
        "status": "Normal",
        "severity_group": "normal",
        "is_active": false,
        "bacia": "madeira",
        "descricao": "Bacia: madeira",
        "updated_at": "2026-10-08T16:58:00.556525+00:00",
        "link": "https://www.sgb.gov.br/sace/sace_nivel/api_estacoes_situacao.php"
      },
      "geometry": {
        "type": "Point",
        "coordinates": [
          -65.38253,
          -10.36706
        ]
      }
    },
    {
      "type": "Feature",
      "properties": {
        "title": "15326000 - MORADA NOVA JUSANTE | Normal",
        "nome": "15326000 - MORADA NOVA JUSANTE",
        "sigla_pm": "",
        "tipo": "SGB",
        "categoria": "Estação hidrológica",
        "status": "Normal",
        "severity_group": "normal",
        "is_active": false,
        "bacia": "madeira",
        "descricao": "Bacia: madeira",
        "updated_at": "2026-10-08T16:58:00.556532+00:00",
        "link": "https://www.sgb.gov.br/sace/sace_nivel/api_estacoes_situacao.php"
      },
      "geometry": {
        "type": "Point",
        "coordinates": [
          -65.5275,
          -9.7847
        ]
      }
    },
    {
      "type": "Feature",
      "properties": {
        "title": "15400000 - PORTO VELHO | Normal",
        "nome": "15400000 - PORTO VELHO",
        "sigla_pm": "",
        "tipo": "SGB",
        "categoria": "Estação hidrológica",
        "status": "Normal",
        "severity_group": "normal",
        "is_active": false,
        "bacia": "madeira",
        "descricao": "Bacia: madeira",
        "updated_at": "2026-10-08T16:58:00.556536+00:00",
        "link": "https://www.sgb.gov.br/sace/sace_nivel/api_estacoes_situacao.php"
      },
      "geometry": {
        "type": "Point",
        "coordinates": [
          -63.91694,
          -8.74833
        ]
      }
    },
    {
      "type": "Feature",
      "properties": {
        "title": "15560000\t- JI-PARANÁ | Normal",
        "nome": "15560000\t- JI-PARANÁ",
        "sigla_pm": "",
        "tipo": "SGB",
        "categoria": "Estação hidrológica",
        "status": "Normal",
        "severity_group": "normal",
        "is_active": false,
        "bacia": "madeira",
        "descricao": "Bacia: madeira",
        "updated_at": "2026-10-08T16:58:00.556544+00:00",
        "link": "https://www.sgb.gov.br/sace/sace_nivel/api_estacoes_situacao.php"
      },
      "geometry": {
        "type": "Point",
        "coordinates": [
          -61.93,
          -10.87
        ]
      }
    },
    {
      "type": "Feature",
      "properties": {
        "title": "CANHOTINHO - 39575000 | Normal",
        "nome": "CANHOTINHO - 39575000",
        "sigla_pm": "",
        "tipo": "SGB",
        "categoria": "Estação hidrológica",
        "status": "Normal",
        "severity_group": "normal",
        "is_active": false,
        "bacia": "mundau",
        "descricao": "Bacia: mundau",
        "updated_at": "2026-10-08T16:58:00.556548+00:00",
        "link": "https://www.sgb.gov.br/sace/sace_nivel/api_estacoes_situacao.php"
      },
      "geometry": {
        "type": "Point",
        "coordinates": [
          -36.2186,
          -8.8825
        ]
      }
    },
    {
      "type": "Feature",
      "properties": {
        "title": "CORRENTES - 39690000 | Normal",
        "nome": "CORRENTES - 39690000",
        "sigla_pm": "",
        "tipo": "SGB",
        "categoria": "Estação hidrológica",
        "status": "Normal",
        "severity_group": "normal",
        "is_active": false,
        "bacia": "mundau",
        "descricao": "Bacia: mundau",
        "updated_at": "2026-10-08T16:58:00.556555+00:00",
        "link": "https://www.sgb.gov.br/sace/sace_nivel/api_estacoes_situacao.php"
      },
      "geometry": {
        "type": "Point",
        "coordinates": [
          -36.3227,
          -9.1315
        ]
      }
    },
    {
      "type": "Feature",
      "properties": {
        "title": "FAZENDA BOA FORTUNA - 39770000 | Normal",
        "nome": "FAZENDA BOA FORTUNA - 39770000",
        "sigla_pm": "",
        "tipo": "SGB",
        "categoria": "Estação hidrológica",
        "status": "Normal",
        "severity_group": "normal",
        "is_active": false,
        "bacia": "mundau",
        "descricao": "Bacia: mundau",
        "updated_at": "2026-10-08T16:58:00.556559+00:00",
        "link": "https://www.sgb.gov.br/sace/sace_nivel/api_estacoes_situacao.php"
      },
      "geometry": {
        "type": "Point",
        "coordinates": [
          -35.8597,
          -9.4672
        ]
      }
    },
    {
      "type": "Feature",
      "properties": {
        "title": "MURICI PONTE - 39760000 | Normal",
        "nome": "MURICI PONTE - 39760000",
        "sigla_pm": "",
        "tipo": "SGB",
        "categoria": "Estação hidrológica",
        "status": "Normal",
        "severity_group": "normal",
        "is_active": false,
        "bacia": "mundau",
        "descricao": "Bacia: mundau",
        "updated_at": "2026-10-08T16:58:00.556563+00:00",
        "link": "https://www.sgb.gov.br/sace/sace_nivel/api_estacoes_situacao.php"
      },
      "geometry": {
        "type": "Point",
        "coordinates": [
          -35.9497,
          -9.3136
        ]
      }
    },
    {
      "type": "Feature",
      "properties": {
        "title": "PALMEIRINA - 39715000 | Normal",
        "nome": "PALMEIRINA - 39715000",
        "sigla_pm": "",
        "tipo": "SGB",
        "categoria": "Estação hidrológica",
        "status": "Normal",
        "severity_group": "normal",
        "is_active": false,
        "bacia": "mundau",
        "descricao": "Bacia: mundau",
        "updated_at": "2026-10-08T16:58:00.556566+00:00",
        "link": "https://www.sgb.gov.br/sace/sace_nivel/api_estacoes_situacao.php"
      },
      "geometry": {
        "type": "Point",
        "coordinates": [
          -36.3264,
          -9.00194
        ]
      }
    },
    {
      "type": "Feature",
      "properties": {
        "title": "SANTANA DO MUNDAÚ | Normal",
        "nome": "SANTANA DO MUNDAÚ",
        "sigla_pm": "",
        "tipo": "SGB",
        "categoria": "Estação hidrológica",
        "status": "Normal",
        "severity_group": "normal",
        "is_active": false,
        "bacia": "mundau",
        "descricao": "Bacia: mundau",
        "updated_at": "2026-10-08T16:58:00.556570+00:00",
        "link": "https://www.sgb.gov.br/sace/sace_nivel/api_estacoes_situacao.php"
      },
      "geometry": {
        "type": "Point",
        "coordinates": [
          -36.2175,
          -9.1678
        ]
      }
    },
    {
      "type": "Feature",
      "properties": {
        "title": "SÃO JOSÉ DA LAJE - 39720000 | Normal",
        "nome": "SÃO JOSÉ DA LAJE - 39720000",
        "sigla_pm": "",
        "tipo": "SGB",
        "categoria": "Estação hidrológica",
        "status": "Normal",
        "severity_group": "normal",
        "is_active": false,
        "bacia": "mundau",
        "descricao": "Bacia: mundau",
        "updated_at": "2026-10-08T16:58:00.556573+00:00",
        "link": "https://www.sgb.gov.br/sace/sace_nivel/api_estacoes_situacao.php"
      },
      "geometry": {
        "type": "Point",
        "coordinates": [
          -36.0511,
          -9.0042
        ]
      }
    },
    {
      "type": "Feature",
      "properties": {
        "title": "UNIÃO DOS  PALMARES - 39740000 | Normal",
        "nome": "UNIÃO DOS  PALMARES - 39740000",
        "sigla_pm": "",
        "tipo": "SGB",
        "categoria": "Estação hidrológica",
        "status": "Normal",
        "severity_group": "normal",
        "is_active": false,
        "bacia": "mundau",
        "descricao": "Bacia: mundau",
        "updated_at": "2026-10-08T16:58:00.556577+00:00",
        "link": "https://www.sgb.gov.br/sace/sace_nivel/api_estacoes_situacao.php"
      },
      "geometry": {
        "type": "Point",
        "coordinates": [
          -36.0358,
          -9.1544
        ]
      }
    },
    {
      "type": "Feature",
      "properties": {
        "title": "58920000 - PATROCÍNIO DO MURIAÉ | Normal",
        "nome": "58920000 - PATROCÍNIO DO MURIAÉ",
        "sigla_pm": "",
        "tipo": "SGB",
        "categoria": "Estação hidrológica",
        "status": "Normal",
        "severity_group": "normal",
        "is_active": false,
        "bacia": "muriae",
        "descricao": "Bacia: muriae",
        "updated_at": "2026-10-08T16:58:00.556581+00:00",
        "link": "https://www.sgb.gov.br/sace/sace_nivel/api_estacoes_situacao.php"
      },
      "geometry": {
        "type": "Point",
        "coordinates": [
          -42.21444,
          -21.15056
        ]
      }
    },
    {
      "type": "Feature",
      "properties": {
        "title": "58930000 - CARANGOLA | Normal",
        "nome": "58930000 - CARANGOLA",
        "sigla_pm": "",
        "tipo": "SGB",
        "categoria": "Estação hidrológica",
        "status": "Normal",
        "severity_group": "normal",
        "is_active": false,
        "bacia": "muriae",
        "descricao": "Bacia: muriae",
        "updated_at": "2026-10-08T16:58:00.556584+00:00",
        "link": "https://www.sgb.gov.br/sace/sace_nivel/api_estacoes_situacao.php"
      },
      "geometry": {
        "type": "Point",
        "coordinates": [
          -42.02389,
          -20.73833
        ]
      }
    },
    {
      "type": "Feature",
      "properties": {
        "title": "58934000 - PORCIÚNCULA | Normal",
        "nome": "58934000 - PORCIÚNCULA",
        "sigla_pm": "",
        "tipo": "SGB",
        "categoria": "Estação hidrológica",
        "status": "Normal",
        "severity_group": "normal",
        "is_active": false,
        "bacia": "muriae",
        "descricao": "Bacia: muriae",
        "updated_at": "2026-10-08T16:58:00.556588+00:00",
        "link": "https://www.sgb.gov.br/sace/sace_nivel/api_estacoes_situacao.php"
      },
      "geometry": {
        "type": "Point",
        "coordinates": [
          -42.03778,
          -20.96139
        ]
      }
    },
    {
      "type": "Feature",
      "properties": {
        "title": "58940000 - ITAPERUNA | Normal",
        "nome": "58940000 - ITAPERUNA",
        "sigla_pm": "",
        "tipo": "SGB",
        "categoria": "Estação hidrológica",
        "status": "Normal",
        "severity_group": "normal",
        "is_active": false,
        "bacia": "muriae",
        "descricao": "Bacia: muriae",
        "updated_at": "2026-10-08T16:58:00.556593+00:00",
        "link": "https://www.sgb.gov.br/sace/sace_nivel/api_estacoes_situacao.php"
      },
      "geometry": {
        "type": "Point",
        "coordinates": [
          -41.89194,
          -21.20722
        ]
      }
    },
    {
      "type": "Feature",
      "properties": {
        "title": "58960000 - CARDOSO MOREIRA | Normal",
        "nome": "58960000 - CARDOSO MOREIRA",
        "sigla_pm": "",
        "tipo": "SGB",
        "categoria": "Estação hidrológica",
        "status": "Normal",
        "severity_group": "normal",
        "is_active": false,
        "bacia": "muriae",
        "descricao": "Bacia: muriae",
        "updated_at": "2026-10-08T16:58:00.556597+00:00",
        "link": "https://www.sgb.gov.br/sace/sace_nivel/api_estacoes_situacao.php"
      },
      "geometry": {
        "type": "Point",
        "coordinates": [
          -41.61333,
          -21.49139
        ]
      }
    },
    {
      "type": "Feature",
      "properties": {
        "title": "58974000 - CAMPOS | Normal",
        "nome": "58974000 - CAMPOS",
        "sigla_pm": "",
        "tipo": "SGB",
        "categoria": "Estação hidrológica",
        "status": "Normal",
        "severity_group": "normal",
        "is_active": false,
        "bacia": "muriae",
        "descricao": "Bacia: muriae",
        "updated_at": "2026-10-08T16:58:00.556602+00:00",
        "link": "https://www.sgb.gov.br/sace/sace_nivel/api_estacoes_situacao.php"
      },
      "geometry": {
        "type": "Point",
        "coordinates": [
          -41.32434,
          -21.75094
        ]
      }
    },
    {
      "type": "Feature",
      "properties": {
        "title": "AQUIDAUANA | Normal",
        "nome": "AQUIDAUANA",
        "sigla_pm": "",
        "tipo": "SGB",
        "categoria": "Estação hidrológica",
        "status": "Normal",
        "severity_group": "normal",
        "is_active": false,
        "bacia": "paraguai",
        "descricao": "Bacia: paraguai",
        "updated_at": "2026-10-08T16:58:00.556608+00:00",
        "link": "https://www.sgb.gov.br/sace/sace_nivel/api_estacoes_situacao.php"
      },
      "geometry": {
        "type": "Point",
        "coordinates": [
          -55.8,
          -20.47
        ]
      }
    },
    {
      "type": "Feature",
      "properties": {
        "title": "BARRA DO BUGRES | Normal",
        "nome": "BARRA DO BUGRES",
        "sigla_pm": "",
        "tipo": "SGB",
        "categoria": "Estação hidrológica",
        "status": "Normal",
        "severity_group": "normal",
        "is_active": false,
        "bacia": "paraguai",
        "descricao": "Bacia: paraguai",
        "updated_at": "2026-10-08T16:58:00.556611+00:00",
        "link": "https://www.sgb.gov.br/sace/sace_nivel/api_estacoes_situacao.php"
      },
      "geometry": {
        "type": "Point",
        "coordinates": [
          -57.18,
          -15.07
        ]
      }
    },
    {
      "type": "Feature",
      "properties": {
        "title": "BELA VISTA DO NORTE | Normal",
        "nome": "BELA VISTA DO NORTE",
        "sigla_pm": "",
        "tipo": "SGB",
        "categoria": "Estação hidrológica",
        "status": "Normal",
        "severity_group": "normal",
        "is_active": false,
        "bacia": "paraguai",
        "descricao": "Bacia: paraguai",
        "updated_at": "2026-10-08T16:58:00.556615+00:00",
        "link": "https://www.sgb.gov.br/sace/sace_nivel/api_estacoes_situacao.php"
      },
      "geometry": {
        "type": "Point",
        "coordinates": [
          -57.69,
          -17.64
        ]
      }
    },
    {
      "type": "Feature",
      "properties": {
        "title": "COXIM | Normal",
        "nome": "COXIM",
        "sigla_pm": "",
        "tipo": "SGB",
        "categoria": "Estação hidrológica",
        "status": "Normal",
        "severity_group": "normal",
        "is_active": false,
        "bacia": "paraguai",
        "descricao": "Bacia: paraguai",
        "updated_at": "2026-10-08T16:58:00.556618+00:00",
        "link": "https://www.sgb.gov.br/sace/sace_nivel/api_estacoes_situacao.php"
      },
      "geometry": {
        "type": "Point",
        "coordinates": [
          -54.76,
          -18.5
        ]
      }
    },
    {
      "type": "Feature",
      "properties": {
        "title": "CÁCERES (DNPVN) | Normal",
        "nome": "CÁCERES (DNPVN)",
        "sigla_pm": "",
        "tipo": "SGB",
        "categoria": "Estação hidrológica",
        "status": "Normal",
        "severity_group": "normal",
        "is_active": false,
        "bacia": "paraguai",
        "descricao": "Bacia: paraguai",
        "updated_at": "2026-10-08T16:58:00.556622+00:00",
        "link": "https://www.sgb.gov.br/sace/sace_nivel/api_estacoes_situacao.php"
      },
      "geometry": {
        "type": "Point",
        "coordinates": [
          -57.7,
          -16.07
        ]
      }
    },
    {
      "type": "Feature",
      "properties": {
        "title": "ESTRADA MT-738 | Normal",
        "nome": "ESTRADA MT-738",
        "sigla_pm": "",
        "tipo": "SGB",
        "categoria": "Estação hidrológica",
        "status": "Normal",
        "severity_group": "normal",
        "is_active": false,
        "bacia": "paraguai",
        "descricao": "Bacia: paraguai",
        "updated_at": "2026-10-08T16:58:00.556625+00:00",
        "link": "https://www.sgb.gov.br/sace/sace_nivel/api_estacoes_situacao.php"
      },
      "geometry": {
        "type": "Point",
        "coordinates": [
          -56.09,
          -20.76
        ]
      }
    },
    {
      "type": "Feature",
      "properties": {
        "title": "FORTE COIMBRA | Normal",
        "nome": "FORTE COIMBRA",
        "sigla_pm": "",
        "tipo": "SGB",
        "categoria": "Estação hidrológica",
        "status": "Normal",
        "severity_group": "normal",
        "is_active": false,
        "bacia": "paraguai",
        "descricao": "Bacia: paraguai",
        "updated_at": "2026-10-08T16:58:00.556629+00:00",
        "link": "https://www.sgb.gov.br/sace/sace_nivel/api_estacoes_situacao.php"
      },
      "geometry": {
        "type": "Point",
        "coordinates": [
          -57.78,
          -19.91
        ]
      }
    },
    {
      "type": "Feature",
      "properties": {
        "title": "LADÁRIO (BASE NAVAL) | Normal",
        "nome": "LADÁRIO (BASE NAVAL)",
        "sigla_pm": "",
        "tipo": "SGB",
        "categoria": "Estação hidrológica",
        "status": "Normal",
        "severity_group": "normal",
        "is_active": false,
        "bacia": "paraguai",
        "descricao": "Bacia: paraguai",
        "updated_at": "2026-10-08T16:58:00.556635+00:00",
        "link": "https://www.sgb.gov.br/sace/sace_nivel/api_estacoes_situacao.php"
      },
      "geometry": {
        "type": "Point",
        "coordinates": [
          -57.59,
          -19.0
        ]
      }
    },
    {
      "type": "Feature",
      "properties": {
        "title": "MIRANDA | Normal",
        "nome": "MIRANDA",
        "sigla_pm": "",
        "tipo": "SGB",
        "categoria": "Estação hidrológica",
        "status": "Normal",
        "severity_group": "normal",
        "is_active": false,
        "bacia": "paraguai",
        "descricao": "Bacia: paraguai",
        "updated_at": "2026-10-08T16:58:00.556638+00:00",
        "link": "https://www.sgb.gov.br/sace/sace_nivel/api_estacoes_situacao.php"
      },
      "geometry": {
        "type": "Point",
        "coordinates": [
          -56.39,
          -20.24
        ]
      }
    },
    {
      "type": "Feature",
      "properties": {
        "title": "PALMEIRAS | Normal",
        "nome": "PALMEIRAS",
        "sigla_pm": "",
        "tipo": "SGB",
        "categoria": "Estação hidrológica",
        "status": "Normal",
        "severity_group": "normal",
        "is_active": false,
        "bacia": "paraguai",
        "descricao": "Bacia: paraguai",
        "updated_at": "2026-10-08T16:58:00.556642+00:00",
        "link": "https://www.sgb.gov.br/sace/sace_nivel/api_estacoes_situacao.php"
      },
      "geometry": {
        "type": "Point",
        "coordinates": [
          -55.42,
          -20.44
        ]
      }
    },
    {
      "type": "Feature",
      "properties": {
        "title": "PORTO CONCEIÇÃO | Normal",
        "nome": "PORTO CONCEIÇÃO",
        "sigla_pm": "",
        "tipo": "SGB",
        "categoria": "Estação hidrológica",
        "status": "Normal",
        "severity_group": "normal",
        "is_active": false,
        "bacia": "paraguai",
        "descricao": "Bacia: paraguai",
        "updated_at": "2026-10-08T16:58:00.556646+00:00",
        "link": "https://www.sgb.gov.br/sace/sace_nivel/api_estacoes_situacao.php"
      },
      "geometry": {
        "type": "Point",
        "coordinates": [
          -57.35,
          -17.14
        ]
      }
    },
    {
      "type": "Feature",
      "properties": {
        "title": "PORTO ESPERANÇA | Normal",
        "nome": "PORTO ESPERANÇA",
        "sigla_pm": "",
        "tipo": "SGB",
        "categoria": "Estação hidrológica",
        "status": "Normal",
        "severity_group": "normal",
        "is_active": false,
        "bacia": "paraguai",
        "descricao": "Bacia: paraguai",
        "updated_at": "2026-10-08T16:58:00.556649+00:00",
        "link": "https://www.sgb.gov.br/sace/sace_nivel/api_estacoes_situacao.php"
      },
      "geometry": {
        "type": "Point",
        "coordinates": [
          -57.43,
          -19.6
        ]
      }
    },
    {
      "type": "Feature",
      "properties": {
        "title": "PORTO MURTINHO | Normal",
        "nome": "PORTO MURTINHO",
        "sigla_pm": "",
        "tipo": "SGB",
        "categoria": "Estação hidrológica",
        "status": "Normal",
        "severity_group": "normal",
        "is_active": false,
        "bacia": "paraguai",
        "descricao": "Bacia: paraguai",
        "updated_at": "2026-10-08T16:58:00.556653+00:00",
        "link": "https://www.sgb.gov.br/sace/sace_nivel/api_estacoes_situacao.php"
      },
      "geometry": {
        "type": "Point",
        "coordinates": [
          -57.89,
          -21.7
        ]
      }
    },
    {
      "type": "Feature",
      "properties": {
        "title": "POUSADA TAIAMÃ  (Ex-Porto Jofre) | Normal",
        "nome": "POUSADA TAIAMÃ  (Ex-Porto Jofre)",
        "sigla_pm": "",
        "tipo": "SGB",
        "categoria": "Estação hidrológica",
        "status": "Normal",
        "severity_group": "normal",
        "is_active": false,
        "bacia": "paraguai",
        "descricao": "Bacia: paraguai",
        "updated_at": "2026-10-08T16:58:00.556658+00:00",
        "link": "https://www.sgb.gov.br/sace/sace_nivel/api_estacoes_situacao.php"
      },
      "geometry": {
        "type": "Point",
        "coordinates": [
          -56.77,
          -17.36
        ]
      }
    },
    {
      "type": "Feature",
      "properties": {
        "title": "SÃO JERÔNIMO | Normal",
        "nome": "SÃO JERÔNIMO",
        "sigla_pm": "",
        "tipo": "SGB",
        "categoria": "Estação hidrológica",
        "status": "Normal",
        "severity_group": "normal",
        "is_active": false,
        "bacia": "paraguai",
        "descricao": "Bacia: paraguai",
        "updated_at": "2026-10-08T16:58:00.556664+00:00",
        "link": "https://www.sgb.gov.br/sace/sace_nivel/api_estacoes_situacao.php"
      },
      "geometry": {
        "type": "Point",
        "coordinates": [
          -56.0,
          -17.2
        ]
      }
    },
    {
      "type": "Feature",
      "properties": {
        "title": "SÃO JOSÉ DO PIQUIRI | Normal",
        "nome": "SÃO JOSÉ DO PIQUIRI",
        "sigla_pm": "",
        "tipo": "SGB",
        "categoria": "Estação hidrológica",
        "status": "Normal",
        "severity_group": "normal",
        "is_active": false,
        "bacia": "paraguai",
        "descricao": "Bacia: paraguai",
        "updated_at": "2026-10-08T16:58:00.556667+00:00",
        "link": "https://www.sgb.gov.br/sace/sace_nivel/api_estacoes_situacao.php"
      },
      "geometry": {
        "type": "Point",
        "coordinates": [
          -56.38,
          -17.29
        ]
      }
    },
    {
      "type": "Feature",
      "properties": {
        "title": "Alto do Parnaíba | Normal",
        "nome": "Alto do Parnaíba",
        "sigla_pm": "",
        "tipo": "SGB",
        "categoria": "Estação hidrológica",
        "status": "Normal",
        "severity_group": "normal",
        "is_active": false,
        "bacia": "parnaiba",
        "descricao": "Bacia: parnaiba",
        "updated_at": "2026-10-08T16:58:00.556671+00:00",
        "link": "https://www.sgb.gov.br/sace/sace_nivel/api_estacoes_situacao.php"
      },
      "geometry": {
        "type": "Point",
        "coordinates": [
          -45.92611,
          -9.11314
        ]
      }
    },
    {
      "type": "Feature",
      "properties": {
        "title": "Balsas | Normal",
        "nome": "Balsas",
        "sigla_pm": "",
        "tipo": "SGB",
        "categoria": "Estação hidrológica",
        "status": "Normal",
        "severity_group": "normal",
        "is_active": false,
        "bacia": "parnaiba",
        "descricao": "Bacia: parnaiba",
        "updated_at": "2026-10-08T16:58:00.556676+00:00",
        "link": "https://www.sgb.gov.br/sace/sace_nivel/api_estacoes_situacao.php"
      },
      "geometry": {
        "type": "Point",
        "coordinates": [
          -46.03611,
          -7.53483
        ]
      }
    },
    {
      "type": "Feature",
      "properties": {
        "title": "Barra do Lance | Normal",
        "nome": "Barra do Lance",
        "sigla_pm": "",
        "tipo": "SGB",
        "categoria": "Estação hidrológica",
        "status": "Normal",
        "severity_group": "normal",
        "is_active": false,
        "bacia": "parnaiba",
        "descricao": "Bacia: parnaiba",
        "updated_at": "2026-10-08T16:58:00.556680+00:00",
        "link": "https://www.sgb.gov.br/sace/sace_nivel/api_estacoes_situacao.php"
      },
      "geometry": {
        "type": "Point",
        "coordinates": [
          -43.64897,
          -7.24714
        ]
      }
    },
    {
      "type": "Feature",
      "properties": {
        "title": "Barão de Grajaú | Normal",
        "nome": "Barão de Grajaú",
        "sigla_pm": "",
        "tipo": "SGB",
        "categoria": "Estação hidrológica",
        "status": "Normal",
        "severity_group": "normal",
        "is_active": false,
        "bacia": "parnaiba",
        "descricao": "Bacia: parnaiba",
        "updated_at": "2026-10-08T16:58:00.556684+00:00",
        "link": "https://www.sgb.gov.br/sace/sace_nivel/api_estacoes_situacao.php"
      },
      "geometry": {
        "type": "Point",
        "coordinates": [
          -43.0264,
          -6.7619
        ]
      }
    },
    {
      "type": "Feature",
      "properties": {
        "title": "Coelho Neto | Normal",
        "nome": "Coelho Neto",
        "sigla_pm": "",
        "tipo": "SGB",
        "categoria": "Estação hidrológica",
        "status": "Normal",
        "severity_group": "normal",
        "is_active": false,
        "bacia": "parnaiba",
        "descricao": "Bacia: parnaiba",
        "updated_at": "2026-10-08T16:58:00.556689+00:00",
        "link": "https://www.sgb.gov.br/sace/sace_nivel/api_estacoes_situacao.php"
      },
      "geometry": {
        "type": "Point",
        "coordinates": [
          -42.98558,
          -4.28886
        ]
      }
    },
    {
      "type": "Feature",
      "properties": {
        "title": "Cristino Castro II | Normal",
        "nome": "Cristino Castro II",
        "sigla_pm": "",
        "tipo": "SGB",
        "categoria": "Estação hidrológica",
        "status": "Normal",
        "severity_group": "normal",
        "is_active": false,
        "bacia": "parnaiba",
        "descricao": "Bacia: parnaiba",
        "updated_at": "2026-10-08T16:58:00.556693+00:00",
        "link": "https://www.sgb.gov.br/sace/sace_nivel/api_estacoes_situacao.php"
      },
      "geometry": {
        "type": "Point",
        "coordinates": [
          -44.20706,
          -8.7925
        ]
      }
    },
    {
      "type": "Feature",
      "properties": {
        "title": "Esperantina | Normal",
        "nome": "Esperantina",
        "sigla_pm": "",
        "tipo": "SGB",
        "categoria": "Estação hidrológica",
        "status": "Normal",
        "severity_group": "normal",
        "is_active": false,
        "bacia": "parnaiba",
        "descricao": "Bacia: parnaiba",
        "updated_at": "2026-10-08T16:58:00.556696+00:00",
        "link": "https://www.sgb.gov.br/sace/sace_nivel/api_estacoes_situacao.php"
      },
      "geometry": {
        "type": "Point",
        "coordinates": [
          -42.23,
          -3.9
        ]
      }
    },
    {
      "type": "Feature",
      "properties": {
        "title": "Fazenda Alegria | Normal",
        "nome": "Fazenda Alegria",
        "sigla_pm": "",
        "tipo": "SGB",
        "categoria": "Estação hidrológica",
        "status": "Normal",
        "severity_group": "normal",
        "is_active": false,
        "bacia": "parnaiba",
        "descricao": "Bacia: parnaiba",
        "updated_at": "2026-10-08T16:58:00.556700+00:00",
        "link": "https://www.sgb.gov.br/sace/sace_nivel/api_estacoes_situacao.php"
      },
      "geometry": {
        "type": "Point",
        "coordinates": [
          -42.18128,
          -4.40964
        ]
      }
    },
    {
      "type": "Feature",
      "properties": {
        "title": "Fazenda Bandeira | Normal",
        "nome": "Fazenda Bandeira",
        "sigla_pm": "",
        "tipo": "SGB",
        "categoria": "Estação hidrológica",
        "status": "Normal",
        "severity_group": "normal",
        "is_active": false,
        "bacia": "parnaiba",
        "descricao": "Bacia: parnaiba",
        "updated_at": "2026-10-08T16:58:00.556704+00:00",
        "link": "https://www.sgb.gov.br/sace/sace_nivel/api_estacoes_situacao.php"
      },
      "geometry": {
        "type": "Point",
        "coordinates": [
          -44.61381,
          -7.39044
        ]
      }
    },
    {
      "type": "Feature",
      "properties": {
        "title": "Fazenda Boa Esperança | Normal",
        "nome": "Fazenda Boa Esperança",
        "sigla_pm": "",
        "tipo": "SGB",
        "categoria": "Estação hidrológica",
        "status": "Normal",
        "severity_group": "normal",
        "is_active": false,
        "bacia": "parnaiba",
        "descricao": "Bacia: parnaiba",
        "updated_at": "2026-10-08T16:58:00.556709+00:00",
        "link": "https://www.sgb.gov.br/sace/sace_nivel/api_estacoes_situacao.php"
      },
      "geometry": {
        "type": "Point",
        "coordinates": [
          -41.7375,
          -5.22305
        ]
      }
    },
    {
      "type": "Feature",
      "properties": {
        "title": "Fazenda Cantinho II | Normal",
        "nome": "Fazenda Cantinho II",
        "sigla_pm": "",
        "tipo": "SGB",
        "categoria": "Estação hidrológica",
        "status": "Normal",
        "severity_group": "normal",
        "is_active": false,
        "bacia": "parnaiba",
        "descricao": "Bacia: parnaiba",
        "updated_at": "2026-10-08T16:58:00.556713+00:00",
        "link": "https://www.sgb.gov.br/sace/sace_nivel/api_estacoes_situacao.php"
      },
      "geometry": {
        "type": "Point",
        "coordinates": [
          -42.69667,
          -5.2025
        ]
      }
    },
    {
      "type": "Feature",
      "properties": {
        "title": "Fazenda Paracati II | Normal",
        "nome": "Fazenda Paracati II",
        "sigla_pm": "",
        "tipo": "SGB",
        "categoria": "Estação hidrológica",
        "status": "Normal",
        "severity_group": "normal",
        "is_active": false,
        "bacia": "parnaiba",
        "descricao": "Bacia: parnaiba",
        "updated_at": "2026-10-08T16:58:00.556718+00:00",
        "link": "https://www.sgb.gov.br/sace/sace_nivel/api_estacoes_situacao.php"
      },
      "geometry": {
        "type": "Point",
        "coordinates": [
          -45.66472,
          -8.27167
        ]
      }
    },
    {
      "type": "Feature",
      "properties": {
        "title": "Fazenda Talhada II | Normal",
        "nome": "Fazenda Talhada II",
        "sigla_pm": "",
        "tipo": "SGB",
        "categoria": "Estação hidrológica",
        "status": "Normal",
        "severity_group": "normal",
        "is_active": false,
        "bacia": "parnaiba",
        "descricao": "Bacia: parnaiba",
        "updated_at": "2026-10-08T16:58:00.556721+00:00",
        "link": "https://www.sgb.gov.br/sace/sace_nivel/api_estacoes_situacao.php"
      },
      "geometry": {
        "type": "Point",
        "coordinates": [
          -42.08833,
          -6.98611
        ]
      }
    },
    {
      "type": "Feature",
      "properties": {
        "title": "Fazenda Veneza | Normal",
        "nome": "Fazenda Veneza",
        "sigla_pm": "",
        "tipo": "SGB",
        "categoria": "Estação hidrológica",
        "status": "Normal",
        "severity_group": "normal",
        "is_active": false,
        "bacia": "parnaiba",
        "descricao": "Bacia: parnaiba",
        "updated_at": "2026-10-08T16:58:00.556725+00:00",
        "link": "https://www.sgb.gov.br/sace/sace_nivel/api_estacoes_situacao.php"
      },
      "geometry": {
        "type": "Point",
        "coordinates": [
          -43.02436,
          -5.57206
        ]
      }
    },
    {
      "type": "Feature",
      "properties": {
        "title": "Formosa do Uruçuí Preto | Normal",
        "nome": "Formosa do Uruçuí Preto",
        "sigla_pm": "",
        "tipo": "SGB",
        "categoria": "Estação hidrológica",
        "status": "Normal",
        "severity_group": "normal",
        "is_active": false,
        "bacia": "parnaiba",
        "descricao": "Bacia: parnaiba",
        "updated_at": "2026-10-08T16:58:00.556730+00:00",
        "link": "https://www.sgb.gov.br/sace/sace_nivel/api_estacoes_situacao.php"
      },
      "geometry": {
        "type": "Point",
        "coordinates": [
          -44.88528,
          -8.67222
        ]
      }
    },
    {
      "type": "Feature",
      "properties": {
        "title": "Francisco Ayres | Normal",
        "nome": "Francisco Ayres",
        "sigla_pm": "",
        "tipo": "SGB",
        "categoria": "Estação hidrológica",
        "status": "Normal",
        "severity_group": "normal",
        "is_active": false,
        "bacia": "parnaiba",
        "descricao": "Bacia: parnaiba",
        "updated_at": "2026-10-08T16:58:00.556734+00:00",
        "link": "https://www.sgb.gov.br/sace/sace_nivel/api_estacoes_situacao.php"
      },
      "geometry": {
        "type": "Point",
        "coordinates": [
          -42.69765,
          -6.62255
        ]
      }
    },
    {
      "type": "Feature",
      "properties": {
        "title": "Guadalupe | Normal",
        "nome": "Guadalupe",
        "sigla_pm": "",
        "tipo": "SGB",
        "categoria": "Estação hidrológica",
        "status": "Normal",
        "severity_group": "normal",
        "is_active": false,
        "bacia": "parnaiba",
        "descricao": "Bacia: parnaiba",
        "updated_at": "2026-10-08T16:58:00.556737+00:00",
        "link": "https://www.sgb.gov.br/sace/sace_nivel/api_estacoes_situacao.php"
      },
      "geometry": {
        "type": "Point",
        "coordinates": [
          -43.5471,
          -6.77234
        ]
      }
    },
    {
      "type": "Feature",
      "properties": {
        "title": "Luzilândia | Normal",
        "nome": "Luzilândia",
        "sigla_pm": "",
        "tipo": "SGB",
        "categoria": "Estação hidrológica",
        "status": "Normal",
        "severity_group": "normal",
        "is_active": false,
        "bacia": "parnaiba",
        "descricao": "Bacia: parnaiba",
        "updated_at": "2026-10-08T16:58:00.556741+00:00",
        "link": "https://www.sgb.gov.br/sace/sace_nivel/api_estacoes_situacao.php"
      },
      "geometry": {
        "type": "Point",
        "coordinates": [
          -42.36992,
          -3.45436
        ]
      }
    },
    {
      "type": "Feature",
      "properties": {
        "title": "Pedra Branca | Normal",
        "nome": "Pedra Branca",
        "sigla_pm": "",
        "tipo": "SGB",
        "categoria": "Estação hidrológica",
        "status": "Normal",
        "severity_group": "normal",
        "is_active": false,
        "bacia": "parnaiba",
        "descricao": "Bacia: parnaiba",
        "updated_at": "2026-10-08T16:58:00.556744+00:00",
        "link": "https://www.sgb.gov.br/sace/sace_nivel/api_estacoes_situacao.php"
      },
      "geometry": {
        "type": "Point",
        "coordinates": [
          -42.40722,
          -4.39306
        ]
      }
    },
    {
      "type": "Feature",
      "properties": {
        "title": "Pedrinhas | Normal",
        "nome": "Pedrinhas",
        "sigla_pm": "",
        "tipo": "SGB",
        "categoria": "Estação hidrológica",
        "status": "Normal",
        "severity_group": "normal",
        "is_active": false,
        "bacia": "parnaiba",
        "descricao": "Bacia: parnaiba",
        "updated_at": "2026-10-08T16:58:00.556748+00:00",
        "link": "https://www.sgb.gov.br/sace/sace_nivel/api_estacoes_situacao.php"
      },
      "geometry": {
        "type": "Point",
        "coordinates": [
          -42.30539,
          -4.23775
        ]
      }
    },
    {
      "type": "Feature",
      "properties": {
        "title": "Piracuruca | Normal",
        "nome": "Piracuruca",
        "sigla_pm": "",
        "tipo": "SGB",
        "categoria": "Estação hidrológica",
        "status": "Normal",
        "severity_group": "normal",
        "is_active": false,
        "bacia": "parnaiba",
        "descricao": "Bacia: parnaiba",
        "updated_at": "2026-10-08T16:58:00.556751+00:00",
        "link": "https://www.sgb.gov.br/sace/sace_nivel/api_estacoes_situacao.php"
      },
      "geometry": {
        "type": "Point",
        "coordinates": [
          -41.71769,
          -3.93739
        ]
      }
    },
    {
      "type": "Feature",
      "properties": {
        "title": "Ponte da Itaueira | Normal",
        "nome": "Ponte da Itaueira",
        "sigla_pm": "",
        "tipo": "SGB",
        "categoria": "Estação hidrológica",
        "status": "Normal",
        "severity_group": "normal",
        "is_active": false,
        "bacia": "parnaiba",
        "descricao": "Bacia: parnaiba",
        "updated_at": "2026-10-08T16:58:00.556757+00:00",
        "link": "https://www.sgb.gov.br/sace/sace_nivel/api_estacoes_situacao.php"
      },
      "geometry": {
        "type": "Point",
        "coordinates": [
          -42.95778,
          -6.80956
        ]
      }
    },
    {
      "type": "Feature",
      "properties": {
        "title": "Prata do Piaui | Normal",
        "nome": "Prata do Piaui",
        "sigla_pm": "",
        "tipo": "SGB",
        "categoria": "Estação hidrológica",
        "status": "Normal",
        "severity_group": "normal",
        "is_active": false,
        "bacia": "parnaiba",
        "descricao": "Bacia: parnaiba",
        "updated_at": "2026-10-08T16:58:00.556762+00:00",
        "link": "https://www.sgb.gov.br/sace/sace_nivel/api_estacoes_situacao.php"
      },
      "geometry": {
        "type": "Point",
        "coordinates": [
          -42.20528,
          -5.66244
        ]
      }
    },
    {
      "type": "Feature",
      "properties": {
        "title": "Redenção do Gurguéia | Normal",
        "nome": "Redenção do Gurguéia",
        "sigla_pm": "",
        "tipo": "SGB",
        "categoria": "Estação hidrológica",
        "status": "Normal",
        "severity_group": "normal",
        "is_active": false,
        "bacia": "parnaiba",
        "descricao": "Bacia: parnaiba",
        "updated_at": "2026-10-08T16:58:00.556766+00:00",
        "link": "https://www.sgb.gov.br/sace/sace_nivel/api_estacoes_situacao.php"
      },
      "geometry": {
        "type": "Point",
        "coordinates": [
          -44.60139,
          -9.53972
        ]
      }
    },
    {
      "type": "Feature",
      "properties": {
        "title": "Santa Cruz do Piauí II | Normal",
        "nome": "Santa Cruz do Piauí II",
        "sigla_pm": "",
        "tipo": "SGB",
        "categoria": "Estação hidrológica",
        "status": "Normal",
        "severity_group": "normal",
        "is_active": false,
        "bacia": "parnaiba",
        "descricao": "Bacia: parnaiba",
        "updated_at": "2026-10-08T16:58:00.556770+00:00",
        "link": "https://www.sgb.gov.br/sace/sace_nivel/api_estacoes_situacao.php"
      },
      "geometry": {
        "type": "Point",
        "coordinates": [
          -41.7705,
          -7.18597
        ]
      }
    },
    {
      "type": "Feature",
      "properties": {
        "title": "São Felix de Balsas | Normal",
        "nome": "São Felix de Balsas",
        "sigla_pm": "",
        "tipo": "SGB",
        "categoria": "Estação hidrológica",
        "status": "Normal",
        "severity_group": "normal",
        "is_active": false,
        "bacia": "parnaiba",
        "descricao": "Bacia: parnaiba",
        "updated_at": "2026-10-08T16:58:00.556773+00:00",
        "link": "https://www.sgb.gov.br/sace/sace_nivel/api_estacoes_situacao.php"
      },
      "geometry": {
        "type": "Point",
        "coordinates": [
          -44.81244,
          -7.08208
        ]
      }
    },
    {
      "type": "Feature",
      "properties": {
        "title": "São João do Piauí | Normal",
        "nome": "São João do Piauí",
        "sigla_pm": "",
        "tipo": "SGB",
        "categoria": "Estação hidrológica",
        "status": "Normal",
        "severity_group": "normal",
        "is_active": false,
        "bacia": "parnaiba",
        "descricao": "Bacia: parnaiba",
        "updated_at": "2026-10-08T16:58:00.556777+00:00",
        "link": "https://www.sgb.gov.br/sace/sace_nivel/api_estacoes_situacao.php"
      },
      "geometry": {
        "type": "Point",
        "coordinates": [
          -42.24539,
          -8.35608
        ]
      }
    },
    {
      "type": "Feature",
      "properties": {
        "title": "Sítio Velho | Normal",
        "nome": "Sítio Velho",
        "sigla_pm": "",
        "tipo": "SGB",
        "categoria": "Estação hidrológica",
        "status": "Normal",
        "severity_group": "normal",
        "is_active": false,
        "bacia": "parnaiba",
        "descricao": "Bacia: parnaiba",
        "updated_at": "2026-10-08T16:58:00.556782+00:00",
        "link": "https://www.sgb.gov.br/sace/sace_nivel/api_estacoes_situacao.php"
      },
      "geometry": {
        "type": "Point",
        "coordinates": [
          -44.82667,
          -7.38092
        ]
      }
    },
    {
      "type": "Feature",
      "properties": {
        "title": "Teresina Chesf | Normal",
        "nome": "Teresina Chesf",
        "sigla_pm": "",
        "tipo": "SGB",
        "categoria": "Estação hidrológica",
        "status": "Normal",
        "severity_group": "normal",
        "is_active": false,
        "bacia": "parnaiba",
        "descricao": "Bacia: parnaiba",
        "updated_at": "2026-10-08T16:58:00.556786+00:00",
        "link": "https://www.sgb.gov.br/sace/sace_nivel/api_estacoes_situacao.php"
      },
      "geometry": {
        "type": "Point",
        "coordinates": [
          -42.81108,
          -5.13522
        ]
      }
    },
    {
      "type": "Feature",
      "properties": {
        "title": "Tinguis | Normal",
        "nome": "Tinguis",
        "sigla_pm": "",
        "tipo": "SGB",
        "categoria": "Estação hidrológica",
        "status": "Normal",
        "severity_group": "normal",
        "is_active": false,
        "bacia": "parnaiba",
        "descricao": "Bacia: parnaiba",
        "updated_at": "2026-10-08T16:58:00.556789+00:00",
        "link": "https://www.sgb.gov.br/sace/sace_nivel/api_estacoes_situacao.php"
      },
      "geometry": {
        "type": "Point",
        "coordinates": [
          -41.97442,
          -3.72422
        ]
      }
    },
    {
      "type": "Feature",
      "properties": {
        "title": "58730001 - GUARANI | Normal",
        "nome": "58730001 - GUARANI",
        "sigla_pm": "",
        "tipo": "SGB",
        "categoria": "Estação hidrológica",
        "status": "Normal",
        "severity_group": "normal",
        "is_active": false,
        "bacia": "pomba",
        "descricao": "Bacia: pomba",
        "updated_at": "2026-10-08T16:58:00.556795+00:00",
        "link": "https://www.sgb.gov.br/sace/sace_nivel/api_estacoes_situacao.php"
      },
      "geometry": {
        "type": "Point",
        "coordinates": [
          -43.05009,
          -21.35621
        ]
      }
    },
    {
      "type": "Feature",
      "properties": {
        "title": "58735000 - ASTOLFO DUTRA | Normal",
        "nome": "58735000 - ASTOLFO DUTRA",
        "sigla_pm": "",
        "tipo": "SGB",
        "categoria": "Estação hidrológica",
        "status": "Normal",
        "severity_group": "normal",
        "is_active": false,
        "bacia": "pomba",
        "descricao": "Bacia: pomba",
        "updated_at": "2026-10-08T16:58:00.556800+00:00",
        "link": "https://www.sgb.gov.br/sace/sace_nivel/api_estacoes_situacao.php"
      },
      "geometry": {
        "type": "Point",
        "coordinates": [
          -42.86185,
          -21.3094
        ]
      }
    },
    {
      "type": "Feature",
      "properties": {
        "title": "58736000 - BARRA DO XOPOTÓ | Normal",
        "nome": "58736000 - BARRA DO XOPOTÓ",
        "sigla_pm": "",
        "tipo": "SGB",
        "categoria": "Estação hidrológica",
        "status": "Normal",
        "severity_group": "normal",
        "is_active": false,
        "bacia": "pomba",
        "descricao": "Bacia: pomba",
        "updated_at": "2026-10-08T16:58:00.556804+00:00",
        "link": "https://www.sgb.gov.br/sace/sace_nivel/api_estacoes_situacao.php"
      },
      "geometry": {
        "type": "Point",
        "coordinates": [
          -42.81975,
          -21.29295
        ]
      }
    },
    {
      "type": "Feature",
      "properties": {
        "title": "58765010 - USINA MAURÍCIO JUSANTE | Sem Informação",
        "nome": "58765010 - USINA MAURÍCIO JUSANTE",
        "sigla_pm": "",
        "tipo": "SGB",
        "categoria": "Estação hidrológica",
        "status": "Sem Informação",
        "severity_group": "outro",
        "is_active": false,
        "bacia": "pomba",
        "descricao": "Bacia: pomba",
        "updated_at": "2026-10-08T16:58:00.556808+00:00",
        "link": "https://www.sgb.gov.br/sace/sace_nivel/api_estacoes_situacao.php"
      },
      "geometry": {
        "type": "Point",
        "coordinates": [
          -42.7994,
          -21.4502
        ]
      }
    },
    {
      "type": "Feature",
      "properties": {
        "title": "58770000 - CATAGUASES | Normal",
        "nome": "58770000 - CATAGUASES",
        "sigla_pm": "",
        "tipo": "SGB",
        "categoria": "Estação hidrológica",
        "status": "Normal",
        "severity_group": "normal",
        "is_active": false,
        "bacia": "pomba",
        "descricao": "Bacia: pomba",
        "updated_at": "2026-10-08T16:58:00.556812+00:00",
        "link": "https://www.sgb.gov.br/sace/sace_nivel/api_estacoes_situacao.php"
      },
      "geometry": {
        "type": "Point",
        "coordinates": [
          -42.70164,
          -21.39
        ]
      }
    },
    {
      "type": "Feature",
      "properties": {
        "title": "58790002 - SANTO ANTÔNIO DE PÁDUA | Normal",
        "nome": "58790002 - SANTO ANTÔNIO DE PÁDUA",
        "sigla_pm": "",
        "tipo": "SGB",
        "categoria": "Estação hidrológica",
        "status": "Normal",
        "severity_group": "normal",
        "is_active": false,
        "bacia": "pomba",
        "descricao": "Bacia: pomba",
        "updated_at": "2026-10-08T16:58:00.556832+00:00",
        "link": "https://www.sgb.gov.br/sace/sace_nivel/api_estacoes_situacao.php"
      },
      "geometry": {
        "type": "Point",
        "coordinates": [
          -42.15778,
          -21.53786
        ]
      }
    },
    {
      "type": "Feature",
      "properties": {
        "title": "58792100 - APERIBÉ | Normal",
        "nome": "58792100 - APERIBÉ",
        "sigla_pm": "",
        "tipo": "SGB",
        "categoria": "Estação hidrológica",
        "status": "Normal",
        "severity_group": "normal",
        "is_active": false,
        "bacia": "pomba",
        "descricao": "Bacia: pomba",
        "updated_at": "2026-10-08T16:58:00.556836+00:00",
        "link": "https://www.sgb.gov.br/sace/sace_nivel/api_estacoes_situacao.php"
      },
      "geometry": {
        "type": "Point",
        "coordinates": [
          -42.10068,
          -21.62083
        ]
      }
    },
    {
      "type": "Feature",
      "properties": {
        "title": "Barra-46998000 | Normal",
        "nome": "Barra-46998000",
        "sigla_pm": "",
        "tipo": "SGB",
        "categoria": "Estação hidrológica",
        "status": "Normal",
        "severity_group": "normal",
        "is_active": false,
        "bacia": "saofrancisco",
        "descricao": "Bacia: saofrancisco",
        "updated_at": "2026-10-08T16:58:00.556840+00:00",
        "link": "https://www.sgb.gov.br/sace/sace_nivel/api_estacoes_situacao.php"
      },
      "geometry": {
        "type": "Point",
        "coordinates": [
          -43.1403,
          -11.0928
        ]
      }
    },
    {
      "type": "Feature",
      "properties": {
        "title": "Bom Jesus da Lapa - 45480000 | Normal",
        "nome": "Bom Jesus da Lapa - 45480000",
        "sigla_pm": "",
        "tipo": "SGB",
        "categoria": "Estação hidrológica",
        "status": "Normal",
        "severity_group": "normal",
        "is_active": false,
        "bacia": "saofrancisco",
        "descricao": "Bacia: saofrancisco",
        "updated_at": "2026-10-08T16:58:00.556846+00:00",
        "link": "https://www.sgb.gov.br/sace/sace_nivel/api_estacoes_situacao.php"
      },
      "geometry": {
        "type": "Point",
        "coordinates": [
          -43.435,
          -13.2572
        ]
      }
    },
    {
      "type": "Feature",
      "properties": {
        "title": "Boqueirão-46902000 | Normal",
        "nome": "Boqueirão-46902000",
        "sigla_pm": "",
        "tipo": "SGB",
        "categoria": "Estação hidrológica",
        "status": "Normal",
        "severity_group": "normal",
        "is_active": false,
        "bacia": "saofrancisco",
        "descricao": "Bacia: saofrancisco",
        "updated_at": "2026-10-08T16:58:00.556850+00:00",
        "link": "https://www.sgb.gov.br/sace/sace_nivel/api_estacoes_situacao.php"
      },
      "geometry": {
        "type": "Point",
        "coordinates": [
          -43.8456,
          -11.3553
        ]
      }
    },
    {
      "type": "Feature",
      "properties": {
        "title": "Cachoeira da Manteiga-42210000 | Normal",
        "nome": "Cachoeira da Manteiga-42210000",
        "sigla_pm": "",
        "tipo": "SGB",
        "categoria": "Estação hidrológica",
        "status": "Normal",
        "severity_group": "normal",
        "is_active": false,
        "bacia": "saofrancisco",
        "descricao": "Bacia: saofrancisco",
        "updated_at": "2026-10-08T16:58:00.556854+00:00",
        "link": "https://www.sgb.gov.br/sace/sace_nivel/api_estacoes_situacao.php"
      },
      "geometry": {
        "type": "Point",
        "coordinates": [
          -45.08106,
          -16.65745
        ]
      }
    },
    {
      "type": "Feature",
      "properties": {
        "title": "Carinhanha-45298000 | Normal",
        "nome": "Carinhanha-45298000",
        "sigla_pm": "",
        "tipo": "SGB",
        "categoria": "Estação hidrológica",
        "status": "Normal",
        "severity_group": "normal",
        "is_active": false,
        "bacia": "saofrancisco",
        "descricao": "Bacia: saofrancisco",
        "updated_at": "2026-10-08T16:58:00.556861+00:00",
        "link": "https://www.sgb.gov.br/sace/sace_nivel/api_estacoes_situacao.php"
      },
      "geometry": {
        "type": "Point",
        "coordinates": [
          -43.7633,
          -14.3044
        ]
      }
    },
    {
      "type": "Feature",
      "properties": {
        "title": "Gameleira-46035000 | Normal",
        "nome": "Gameleira-46035000",
        "sigla_pm": "",
        "tipo": "SGB",
        "categoria": "Estação hidrológica",
        "status": "Normal",
        "severity_group": "normal",
        "is_active": false,
        "bacia": "saofrancisco",
        "descricao": "Bacia: saofrancisco",
        "updated_at": "2026-10-08T16:58:00.556865+00:00",
        "link": "https://www.sgb.gov.br/sace/sace_nivel/api_estacoes_situacao.php"
      },
      "geometry": {
        "type": "Point",
        "coordinates": [
          -43.3797,
          -12.8686
        ]
      }
    },
    {
      "type": "Feature",
      "properties": {
        "title": "Ibotirama-46150000 | Normal",
        "nome": "Ibotirama-46150000",
        "sigla_pm": "",
        "tipo": "SGB",
        "categoria": "Estação hidrológica",
        "status": "Normal",
        "severity_group": "normal",
        "is_active": false,
        "bacia": "saofrancisco",
        "descricao": "Bacia: saofrancisco",
        "updated_at": "2026-10-08T16:58:00.556868+00:00",
        "link": "https://www.sgb.gov.br/sace/sace_nivel/api_estacoes_situacao.php"
      },
      "geometry": {
        "type": "Point",
        "coordinates": [
          -43.2231,
          -12.1825
        ]
      }
    },
    {
      "type": "Feature",
      "properties": {
        "title": "Juazeiro-48020000 | Normal",
        "nome": "Juazeiro-48020000",
        "sigla_pm": "",
        "tipo": "SGB",
        "categoria": "Estação hidrológica",
        "status": "Normal",
        "severity_group": "normal",
        "is_active": false,
        "bacia": "saofrancisco",
        "descricao": "Bacia: saofrancisco",
        "updated_at": "2026-10-08T16:58:00.556872+00:00",
        "link": "https://www.sgb.gov.br/sace/sace_nivel/api_estacoes_situacao.php"
      },
      "geometry": {
        "type": "Point",
        "coordinates": [
          -40.5036,
          -9.4064
        ]
      }
    },
    {
      "type": "Feature",
      "properties": {
        "title": "Manga-44500000 | Normal",
        "nome": "Manga-44500000",
        "sigla_pm": "",
        "tipo": "SGB",
        "categoria": "Estação hidrológica",
        "status": "Normal",
        "severity_group": "normal",
        "is_active": false,
        "bacia": "saofrancisco",
        "descricao": "Bacia: saofrancisco",
        "updated_at": "2026-10-08T16:58:00.556877+00:00",
        "link": "https://www.sgb.gov.br/sace/sace_nivel/api_estacoes_situacao.php"
      },
      "geometry": {
        "type": "Point",
        "coordinates": [
          -43.9322,
          -14.7572
        ]
      }
    },
    {
      "type": "Feature",
      "properties": {
        "title": "Morpara-46360000 | Normal",
        "nome": "Morpara-46360000",
        "sigla_pm": "",
        "tipo": "SGB",
        "categoria": "Estação hidrológica",
        "status": "Normal",
        "severity_group": "normal",
        "is_active": false,
        "bacia": "saofrancisco",
        "descricao": "Bacia: saofrancisco",
        "updated_at": "2026-10-08T16:58:00.556881+00:00",
        "link": "https://www.sgb.gov.br/sace/sace_nivel/api_estacoes_situacao.php"
      },
      "geometry": {
        "type": "Point",
        "coordinates": [
          -43.2825,
          -11.5583
        ]
      }
    },
    {
      "type": "Feature",
      "properties": {
        "title": "Pedras de Maria da Cruz-44290002 | Normal",
        "nome": "Pedras de Maria da Cruz-44290002",
        "sigla_pm": "",
        "tipo": "SGB",
        "categoria": "Estação hidrológica",
        "status": "Normal",
        "severity_group": "normal",
        "is_active": false,
        "bacia": "saofrancisco",
        "descricao": "Bacia: saofrancisco",
        "updated_at": "2026-10-08T16:58:00.556898+00:00",
        "link": "https://www.sgb.gov.br/sace/sace_nivel/api_estacoes_situacao.php"
      },
      "geometry": {
        "type": "Point",
        "coordinates": [
          -44.5469,
          -15.7022
        ]
      }
    },
    {
      "type": "Feature",
      "properties": {
        "title": "Pirapora-41135000 | Normal",
        "nome": "Pirapora-41135000",
        "sigla_pm": "",
        "tipo": "SGB",
        "categoria": "Estação hidrológica",
        "status": "Normal",
        "severity_group": "normal",
        "is_active": false,
        "bacia": "saofrancisco",
        "descricao": "Bacia: saofrancisco",
        "updated_at": "2026-10-08T16:58:00.556902+00:00",
        "link": "https://www.sgb.gov.br/sace/sace_nivel/api_estacoes_situacao.php"
      },
      "geometry": {
        "type": "Point",
        "coordinates": [
          -44.94333,
          -17.36916
        ]
      }
    },
    {
      "type": "Feature",
      "properties": {
        "title": "Porto Novo-45960001 | Normal",
        "nome": "Porto Novo-45960001",
        "sigla_pm": "",
        "tipo": "SGB",
        "categoria": "Estação hidrológica",
        "status": "Normal",
        "severity_group": "normal",
        "is_active": false,
        "bacia": "saofrancisco",
        "descricao": "Bacia: saofrancisco",
        "updated_at": "2026-10-08T16:58:00.556906+00:00",
        "link": "https://www.sgb.gov.br/sace/sace_nivel/api_estacoes_situacao.php"
      },
      "geometry": {
        "type": "Point",
        "coordinates": [
          -43.9089,
          -13.2914
        ]
      }
    },
    {
      "type": "Feature",
      "properties": {
        "title": "Propriá-49705000 | Normal",
        "nome": "Propriá-49705000",
        "sigla_pm": "",
        "tipo": "SGB",
        "categoria": "Estação hidrológica",
        "status": "Normal",
        "severity_group": "normal",
        "is_active": false,
        "bacia": "saofrancisco",
        "descricao": "Bacia: saofrancisco",
        "updated_at": "2026-10-08T16:58:00.556911+00:00",
        "link": "https://www.sgb.gov.br/sace/sace_nivel/api_estacoes_situacao.php"
      },
      "geometry": {
        "type": "Point",
        "coordinates": [
          -36.8239,
          -10.2139
        ]
      }
    },
    {
      "type": "Feature",
      "properties": {
        "title": "São Francisco-44200000 | Normal",
        "nome": "São Francisco-44200000",
        "sigla_pm": "",
        "tipo": "SGB",
        "categoria": "Estação hidrológica",
        "status": "Normal",
        "severity_group": "normal",
        "is_active": false,
        "bacia": "saofrancisco",
        "descricao": "Bacia: saofrancisco",
        "updated_at": "2026-10-08T16:58:00.556917+00:00",
        "link": "https://www.sgb.gov.br/sace/sace_nivel/api_estacoes_situacao.php"
      },
      "geometry": {
        "type": "Point",
        "coordinates": [
          -44.86166,
          -15.94972
        ]
      }
    },
    {
      "type": "Feature",
      "properties": {
        "title": "São Romão-43200000 | Normal",
        "nome": "São Romão-43200000",
        "sigla_pm": "",
        "tipo": "SGB",
        "categoria": "Estação hidrológica",
        "status": "Normal",
        "severity_group": "normal",
        "is_active": false,
        "bacia": "saofrancisco",
        "descricao": "Bacia: saofrancisco",
        "updated_at": "2026-10-08T16:58:00.556920+00:00",
        "link": "https://www.sgb.gov.br/sace/sace_nivel/api_estacoes_situacao.php"
      },
      "geometry": {
        "type": "Point",
        "coordinates": [
          -45.0664,
          -16.37178
        ]
      }
    },
    {
      "type": "Feature",
      "properties": {
        "title": "Várzea da Palma-41990000 | Normal",
        "nome": "Várzea da Palma-41990000",
        "sigla_pm": "",
        "tipo": "SGB",
        "categoria": "Estação hidrológica",
        "status": "Normal",
        "severity_group": "normal",
        "is_active": false,
        "bacia": "saofrancisco",
        "descricao": "Bacia: saofrancisco",
        "updated_at": "2026-10-08T16:58:00.556924+00:00",
        "link": "https://www.sgb.gov.br/sace/sace_nivel/api_estacoes_situacao.php"
      },
      "geometry": {
        "type": "Point",
        "coordinates": [
          -44.71475,
          -17.59388
        ]
      }
    },
    {
      "type": "Feature",
      "properties": {
        "title": "Auler | Normal",
        "nome": "Auler",
        "sigla_pm": "",
        "tipo": "SGB",
        "categoria": "Estação hidrológica",
        "status": "Normal",
        "severity_group": "normal",
        "is_active": false,
        "bacia": "taquari",
        "descricao": "Bacia: taquari",
        "updated_at": "2026-10-08T16:58:00.556927+00:00",
        "link": "https://www.sgb.gov.br/sace/sace_nivel/api_estacoes_situacao.php"
      },
      "geometry": {
        "type": "Point",
        "coordinates": [
          -52.38154,
          -28.8034
        ]
      }
    },
    {
      "type": "Feature",
      "properties": {
        "title": "Barra do Fão | Normal",
        "nome": "Barra do Fão",
        "sigla_pm": "",
        "tipo": "SGB",
        "categoria": "Estação hidrológica",
        "status": "Normal",
        "severity_group": "normal",
        "is_active": false,
        "bacia": "taquari",
        "descricao": "Bacia: taquari",
        "updated_at": "2026-10-08T16:58:00.556931+00:00",
        "link": "https://www.sgb.gov.br/sace/sace_nivel/api_estacoes_situacao.php"
      },
      "geometry": {
        "type": "Point",
        "coordinates": [
          -52.1622,
          -29.2239
        ]
      }
    },
    {
      "type": "Feature",
      "properties": {
        "title": "Bom Retiro do Sul | Normal",
        "nome": "Bom Retiro do Sul",
        "sigla_pm": "",
        "tipo": "SGB",
        "categoria": "Estação hidrológica",
        "status": "Normal",
        "severity_group": "normal",
        "is_active": false,
        "bacia": "taquari",
        "descricao": "Bacia: taquari",
        "updated_at": "2026-10-08T16:58:00.556934+00:00",
        "link": "https://www.sgb.gov.br/sace/sace_nivel/api_estacoes_situacao.php"
      },
      "geometry": {
        "type": "Point",
        "coordinates": [
          -51.9504,
          -29.60837
        ]
      }
    },
    {
      "type": "Feature",
      "properties": {
        "title": "Encantado | Normal",
        "nome": "Encantado",
        "sigla_pm": "",
        "tipo": "SGB",
        "categoria": "Estação hidrológica",
        "status": "Normal",
        "severity_group": "normal",
        "is_active": false,
        "bacia": "taquari",
        "descricao": "Bacia: taquari",
        "updated_at": "2026-10-08T16:58:00.556938+00:00",
        "link": "https://www.sgb.gov.br/sace/sace_nivel/api_estacoes_situacao.php"
      },
      "geometry": {
        "type": "Point",
        "coordinates": [
          -51.85507,
          -29.23519
        ]
      }
    },
    {
      "type": "Feature",
      "properties": {
        "title": "Estrela | Normal",
        "nome": "Estrela",
        "sigla_pm": "",
        "tipo": "SGB",
        "categoria": "Estação hidrológica",
        "status": "Normal",
        "severity_group": "normal",
        "is_active": false,
        "bacia": "taquari",
        "descricao": "Bacia: taquari",
        "updated_at": "2026-10-08T16:58:00.556942+00:00",
        "link": "https://www.sgb.gov.br/sace/sace_nivel/api_estacoes_situacao.php"
      },
      "geometry": {
        "type": "Point",
        "coordinates": [
          -51.96281,
          -29.47349
        ]
      }
    },
    {
      "type": "Feature",
      "properties": {
        "title": "Guaporé | Normal",
        "nome": "Guaporé",
        "sigla_pm": "",
        "tipo": "SGB",
        "categoria": "Estação hidrológica",
        "status": "Normal",
        "severity_group": "normal",
        "is_active": false,
        "bacia": "taquari",
        "descricao": "Bacia: taquari",
        "updated_at": "2026-10-08T16:58:00.556945+00:00",
        "link": "https://www.sgb.gov.br/sace/sace_nivel/api_estacoes_situacao.php"
      },
      "geometry": {
        "type": "Point",
        "coordinates": [
          -51.90155,
          -28.86871
        ]
      }
    },
    {
      "type": "Feature",
      "properties": {
        "title": "Ibiraiaras | Normal",
        "nome": "Ibiraiaras",
        "sigla_pm": "",
        "tipo": "SGB",
        "categoria": "Estação hidrológica",
        "status": "Normal",
        "severity_group": "normal",
        "is_active": false,
        "bacia": "taquari",
        "descricao": "Bacia: taquari",
        "updated_at": "2026-10-08T16:58:00.556949+00:00",
        "link": "https://www.sgb.gov.br/sace/sace_nivel/api_estacoes_situacao.php"
      },
      "geometry": {
        "type": "Point",
        "coordinates": [
          -51.63277,
          -28.37277
        ]
      }
    },
    {
      "type": "Feature",
      "properties": {
        "title": "Linha Colombo | Normal",
        "nome": "Linha Colombo",
        "sigla_pm": "",
        "tipo": "SGB",
        "categoria": "Estação hidrológica",
        "status": "Normal",
        "severity_group": "normal",
        "is_active": false,
        "bacia": "taquari",
        "descricao": "Bacia: taquari",
        "updated_at": "2026-10-08T16:58:00.556956+00:00",
        "link": "https://www.sgb.gov.br/sace/sace_nivel/api_estacoes_situacao.php"
      },
      "geometry": {
        "type": "Point",
        "coordinates": [
          -51.9531,
          -28.9122
        ]
      }
    },
    {
      "type": "Feature",
      "properties": {
        "title": "Linha José Júlio | Normal",
        "nome": "Linha José Júlio",
        "sigla_pm": "",
        "tipo": "SGB",
        "categoria": "Estação hidrológica",
        "status": "Normal",
        "severity_group": "normal",
        "is_active": false,
        "bacia": "taquari",
        "descricao": "Bacia: taquari",
        "updated_at": "2026-10-08T16:58:00.556960+00:00",
        "link": "https://www.sgb.gov.br/sace/sace_nivel/api_estacoes_situacao.php"
      },
      "geometry": {
        "type": "Point",
        "coordinates": [
          -51.69956,
          -29.09807
        ]
      }
    },
    {
      "type": "Feature",
      "properties": {
        "title": "Muçum | Normal",
        "nome": "Muçum",
        "sigla_pm": "",
        "tipo": "SGB",
        "categoria": "Estação hidrológica",
        "status": "Normal",
        "severity_group": "normal",
        "is_active": false,
        "bacia": "taquari",
        "descricao": "Bacia: taquari",
        "updated_at": "2026-10-08T16:58:00.556965+00:00",
        "link": "https://www.sgb.gov.br/sace/sace_nivel/api_estacoes_situacao.php"
      },
      "geometry": {
        "type": "Point",
        "coordinates": [
          -51.86722,
          -29.16694
        ]
      }
    },
    {
      "type": "Feature",
      "properties": {
        "title": "Passo Carreiro | Normal",
        "nome": "Passo Carreiro",
        "sigla_pm": "",
        "tipo": "SGB",
        "categoria": "Estação hidrológica",
        "status": "Normal",
        "severity_group": "normal",
        "is_active": false,
        "bacia": "taquari",
        "descricao": "Bacia: taquari",
        "updated_at": "2026-10-08T16:58:00.556969+00:00",
        "link": "https://www.sgb.gov.br/sace/sace_nivel/api_estacoes_situacao.php"
      },
      "geometry": {
        "type": "Point",
        "coordinates": [
          -51.8325,
          -28.84888
        ]
      }
    },
    {
      "type": "Feature",
      "properties": {
        "title": "Passo Tainhas | Normal",
        "nome": "Passo Tainhas",
        "sigla_pm": "",
        "tipo": "SGB",
        "categoria": "Estação hidrológica",
        "status": "Normal",
        "severity_group": "normal",
        "is_active": false,
        "bacia": "taquari",
        "descricao": "Bacia: taquari",
        "updated_at": "2026-10-08T16:58:00.556972+00:00",
        "link": "https://www.sgb.gov.br/sace/sace_nivel/api_estacoes_situacao.php"
      },
      "geometry": {
        "type": "Point",
        "coordinates": [
          -50.39594,
          -28.88269
        ]
      }
    },
    {
      "type": "Feature",
      "properties": {
        "title": "Porto Mariante | Normal",
        "nome": "Porto Mariante",
        "sigla_pm": "",
        "tipo": "SGB",
        "categoria": "Estação hidrológica",
        "status": "Normal",
        "severity_group": "normal",
        "is_active": false,
        "bacia": "taquari",
        "descricao": "Bacia: taquari",
        "updated_at": "2026-10-08T16:58:00.556976+00:00",
        "link": "https://www.sgb.gov.br/sace/sace_nivel/api_estacoes_situacao.php"
      },
      "geometry": {
        "type": "Point",
        "coordinates": [
          -51.9665,
          -29.69958
        ]
      }
    },
    {
      "type": "Feature",
      "properties": {
        "title": "Santa Tereza | Normal",
        "nome": "Santa Tereza",
        "sigla_pm": "",
        "tipo": "SGB",
        "categoria": "Estação hidrológica",
        "status": "Normal",
        "severity_group": "normal",
        "is_active": false,
        "bacia": "taquari",
        "descricao": "Bacia: taquari",
        "updated_at": "2026-10-08T16:58:00.556979+00:00",
        "link": "https://www.sgb.gov.br/sace/sace_nivel/api_estacoes_situacao.php"
      },
      "geometry": {
        "type": "Point",
        "coordinates": [
          -51.7324,
          -29.1783
        ]
      }
    },
    {
      "type": "Feature",
      "properties": {
        "title": "Taquari | Cota de Atenção",
        "nome": "Taquari",
        "sigla_pm": "",
        "tipo": "SGB",
        "categoria": "Estação hidrológica",
        "status": "Cota de Atenção",
        "severity_group": "atencao",
        "is_active": true,
        "bacia": "taquari",
        "descricao": "Bacia: taquari",
        "updated_at": "2026-10-08T16:58:00.556983+00:00",
        "link": "https://www.sgb.gov.br/sace/sace_nivel/api_estacoes_situacao.php"
      },
      "geometry": {
        "type": "Point",
        "coordinates": [
          -51.87659,
          -29.80688
        ]
      }
    },
    {
      "type": "Feature",
      "properties": {
        "title": "Vacaria | Normal",
        "nome": "Vacaria",
        "sigla_pm": "",
        "tipo": "SGB",
        "categoria": "Estação hidrológica",
        "status": "Normal",
        "severity_group": "normal",
        "is_active": false,
        "bacia": "taquari",
        "descricao": "Bacia: taquari",
        "updated_at": "2026-10-08T16:58:00.556987+00:00",
        "link": "https://www.sgb.gov.br/sace/sace_nivel/api_estacoes_situacao.php"
      },
      "geometry": {
        "type": "Point",
        "coordinates": [
          -50.93614,
          -28.4898
        ]
      }
    },
    {
      "type": "Feature",
      "properties": {
        "title": "Alegrete | Cota de atenção",
        "nome": "Alegrete",
        "sigla_pm": "",
        "tipo": "SGB",
        "categoria": "Estação hidrológica",
        "status": "Cota de atenção",
        "severity_group": "atencao",
        "is_active": true,
        "bacia": "uruguai",
        "descricao": "Bacia: uruguai",
        "updated_at": "2026-10-08T16:58:00.556991+00:00",
        "link": "https://www.sgb.gov.br/sace/sace_nivel/api_estacoes_situacao.php"
      },
      "geometry": {
        "type": "Point",
        "coordinates": [
          -55.7875,
          -29.76833
        ]
      }
    },
    {
      "type": "Feature",
      "properties": {
        "title": "Alto Uruguai | Normal",
        "nome": "Alto Uruguai",
        "sigla_pm": "",
        "tipo": "SGB",
        "categoria": "Estação hidrológica",
        "status": "Normal",
        "severity_group": "normal",
        "is_active": false,
        "bacia": "uruguai",
        "descricao": "Bacia: uruguai",
        "updated_at": "2026-10-08T16:58:00.556997+00:00",
        "link": "https://www.sgb.gov.br/sace/sace_nivel/api_estacoes_situacao.php"
      },
      "geometry": {
        "type": "Point",
        "coordinates": [
          -54.14,
          -27.3009
        ]
      }
    },
    {
      "type": "Feature",
      "properties": {
        "title": "Barra do Chapecó Aux. | Normal",
        "nome": "Barra do Chapecó Aux.",
        "sigla_pm": "",
        "tipo": "SGB",
        "categoria": "Estação hidrológica",
        "status": "Normal",
        "severity_group": "normal",
        "is_active": false,
        "bacia": "uruguai",
        "descricao": "Bacia: uruguai",
        "updated_at": "2026-10-08T16:58:00.557000+00:00",
        "link": "https://www.sgb.gov.br/sace/sace_nivel/api_estacoes_situacao.php"
      },
      "geometry": {
        "type": "Point",
        "coordinates": [
          -52.9544,
          -27.0419
        ]
      }
    },
    {
      "type": "Feature",
      "properties": {
        "title": "Dom Pedrito | Normal",
        "nome": "Dom Pedrito",
        "sigla_pm": "",
        "tipo": "SGB",
        "categoria": "Estação hidrológica",
        "status": "Normal",
        "severity_group": "normal",
        "is_active": false,
        "bacia": "uruguai",
        "descricao": "Bacia: uruguai",
        "updated_at": "2026-10-08T16:58:00.557004+00:00",
        "link": "https://www.sgb.gov.br/sace/sace_nivel/api_estacoes_situacao.php"
      },
      "geometry": {
        "type": "Point",
        "coordinates": [
          -54.6933,
          -30.9703
        ]
      }
    },
    {
      "type": "Feature",
      "properties": {
        "title": "Encruzilhada II | Cota de inundação",
        "nome": "Encruzilhada II",
        "sigla_pm": "",
        "tipo": "SGB",
        "categoria": "Estação hidrológica",
        "status": "Cota de inundação",
        "severity_group": "outro",
        "is_active": false,
        "bacia": "uruguai",
        "descricao": "Bacia: uruguai",
        "updated_at": "2026-10-08T16:58:00.557008+00:00",
        "link": "https://www.sgb.gov.br/sace/sace_nivel/api_estacoes_situacao.php"
      },
      "geometry": {
        "type": "Point",
        "coordinates": [
          -50.11277,
          -27.50777
        ]
      }
    },
    {
      "type": "Feature",
      "properties": {
        "title": "Fazenda Encerra | Normal",
        "nome": "Fazenda Encerra",
        "sigla_pm": "",
        "tipo": "SGB",
        "categoria": "Estação hidrológica",
        "status": "Normal",
        "severity_group": "normal",
        "is_active": false,
        "bacia": "uruguai",
        "descricao": "Bacia: uruguai",
        "updated_at": "2026-10-08T16:58:00.557011+00:00",
        "link": "https://www.sgb.gov.br/sace/sace_nivel/api_estacoes_situacao.php"
      },
      "geometry": {
        "type": "Point",
        "coordinates": [
          -55.8414,
          -30.6956
        ]
      }
    },
    {
      "type": "Feature",
      "properties": {
        "title": "Garruchos | Normal",
        "nome": "Garruchos",
        "sigla_pm": "",
        "tipo": "SGB",
        "categoria": "Estação hidrológica",
        "status": "Normal",
        "severity_group": "normal",
        "is_active": false,
        "bacia": "uruguai",
        "descricao": "Bacia: uruguai",
        "updated_at": "2026-10-08T16:58:00.557022+00:00",
        "link": "https://www.sgb.gov.br/sace/sace_nivel/api_estacoes_situacao.php"
      },
      "geometry": {
        "type": "Point",
        "coordinates": [
          -55.64333,
          -28.1825
        ]
      }
    },
    {
      "type": "Feature",
      "properties": {
        "title": "Guatapara de Baixo | Normal",
        "nome": "Guatapara de Baixo",
        "sigla_pm": "",
        "tipo": "SGB",
        "categoria": "Estação hidrológica",
        "status": "Normal",
        "severity_group": "normal",
        "is_active": false,
        "bacia": "uruguai",
        "descricao": "Bacia: uruguai",
        "updated_at": "2026-10-08T16:58:00.557025+00:00",
        "link": "https://www.sgb.gov.br/sace/sace_nivel/api_estacoes_situacao.php"
      },
      "geometry": {
        "type": "Point",
        "coordinates": [
          -53.4536,
          -26.5881
        ]
      }
    },
    {
      "type": "Feature",
      "properties": {
        "title": "Iraí | Normal",
        "nome": "Iraí",
        "sigla_pm": "",
        "tipo": "SGB",
        "categoria": "Estação hidrológica",
        "status": "Normal",
        "severity_group": "normal",
        "is_active": false,
        "bacia": "uruguai",
        "descricao": "Bacia: uruguai",
        "updated_at": "2026-10-08T16:58:00.557030+00:00",
        "link": "https://www.sgb.gov.br/sace/sace_nivel/api_estacoes_situacao.php"
      },
      "geometry": {
        "type": "Point",
        "coordinates": [
          -53.26527,
          -27.19027
        ]
      }
    },
    {
      "type": "Feature",
      "properties": {
        "title": "Itapiranga | Normal",
        "nome": "Itapiranga",
        "sigla_pm": "",
        "tipo": "SGB",
        "categoria": "Estação hidrológica",
        "status": "Normal",
        "severity_group": "normal",
        "is_active": false,
        "bacia": "uruguai",
        "descricao": "Bacia: uruguai",
        "updated_at": "2026-10-08T16:58:00.557034+00:00",
        "link": "https://www.sgb.gov.br/sace/sace_nivel/api_estacoes_situacao.php"
      },
      "geometry": {
        "type": "Point",
        "coordinates": [
          -53.70977,
          -27.17198
        ]
      }
    },
    {
      "type": "Feature",
      "properties": {
        "title": "Itaqui | Cota de inundação",
        "nome": "Itaqui",
        "sigla_pm": "",
        "tipo": "SGB",
        "categoria": "Estação hidrológica",
        "status": "Cota de inundação",
        "severity_group": "outro",
        "is_active": false,
        "bacia": "uruguai",
        "descricao": "Bacia: uruguai",
        "updated_at": "2026-10-08T16:58:00.557038+00:00",
        "link": "https://www.sgb.gov.br/sace/sace_nivel/api_estacoes_situacao.php"
      },
      "geometry": {
        "type": "Point",
        "coordinates": [
          -56.55777,
          -29.11805
        ]
      }
    },
    {
      "type": "Feature",
      "properties": {
        "title": "Joaçaba I | Normal",
        "nome": "Joaçaba I",
        "sigla_pm": "",
        "tipo": "SGB",
        "categoria": "Estação hidrológica",
        "status": "Normal",
        "severity_group": "normal",
        "is_active": false,
        "bacia": "uruguai",
        "descricao": "Bacia: uruguai",
        "updated_at": "2026-10-08T16:58:00.557043+00:00",
        "link": "https://www.sgb.gov.br/sace/sace_nivel/api_estacoes_situacao.php"
      },
      "geometry": {
        "type": "Point",
        "coordinates": [
          -51.4811,
          -27.1594
        ]
      }
    },
    {
      "type": "Feature",
      "properties": {
        "title": "Linha Jataí | Normal",
        "nome": "Linha Jataí",
        "sigla_pm": "",
        "tipo": "SGB",
        "categoria": "Estação hidrológica",
        "status": "Normal",
        "severity_group": "normal",
        "is_active": false,
        "bacia": "uruguai",
        "descricao": "Bacia: uruguai",
        "updated_at": "2026-10-08T16:58:00.557047+00:00",
        "link": "https://www.sgb.gov.br/sace/sace_nivel/api_estacoes_situacao.php"
      },
      "geometry": {
        "type": "Point",
        "coordinates": [
          -53.2953,
          -27.0133
        ]
      }
    },
    {
      "type": "Feature",
      "properties": {
        "title": "Manoel Viana | Cota de inundação",
        "nome": "Manoel Viana",
        "sigla_pm": "",
        "tipo": "SGB",
        "categoria": "Estação hidrológica",
        "status": "Cota de inundação",
        "severity_group": "outro",
        "is_active": false,
        "bacia": "uruguai",
        "descricao": "Bacia: uruguai",
        "updated_at": "2026-10-08T16:58:00.557051+00:00",
        "link": "https://www.sgb.gov.br/sace/sace_nivel/api_estacoes_situacao.php"
      },
      "geometry": {
        "type": "Point",
        "coordinates": [
          -55.48083,
          -29.59555
        ]
      }
    },
    {
      "type": "Feature",
      "properties": {
        "title": "Passo Mariano Pinto | Cota de alerta",
        "nome": "Passo Mariano Pinto",
        "sigla_pm": "",
        "tipo": "SGB",
        "categoria": "Estação hidrológica",
        "status": "Cota de alerta",
        "severity_group": "alerta",
        "is_active": true,
        "bacia": "uruguai",
        "descricao": "Bacia: uruguai",
        "updated_at": "2026-10-08T16:58:00.557055+00:00",
        "link": "https://www.sgb.gov.br/sace/sace_nivel/api_estacoes_situacao.php"
      },
      "geometry": {
        "type": "Point",
        "coordinates": [
          -56.05472,
          -29.30833
        ]
      }
    },
    {
      "type": "Feature",
      "properties": {
        "title": "Passo São Borja | Cota de alerta",
        "nome": "Passo São Borja",
        "sigla_pm": "",
        "tipo": "SGB",
        "categoria": "Estação hidrológica",
        "status": "Cota de alerta",
        "severity_group": "alerta",
        "is_active": true,
        "bacia": "uruguai",
        "descricao": "Bacia: uruguai",
        "updated_at": "2026-10-08T16:58:00.557058+00:00",
        "link": "https://www.sgb.gov.br/sace/sace_nivel/api_estacoes_situacao.php"
      },
      "geometry": {
        "type": "Point",
        "coordinates": [
          -56.03944,
          -28.63
        ]
      }
    },
    {
      "type": "Feature",
      "properties": {
        "title": "Passo do Osório | Normal",
        "nome": "Passo do Osório",
        "sigla_pm": "",
        "tipo": "SGB",
        "categoria": "Estação hidrológica",
        "status": "Normal",
        "severity_group": "normal",
        "is_active": false,
        "bacia": "uruguai",
        "descricao": "Bacia: uruguai",
        "updated_at": "2026-10-08T16:58:00.557062+00:00",
        "link": "https://www.sgb.gov.br/sace/sace_nivel/api_estacoes_situacao.php"
      },
      "geometry": {
        "type": "Point",
        "coordinates": [
          -55.6003,
          -29.9511
        ]
      }
    },
    {
      "type": "Feature",
      "properties": {
        "title": "Passo dos Britos | Normal",
        "nome": "Passo dos Britos",
        "sigla_pm": "",
        "tipo": "SGB",
        "categoria": "Estação hidrológica",
        "status": "Normal",
        "severity_group": "normal",
        "is_active": false,
        "bacia": "uruguai",
        "descricao": "Bacia: uruguai",
        "updated_at": "2026-10-08T16:58:00.557066+00:00",
        "link": "https://www.sgb.gov.br/sace/sace_nivel/api_estacoes_situacao.php"
      },
      "geometry": {
        "type": "Point",
        "coordinates": [
          -55.7478,
          -29.9731
        ]
      }
    },
    {
      "type": "Feature",
      "properties": {
        "title": "Ponte Ibicuí da Armada | Normal",
        "nome": "Ponte Ibicuí da Armada",
        "sigla_pm": "",
        "tipo": "SGB",
        "categoria": "Estação hidrológica",
        "status": "Normal",
        "severity_group": "normal",
        "is_active": false,
        "bacia": "uruguai",
        "descricao": "Bacia: uruguai",
        "updated_at": "2026-10-08T16:58:00.557069+00:00",
        "link": "https://www.sgb.gov.br/sace/sace_nivel/api_estacoes_situacao.php"
      },
      "geometry": {
        "type": "Point",
        "coordinates": [
          -54.90361,
          -30.28083
        ]
      }
    },
    {
      "type": "Feature",
      "properties": {
        "title": "Porto Fae Novo | Normal",
        "nome": "Porto Fae Novo",
        "sigla_pm": "",
        "tipo": "SGB",
        "categoria": "Estação hidrológica",
        "status": "Normal",
        "severity_group": "normal",
        "is_active": false,
        "bacia": "uruguai",
        "descricao": "Bacia: uruguai",
        "updated_at": "2026-10-08T16:58:00.557075+00:00",
        "link": "https://www.sgb.gov.br/sace/sace_nivel/api_estacoes_situacao.php"
      },
      "geometry": {
        "type": "Point",
        "coordinates": [
          -52.73333,
          -26.81684
        ]
      }
    },
    {
      "type": "Feature",
      "properties": {
        "title": "Porto Lucena | Normal",
        "nome": "Porto Lucena",
        "sigla_pm": "",
        "tipo": "SGB",
        "categoria": "Estação hidrológica",
        "status": "Normal",
        "severity_group": "normal",
        "is_active": false,
        "bacia": "uruguai",
        "descricao": "Bacia: uruguai",
        "updated_at": "2026-10-08T16:58:00.557078+00:00",
        "link": "https://www.sgb.gov.br/sace/sace_nivel/api_estacoes_situacao.php"
      },
      "geometry": {
        "type": "Point",
        "coordinates": [
          -55.0225,
          -27.85444
        ]
      }
    },
    {
      "type": "Feature",
      "properties": {
        "title": "Porto Mauá | Normal",
        "nome": "Porto Mauá",
        "sigla_pm": "",
        "tipo": "SGB",
        "categoria": "Estação hidrológica",
        "status": "Normal",
        "severity_group": "normal",
        "is_active": false,
        "bacia": "uruguai",
        "descricao": "Bacia: uruguai",
        "updated_at": "2026-10-08T16:58:00.557085+00:00",
        "link": "https://www.sgb.gov.br/sace/sace_nivel/api_estacoes_situacao.php"
      },
      "geometry": {
        "type": "Point",
        "coordinates": [
          -54.683,
          -27.578
        ]
      }
    },
    {
      "type": "Feature",
      "properties": {
        "title": "Quaraí | Normal",
        "nome": "Quaraí",
        "sigla_pm": "",
        "tipo": "SGB",
        "categoria": "Estação hidrológica",
        "status": "Normal",
        "severity_group": "normal",
        "is_active": false,
        "bacia": "uruguai",
        "descricao": "Bacia: uruguai",
        "updated_at": "2026-10-08T16:58:00.557091+00:00",
        "link": "https://www.sgb.gov.br/sace/sace_nivel/api_estacoes_situacao.php"
      },
      "geometry": {
        "type": "Point",
        "coordinates": [
          -56.46583,
          -30.38444
        ]
      }
    },
    {
      "type": "Feature",
      "properties": {
        "title": "Rio Bonito | Normal",
        "nome": "Rio Bonito",
        "sigla_pm": "",
        "tipo": "SGB",
        "categoria": "Estação hidrológica",
        "status": "Normal",
        "severity_group": "normal",
        "is_active": false,
        "bacia": "uruguai",
        "descricao": "Bacia: uruguai",
        "updated_at": "2026-10-08T16:58:00.557095+00:00",
        "link": "https://www.sgb.gov.br/sace/sace_nivel/api_estacoes_situacao.php"
      },
      "geometry": {
        "type": "Point",
        "coordinates": [
          -49.84,
          -27.7022
        ]
      }
    },
    {
      "type": "Feature",
      "properties": {
        "title": "Rio das Antas | Normal",
        "nome": "Rio das Antas",
        "sigla_pm": "",
        "tipo": "SGB",
        "categoria": "Estação hidrológica",
        "status": "Normal",
        "severity_group": "normal",
        "is_active": false,
        "bacia": "uruguai",
        "descricao": "Bacia: uruguai",
        "updated_at": "2026-10-08T16:58:00.557098+00:00",
        "link": "https://www.sgb.gov.br/sace/sace_nivel/api_estacoes_situacao.php"
      },
      "geometry": {
        "type": "Point",
        "coordinates": [
          -51.0756,
          -26.8958
        ]
      }
    },
    {
      "type": "Feature",
      "properties": {
        "title": "Rosário do Sul | Normal",
        "nome": "Rosário do Sul",
        "sigla_pm": "",
        "tipo": "SGB",
        "categoria": "Estação hidrológica",
        "status": "Normal",
        "severity_group": "normal",
        "is_active": false,
        "bacia": "uruguai",
        "descricao": "Bacia: uruguai",
        "updated_at": "2026-10-08T16:58:00.557102+00:00",
        "link": "https://www.sgb.gov.br/sace/sace_nivel/api_estacoes_situacao.php"
      },
      "geometry": {
        "type": "Point",
        "coordinates": [
          -54.91611,
          -30.24277
        ]
      }
    },
    {
      "type": "Feature",
      "properties": {
        "title": "Santo Ângelo | Normal",
        "nome": "Santo Ângelo",
        "sigla_pm": "",
        "tipo": "SGB",
        "categoria": "Estação hidrológica",
        "status": "Normal",
        "severity_group": "normal",
        "is_active": false,
        "bacia": "uruguai",
        "descricao": "Bacia: uruguai",
        "updated_at": "2026-10-08T16:58:00.557106+00:00",
        "link": "https://www.sgb.gov.br/sace/sace_nivel/api_estacoes_situacao.php"
      },
      "geometry": {
        "type": "Point",
        "coordinates": [
          -54.26741,
          -28.35461
        ]
      }
    },
    {
      "type": "Feature",
      "properties": {
        "title": "Saudades | Normal",
        "nome": "Saudades",
        "sigla_pm": "",
        "tipo": "SGB",
        "categoria": "Estação hidrológica",
        "status": "Normal",
        "severity_group": "normal",
        "is_active": false,
        "bacia": "uruguai",
        "descricao": "Bacia: uruguai",
        "updated_at": "2026-10-08T16:58:00.557109+00:00",
        "link": "https://www.sgb.gov.br/sace/sace_nivel/api_estacoes_situacao.php"
      },
      "geometry": {
        "type": "Point",
        "coordinates": [
          -53.0089,
          -26.9244
        ]
      }
    },
    {
      "type": "Feature",
      "properties": {
        "title": "Tangará | Normal",
        "nome": "Tangará",
        "sigla_pm": "",
        "tipo": "SGB",
        "categoria": "Estação hidrológica",
        "status": "Normal",
        "severity_group": "normal",
        "is_active": false,
        "bacia": "uruguai",
        "descricao": "Bacia: uruguai",
        "updated_at": "2026-10-08T16:58:00.557113+00:00",
        "link": "https://www.sgb.gov.br/sace/sace_nivel/api_estacoes_situacao.php"
      },
      "geometry": {
        "type": "Point",
        "coordinates": [
          -51.2581,
          -27.0881
        ]
      }
    },
    {
      "type": "Feature",
      "properties": {
        "title": "Uruguaiana | Cota de inundação",
        "nome": "Uruguaiana",
        "sigla_pm": "",
        "tipo": "SGB",
        "categoria": "Estação hidrológica",
        "status": "Cota de inundação",
        "severity_group": "outro",
        "is_active": false,
        "bacia": "uruguai",
        "descricao": "Bacia: uruguai",
        "updated_at": "2026-10-08T16:58:00.557117+00:00",
        "link": "https://www.sgb.gov.br/sace/sace_nivel/api_estacoes_situacao.php"
      },
      "geometry": {
        "type": "Point",
        "coordinates": [
          -57.08944,
          -29.74805
        ]
      }
    },
    {
      "type": "Feature",
      "properties": {
        "title": "Vacaria | Normal",
        "nome": "Vacaria",
        "sigla_pm": "",
        "tipo": "SGB",
        "categoria": "Estação hidrológica",
        "status": "Normal",
        "severity_group": "normal",
        "is_active": false,
        "bacia": "uruguai",
        "descricao": "Bacia: uruguai",
        "updated_at": "2026-10-08T16:58:00.557121+00:00",
        "link": "https://www.sgb.gov.br/sace/sace_nivel/api_estacoes_situacao.php"
      },
      "geometry": {
        "type": "Point",
        "coordinates": [
          -50.9361,
          -28.4897
        ]
      }
    },
    {
      "type": "Feature",
      "properties": {
        "title": "Vila Canoas | Normal",
        "nome": "Vila Canoas",
        "sigla_pm": "",
        "tipo": "SGB",
        "categoria": "Estação hidrológica",
        "status": "Normal",
        "severity_group": "normal",
        "is_active": false,
        "bacia": "uruguai",
        "descricao": "Bacia: uruguai",
        "updated_at": "2026-10-08T16:58:00.557128+00:00",
        "link": "https://www.sgb.gov.br/sace/sace_nivel/api_estacoes_situacao.php"
      },
      "geometry": {
        "type": "Point",
        "coordinates": [
          -49.7786,
          -27.8028
        ]
      }
    },
    {
      "type": "Feature",
      "properties": {
        "title": "Jequitibá | Normal",
        "nome": "Jequitibá",
        "sigla_pm": "",
        "tipo": "SGB",
        "categoria": "Estação hidrológica",
        "status": "Normal",
        "severity_group": "normal",
        "is_active": false,
        "bacia": "velhas",
        "descricao": "Bacia: velhas",
        "updated_at": "2026-10-08T16:58:00.557132+00:00",
        "link": "https://www.sgb.gov.br/sace/sace_nivel/api_estacoes_situacao.php"
      },
      "geometry": {
        "type": "Point",
        "coordinates": [
          -44.02073,
          -19.23555
        ]
      }
    },
    {
      "type": "Feature",
      "properties": {
        "title": "Ponte Raul Soares | Normal",
        "nome": "Ponte Raul Soares",
        "sigla_pm": "",
        "tipo": "SGB",
        "categoria": "Estação hidrológica",
        "status": "Normal",
        "severity_group": "normal",
        "is_active": false,
        "bacia": "velhas",
        "descricao": "Bacia: velhas",
        "updated_at": "2026-10-08T16:58:00.557136+00:00",
        "link": "https://www.sgb.gov.br/sace/sace_nivel/api_estacoes_situacao.php"
      },
      "geometry": {
        "type": "Point",
        "coordinates": [
          -43.91111,
          -19.55972
        ]
      }
    },
    {
      "type": "Feature",
      "properties": {
        "title": "Ponte do Licínio | Normal",
        "nome": "Ponte do Licínio",
        "sigla_pm": "",
        "tipo": "SGB",
        "categoria": "Estação hidrológica",
        "status": "Normal",
        "severity_group": "normal",
        "is_active": false,
        "bacia": "velhas",
        "descricao": "Bacia: velhas",
        "updated_at": "2026-10-08T16:58:00.557141+00:00",
        "link": "https://www.sgb.gov.br/sace/sace_nivel/api_estacoes_situacao.php"
      },
      "geometry": {
        "type": "Point",
        "coordinates": [
          -44.19282,
          -18.67196
        ]
      }
    },
    {
      "type": "Feature",
      "properties": {
        "title": "Presidente Juscelino | Normal",
        "nome": "Presidente Juscelino",
        "sigla_pm": "",
        "tipo": "SGB",
        "categoria": "Estação hidrológica",
        "status": "Normal",
        "severity_group": "normal",
        "is_active": false,
        "bacia": "velhas",
        "descricao": "Bacia: velhas",
        "updated_at": "2026-10-08T16:58:00.557145+00:00",
        "link": "https://www.sgb.gov.br/sace/sace_nivel/api_estacoes_situacao.php"
      },
      "geometry": {
        "type": "Point",
        "coordinates": [
          -44.05034,
          -18.64586
        ]
      }
    },
    {
      "type": "Feature",
      "properties": {
        "title": "Raposos | Normal",
        "nome": "Raposos",
        "sigla_pm": "",
        "tipo": "SGB",
        "categoria": "Estação hidrológica",
        "status": "Normal",
        "severity_group": "normal",
        "is_active": false,
        "bacia": "velhas",
        "descricao": "Bacia: velhas",
        "updated_at": "2026-10-08T16:58:00.557150+00:00",
        "link": "https://www.sgb.gov.br/sace/sace_nivel/api_estacoes_situacao.php"
      },
      "geometry": {
        "type": "Point",
        "coordinates": [
          -43.80686,
          -19.96327
        ]
      }
    },
    {
      "type": "Feature",
      "properties": {
        "title": "Rio Acima | Normal",
        "nome": "Rio Acima",
        "sigla_pm": "",
        "tipo": "SGB",
        "categoria": "Estação hidrológica",
        "status": "Normal",
        "severity_group": "normal",
        "is_active": false,
        "bacia": "velhas",
        "descricao": "Bacia: velhas",
        "updated_at": "2026-10-08T16:58:00.557154+00:00",
        "link": "https://www.sgb.gov.br/sace/sace_nivel/api_estacoes_situacao.php"
      },
      "geometry": {
        "type": "Point",
        "coordinates": [
          -43.79194,
          -20.09194
        ]
      }
    },
    {
      "type": "Feature",
      "properties": {
        "title": "Santo Hipólito | Normal",
        "nome": "Santo Hipólito",
        "sigla_pm": "",
        "tipo": "SGB",
        "categoria": "Estação hidrológica",
        "status": "Normal",
        "severity_group": "normal",
        "is_active": false,
        "bacia": "velhas",
        "descricao": "Bacia: velhas",
        "updated_at": "2026-10-08T16:58:00.557160+00:00",
        "link": "https://www.sgb.gov.br/sace/sace_nivel/api_estacoes_situacao.php"
      },
      "geometry": {
        "type": "Point",
        "coordinates": [
          -44.22583,
          -18.30611
        ]
      }
    },
    {
      "type": "Feature",
      "properties": {
        "title": "Varzea da Palma | Normal",
        "nome": "Varzea da Palma",
        "sigla_pm": "",
        "tipo": "SGB",
        "categoria": "Estação hidrológica",
        "status": "Normal",
        "severity_group": "normal",
        "is_active": false,
        "bacia": "velhas",
        "descricao": "Bacia: velhas",
        "updated_at": "2026-10-08T16:58:00.557163+00:00",
        "link": "https://www.sgb.gov.br/sace/sace_nivel/api_estacoes_situacao.php"
      },
      "geometry": {
        "type": "Point",
        "coordinates": [
          -44.7148,
          -17.59
        ]
      }
    },
    {
      "type": "Feature",
      "properties": {
        "title": "18460000 - Boa Sorte | Normal",
        "nome": "18460000 - Boa Sorte",
        "sigla_pm": "",
        "tipo": "SGB",
        "categoria": "Estação hidrológica",
        "status": "Normal",
        "severity_group": "normal",
        "is_active": false,
        "bacia": "xingu",
        "descricao": "Bacia: xingu",
        "updated_at": "2026-10-08T16:58:00.557167+00:00",
        "link": "https://www.sgb.gov.br/sace/sace_nivel/api_estacoes_situacao.php"
      },
      "geometry": {
        "type": "Point",
        "coordinates": [
          -51.99488,
          -6.73505
        ]
      }
    },
    {
      "type": "Feature",
      "properties": {
        "title": "18500000 - Boa Esperança | Normal",
        "nome": "18500000 - Boa Esperança",
        "sigla_pm": "",
        "tipo": "SGB",
        "categoria": "Estação hidrológica",
        "status": "Normal",
        "severity_group": "normal",
        "is_active": false,
        "bacia": "xingu",
        "descricao": "Bacia: xingu",
        "updated_at": "2026-10-08T16:58:00.557174+00:00",
        "link": "https://www.sgb.gov.br/sace/sace_nivel/api_estacoes_situacao.php"
      },
      "geometry": {
        "type": "Point",
        "coordinates": [
          -51.76983,
          -6.74126
        ]
      }
    },
    {
      "type": "Feature",
      "properties": {
        "title": "18700000 - PEDRA DO Ó | Normal",
        "nome": "18700000 - PEDRA DO Ó",
        "sigla_pm": "",
        "tipo": "SGB",
        "categoria": "Estação hidrológica",
        "status": "Normal",
        "severity_group": "normal",
        "is_active": false,
        "bacia": "xingu",
        "descricao": "Bacia: xingu",
        "updated_at": "2026-10-08T16:58:00.557177+00:00",
        "link": "https://www.sgb.gov.br/sace/sace_nivel/api_estacoes_situacao.php"
      },
      "geometry": {
        "type": "Point",
        "coordinates": [
          -54.0131,
          -4.5329
        ]
      }
    },
    {
      "type": "Feature",
      "properties": {
        "title": "18850000 - Altamira | Normal",
        "nome": "18850000 - Altamira",
        "sigla_pm": "",
        "tipo": "SGB",
        "categoria": "Estação hidrológica",
        "status": "Normal",
        "severity_group": "normal",
        "is_active": false,
        "bacia": "xingu",
        "descricao": "Bacia: xingu",
        "updated_at": "2026-10-08T16:58:00.557181+00:00",
        "link": "https://www.sgb.gov.br/sace/sace_nivel/api_estacoes_situacao.php"
      },
      "geometry": {
        "type": "Point",
        "coordinates": [
          -52.21227,
          -3.21461
        ]
      }
    },
    {
      "type": "Feature",
      "properties": {
        "title": "18935000 - UHE Belo Monte Jusante | Normal",
        "nome": "18935000 - UHE Belo Monte Jusante",
        "sigla_pm": "",
        "tipo": "SGB",
        "categoria": "Estação hidrológica",
        "status": "Normal",
        "severity_group": "normal",
        "is_active": false,
        "bacia": "xingu",
        "descricao": "Bacia: xingu",
        "updated_at": "2026-10-08T16:58:00.557186+00:00",
        "link": "https://www.sgb.gov.br/sace/sace_nivel/api_estacoes_situacao.php"
      },
      "geometry": {
        "type": "Point",
        "coordinates": [
          -51.92058,
          -2.91653
        ]
      }
    },
    {
      "type": "Feature",
      "properties": {
        "title": "18936000 - Vitória do Xingu | Normal",
        "nome": "18936000 - Vitória do Xingu",
        "sigla_pm": "",
        "tipo": "SGB",
        "categoria": "Estação hidrológica",
        "status": "Normal",
        "severity_group": "normal",
        "is_active": false,
        "bacia": "xingu",
        "descricao": "Bacia: xingu",
        "updated_at": "2026-10-08T16:58:00.557190+00:00",
        "link": "https://www.sgb.gov.br/sace/sace_nivel/api_estacoes_situacao.php"
      },
      "geometry": {
        "type": "Point",
        "coordinates": [
          -52.0117,
          -2.8812
        ]
      }
    },
    {
      "type": "Feature",
      "properties": {
        "title": "18938001 - Souzel | Normal",
        "nome": "18938001 - Souzel",
        "sigla_pm": "",
        "tipo": "SGB",
        "categoria": "Estação hidrológica",
        "status": "Normal",
        "severity_group": "normal",
        "is_active": false,
        "bacia": "xingu",
        "descricao": "Bacia: xingu",
        "updated_at": "2026-10-08T16:58:00.557198+00:00",
        "link": "https://www.sgb.gov.br/sace/sace_nivel/api_estacoes_situacao.php"
      },
      "geometry": {
        "type": "Point",
        "coordinates": [
          -51.9545,
          -2.6219
        ]
      }
    },
    {
      "type": "Feature",
      "properties": {
        "title": "18950003 - Porto de Moz | Normal",
        "nome": "18950003 - Porto de Moz",
        "sigla_pm": "",
        "tipo": "SGB",
        "categoria": "Estação hidrológica",
        "status": "Normal",
        "severity_group": "normal",
        "is_active": false,
        "bacia": "xingu",
        "descricao": "Bacia: xingu",
        "updated_at": "2026-10-08T16:58:00.557201+00:00",
        "link": "https://www.sgb.gov.br/sace/sace_nivel/api_estacoes_situacao.php"
      },
      "geometry": {
        "type": "Point",
        "coordinates": [
          -52.24003,
          -1.7521
        ]
      }
    }
  ]
}